{"version":"0.4","title":"Accordion","type":"section","content":[{"id":"65cd94fb","settings":{"margin":{"unit":"px","top":"","right":0,"bottom":"","left":0,"isLinked":true},"padding":{"unit":"px","top":"120","right":"0","bottom":"120","left":"0","isLinked":false}},"elements":[{"id":"7586110","settings":{"_column_size":100,"_inline_size":null,"align":"center","align_mobile":"center"},"elements":[{"id":"4a255cbc","settings":{"title":"Why list your property with us","align":"center","title_color":"#484848","typography_typography":"custom","typography_font_size":{"unit":"px","size":26,"sizes":[]},"typography_font_weight":"600","typography_line_height":{"unit":"px","size":28,"sizes":[]},"_margin":{"unit":"px","top":"0","right":"0","bottom":"0","left":"0","isLinked":false},"typography_font_family":"Roboto","align_mobile":"center","_animation":"fadeIn","_animation_delay":200},"elements":[],"isInner":false,"widgetType":"heading","elType":"widget"},{"id":"62d748ec","settings":{"title":"The most trendy accommodations available\u200b","header_size":"p","align":"center","title_color":"#5D6475","typography_typography":"custom","typography_font_size":{"unit":"px","size":15,"sizes":[]},"typography_font_weight":"400","typography_font_family":"Roboto","typography_letter_spacing":{"unit":"px","size":0.5,"sizes":[]},"align_mobile":"center","typography_line_height":{"unit":"em","size":1.399999999999999911182158029987476766109466552734375,"sizes":[]},"_animation":"fadeIn","_animation_delay":200},"elements":[],"isInner":false,"widgetType":"heading","elType":"widget"},{"id":"67f6e0ae","settings":{"space":{"unit":"px","size":45,"sizes":[]}},"elements":[],"isInner":false,"widgetType":"spacer","elType":"widget"},{"id":"5976f542","settings":{"structure":"20"},"elements":[{"id":"1f35adb1","settings":{"_column_size":50,"_inline_size":null,"margin":{"unit":"px","top":"0","right":"45","bottom":"0","left":"0","isLinked":false}},"elements":[{"id":"4a09b4eb","settings":{"accordions":[{"accordion_title":"Free Submission","accordion_content":"Lorem ipsum dolor sit amet, consectetur adipiscing elit. Ut elit tellus, luctus nec ullamcorper mattis, pulvinar dapibus leo.","_id":"8e9cd76","accordion_icon":{"url":"http:\/\/devmerentals.wpestate.info\/wp-content\/uploads\/2020\/07\/bed2.svg","id":38197}},{"accordion_title":"Free Photoshoot","accordion_content":"Lorem ipsum dolor sit amet, consectetur adipiscing elit. Ut elit tellus, luctus nec ullamcorper mattis, pulvinar dapibus leo.","_id":"9dd5635","accordion_icon":{"url":"http:\/\/devmerentals.wpestate.info\/wp-content\/uploads\/2020\/07\/media_room.svg","id":38088}},{"accordion_title":"360 Virtual Tour","accordion_content":"Lorem ipsum dolor sit amet, consectetur adipiscing elit. Ut elit tellus, luctus nec ullamcorper mattis, pulvinar dapibus leo.","accordion_icon":{"url":"http:\/\/devmerentals.wpestate.info\/wp-content\/uploads\/2020\/07\/back_yard.svg","id":38106},"_id":"f4647f2"}],"accordion_active_color":"#E657C8"},"elements":[],"isInner":false,"widgetType":"WpRentals_Accordions","elType":"widget"}],"isInner":true,"elType":"column"},{"id":"828a6bb","settings":{"_column_size":50,"_inline_size":null},"elements":[{"id":"4f01cc9b","settings":{"youtube_url":"https:\/\/www.youtube.com\/watch?v=XHOmBV4js_E","vimeo_url":"https:\/\/vimeo.com\/235215203","dailymotion_url":"https:\/\/www.dailymotion.com\/video\/x6tqhqb"},"elements":[],"isInner":false,"widgetType":"video","elType":"widget"}],"isInner":true,"elType":"column"}],"isInner":true,"elType":"section"}],"isInner":false,"elType":"column"}],"isInner":false,"elType":"section"}]}