{"content":[{"id":"7dfd0b38","settings":{"layout":"full_width","stretch_section":"section-stretched","background_background":"classic","background_color":"#FFFFFF","padding":{"unit":"px","top":"0","right":"120","bottom":"0","left":"120","isLinked":false},"gap":"no","margin":{"unit":"px","top":"0","right":0,"bottom":"0","left":0,"isLinked":false},"padding_tablet":{"unit":"%","top":"5","right":"5","bottom":"0","left":"5","isLinked":false},"border_radius_mobile":{"unit":"px","top":"0","right":"0","bottom":"0","left":"0","isLinked":true},"padding_mobile":{"unit":"px","top":"0","right":"0","bottom":"0","left":"0","isLinked":false},"z_index_mobile":99},"elements":[{"id":"59fc1022","settings":{"_column_size":100,"_inline_size":null,"border_radius_mobile":{"unit":"px","top":"0","right":"0","bottom":"0","left":"0","isLinked":true}},"elements":[{"id":"45ebe494","settings":{"layout":"full_width","height_inner":"min-height","custom_height_inner":{"unit":"px","size":720,"sizes":[]},"structure":"30","background_background":"video","background_color":"#DDDDDD","background_image":{"url":"https:\/\/cancun.wprentals.org\/wp-content\/uploads\/2021\/08\/pexels-asad-photo-maldives-1591370.jpg","id":35519,"alt":"","source":"library"},"background_position":"bottom center","background_xpos":{"unit":"px","size":50,"sizes":[]},"background_repeat":"no-repeat","background_size":"cover","background_overlay_background":"gradient","background_overlay_color":"#0A0A0A21","background_overlay_opacity":{"unit":"px","size":0.34999999999999997779553950749686919152736663818359375,"sizes":[]},"border_radius":{"unit":"px","top":"30","right":"30","bottom":"30","left":"30","isLinked":true},"padding":{"unit":"px","top":"0","right":"0","bottom":"0","left":"0","isLinked":true},"background_overlay_color_b":"#00000063","background_overlay_gradient_angle":{"unit":"deg","size":210,"sizes":[]},"overflow":"hidden","background_video_link":"https:\/\/cancun.wprentals.org\/wp-content\/uploads\/2021\/09\/opt-pexels-nancy-dimaguila-6592373-1.mp4","box_shadow_box_shadow_type":"yes","box_shadow_box_shadow":{"horizontal":0,"vertical":27,"blur":30,"spread":-9,"color":"rgba(0, 0, 0, 0.07)"},"background_video_fallback":{"url":"https:\/\/cancun.wprentals.org\/wp-content\/uploads\/2021\/09\/image_for_header_video_opt.jpeg","id":36333,"alt":"","source":"library"},"border_radius_mobile":{"unit":"px","top":"0","right":"0","bottom":"0","left":"0","isLinked":true},"padding_mobile":{"unit":"%","top":"0","right":"0","bottom":"0","left":"0","isLinked":false}},"elements":[{"id":"2884c429","settings":{"_column_size":33,"_inline_size":15,"content_position":"center","align":"center","space_between_widgets":7,"background_background":"classic","padding":{"unit":"px","top":"0","right":"0","bottom":"0","left":"0","isLinked":false}},"elements":[],"isInner":true,"elType":"column"},{"id":"5424de43","settings":{"_column_size":33,"_inline_size":69.332999999999998408384271897375583648681640625,"content_position":"center","align":"center","background_background":"classic","background_image":{"url":"","id":"","alt":"","source":"library"},"padding_mobile":{"unit":"px","top":"200","right":"0","bottom":"220","left":"0","isLinked":false},"z_index_mobile":99999},"elements":[{"id":"533880f","settings":{"title":"Book your trip to Cancun","align":"left","title_color":"#FFFFFF","typography_typography":"custom","typography_font_family":"Roboto","typography_font_size":{"unit":"px","size":65,"sizes":[]},"typography_font_weight":"500","typography_line_height":{"unit":"em","size":1.1999999999999999555910790149937383830547332763671875,"sizes":[]},"text_shadow_text_shadow_type":"yes","text_shadow_text_shadow":{"horizontal":1,"vertical":1,"blur":10,"color":"rgba(0, 0, 0, 0.52)"},"_margin":{"unit":"px","top":"0","right":"0","bottom":"10","left":"0","isLinked":false},"align_mobile":"center","typography_font_size_mobile":{"unit":"px","size":45,"sizes":[]}},"elements":[],"isInner":false,"widgetType":"heading","elType":"widget"},{"id":"5cf0dfb9","settings":{"_border_radius":{"unit":"px","top":"15","right":"15","bottom":"15","left":"15","isLinked":true},"box_shadow_box_shadow":{"horizontal":54,"vertical":0,"blur":10,"spread":0,"color":"rgba(0,0,0,0.5)"},"unit_color":"#FFFFFF36","field_border_radius":{"unit":"px","top":"5","right":"5","bottom":"5","left":"5","isLinked":true}},"elements":[],"isInner":false,"widgetType":"Wprentals_Advanced_Search","elType":"widget"}],"isInner":true,"elType":"column"},{"id":"4b1c56a5","settings":{"_column_size":33,"_inline_size":15},"elements":[],"isInner":true,"elType":"column"}],"isInner":true,"elType":"section"}],"isInner":false,"elType":"column"}],"isInner":false,"elType":"section"},{"id":"11374896","settings":{"structure":"20","margin":{"unit":"px","top":"120","right":0,"bottom":"120","left":0,"isLinked":true},"animation":"fadeIn","animation_delay":200,"padding_tablet":{"unit":"%","top":"2","right":"2","bottom":"2","left":"2","isLinked":true}},"elements":[{"id":"2d2f7daf","settings":{"_column_size":50,"_inline_size":54.91199999999999903366187936626374721527099609375,"content_position":"center","padding":{"unit":"px","top":"0","right":"075","bottom":"0","left":"0","isLinked":false},"padding_mobile":{"unit":"px","top":"0","right":"0","bottom":"0","left":"0","isLinked":true}},"elements":[{"id":"2c4b3b09","settings":{"title":"We rent Amazing Holiday Villas <br>and Apartments in","title_color":"#222222","typography_typography":"custom","typography_font_family":"Roboto","typography_font_size":{"unit":"px","size":32,"sizes":[]},"typography_font_weight":"500","typography_line_height":{"unit":"em","size":1.3000000000000000444089209850062616169452667236328125,"sizes":[]},"align_mobile":"center"},"elements":[],"isInner":false,"widgetType":"heading","elType":"widget"},{"id":"5cebe9c4","settings":{"image":{"url":"https:\/\/cancun.wprentals.org\/wp-content\/uploads\/2021\/09\/cancun-2-1.png","id":35641,"alt":"","source":"library"},"image_size":"full","align":"left","width":{"unit":"%","size":50,"sizes":[]},"align_mobile":"center"},"elements":[],"isInner":false,"widgetType":"image","elType":"widget"},{"id":"7ba6d006","settings":{"editor":"<p>Take advantage of our Cancun Riviera Maya vacation packages and enjoy deluxe accommodations with us and white-sand beaches, along with easy access to the finest attractions this warm-weather haven has to offer<\/p>","text_color":"#3C3C3C","align_mobile":"center"},"elements":[],"isInner":false,"widgetType":"text-editor","elType":"widget"},{"id":"6e60eae","settings":{"text":"Visit Cancun","size":"md","background_color":"#48A8E2","align_mobile":"center"},"elements":[],"isInner":false,"widgetType":"button","elType":"widget"}],"isInner":false,"elType":"column"},{"id":"371890e0","settings":{"_column_size":50,"_inline_size":45.08800000000000096633812063373625278472900390625},"elements":[{"id":"7c8df981","settings":{"structure":"20"},"elements":[{"id":"734a2ffd","settings":{"_column_size":50,"_inline_size":47.969999999999998863131622783839702606201171875,"padding":{"unit":"px","top":"24","right":"0","bottom":"0","left":"36","isLinked":false},"content_position":"bottom","padding_mobile":{"unit":"px","top":"10","right":"10","bottom":"10","left":"10","isLinked":true}},"elements":[{"id":"7f58e292","settings":{"image":{"url":"https:\/\/cancun.wprentals.org\/wp-content\/uploads\/2021\/09\/content1-1.png","id":35645,"alt":"","source":"library"},"image_size":"full","image_border_radius":{"unit":"px","top":"60","right":"5","bottom":"5","left":"5","isLinked":false},"image_box_shadow_box_shadow_type":"yes","image_box_shadow_box_shadow":{"horizontal":0,"vertical":0,"blur":5,"spread":0,"color":"rgba(0, 0, 0, 0.2)"}},"elements":[],"isInner":false,"widgetType":"image","elType":"widget"}],"isInner":true,"elType":"column"},{"id":"8fe409","settings":{"_column_size":50,"_inline_size":51.9500000000000028421709430404007434844970703125,"content_position":"bottom","padding":{"unit":"px","top":"0","right":"0","bottom":"0","left":"0","isLinked":true},"margin_mobile":{"unit":"px","top":"0","right":"0","bottom":"0","left":"0","isLinked":true},"padding_mobile":{"unit":"px","top":"0","right":"0","bottom":"0","left":"0","isLinked":true}},"elements":[{"id":"7f1f225c","settings":{"image":{"url":"https:\/\/cancun.wprentals.org\/wp-content\/uploads\/2021\/09\/content2-1.png","id":35646,"alt":"","source":"library"},"image_size":"full","width":{"unit":"%","size":90,"sizes":[]},"image_border_radius":{"unit":"px","top":"5","right":"30","bottom":"5","left":"5","isLinked":false},"image_box_shadow_box_shadow_type":"yes","image_box_shadow_box_shadow":{"horizontal":0,"vertical":0,"blur":5,"spread":0,"color":"rgba(0, 0, 0, 0.2)"},"_padding_mobile":{"unit":"px","top":"0","right":"0","bottom":"0","left":"0","isLinked":false}},"elements":[],"isInner":false,"widgetType":"image","elType":"widget"}],"isInner":true,"elType":"column"}],"isInner":true,"elType":"section"},{"id":"41a072d2","settings":{"structure":"20"},"elements":[{"id":"85418d8","settings":{"_column_size":50,"_inline_size":38.5450000000000017053025658242404460906982421875,"padding":{"unit":"px","top":"10","right":"3","bottom":"0","left":"0","isLinked":false},"padding_mobile":{"unit":"px","top":"10","right":"10","bottom":"10","left":"10","isLinked":true}},"elements":[{"id":"1fa38b5c","settings":{"image":{"url":"https:\/\/cancun.wprentals.org\/wp-content\/uploads\/2021\/09\/content3-1.png","id":35647,"alt":"","source":"library"},"image_size":"full","image_border_radius":{"unit":"px","top":"5","right":"5","bottom":"5","left":"30","isLinked":false},"_padding":{"unit":"px","top":"0","right":"0","bottom":"0","left":"0","isLinked":true},"_border_radius":{"unit":"px","top":"5","right":"5","bottom":"5","left":"30","isLinked":false},"_box_shadow_box_shadow_type":"yes","_box_shadow_box_shadow":{"horizontal":0,"vertical":0,"blur":15,"spread":0,"color":"rgba(0, 0, 0, 0.2)"},"image_box_shadow_box_shadow_type":"yes","image_box_shadow_box_shadow":{"horizontal":0,"vertical":0,"blur":5,"spread":0,"color":"rgba(0, 0, 0, 0.2)"}},"elements":[],"isInner":false,"widgetType":"image","elType":"widget"}],"isInner":true,"elType":"column"},{"id":"8a8699a","settings":{"_column_size":50,"_inline_size":61.4549999999999982946974341757595539093017578125,"padding_mobile":{"unit":"px","top":"0","right":"10","bottom":"10","left":"10","isLinked":false}},"elements":[{"id":"3fa742f9","settings":{"image":{"url":"https:\/\/cancun.wprentals.org\/wp-content\/uploads\/2021\/09\/content4-1.png","id":35648,"alt":"","source":"library"},"image_size":"full","image_border_radius":{"unit":"px","top":"5","right":"5","bottom":"60","left":"5","isLinked":false},"image_box_shadow_box_shadow_type":"yes","image_box_shadow_box_shadow":{"horizontal":0,"vertical":0,"blur":5,"spread":0,"color":"rgba(0, 0, 0, 0.2)"}},"elements":[],"isInner":false,"widgetType":"image","elType":"widget"}],"isInner":true,"elType":"column"}],"isInner":true,"elType":"section"}],"isInner":false,"elType":"column"}],"isInner":false,"elType":"section"},{"id":"4a46453e","settings":{"stretch_section":"section-stretched","margin":{"unit":"px","top":"0","right":0,"bottom":"0","left":0,"isLinked":false},"padding":{"unit":"px","top":"0","right":"120","bottom":"0","left":"120","isLinked":false},"background_background":"classic","layout":"full_width","gap":"no","background_color":"#FFFFFF","padding_tablet":{"unit":"%","top":"0","right":"5","bottom":"0","left":"5","isLinked":false},"padding_mobile":{"unit":"%","top":"0","right":"0","bottom":"0","left":"0","isLinked":true}},"elements":[{"id":"3111df4","settings":{"_column_size":100,"_inline_size":null,"padding_mobile":{"unit":"%","top":"","right":"","bottom":"","left":"","isLinked":true}},"elements":[{"id":"3913788c","settings":{"height_inner":"min-height","custom_height_inner":{"unit":"px","size":"","sizes":[]},"background_background":"classic","background_color":"#F1F1F2","border_radius":{"unit":"px","top":"30","right":"30","bottom":"30","left":"30","isLinked":true},"background_overlay_background":"classic","background_overlay_image":{"url":"https:\/\/cancun.wprentals.org\/wp-content\/uploads\/2021\/09\/back1-1.jpg","id":35825,"alt":"","source":"library"},"background_overlay_position":"initial","background_overlay_xpos":{"unit":"vw","size":42,"sizes":[]},"background_overlay_attachment":"fixed","background_overlay_repeat":"repeat","background_overlay_opacity":{"unit":"px","size":0.0299999999999999988897769753748434595763683319091796875,"sizes":[]},"padding":{"unit":"px","top":"90","right":"0","bottom":"60","left":"0","isLinked":false}},"elements":[{"id":"188ed8b3","settings":{"_column_size":100,"_inline_size":null,"padding":{"unit":"px","top":"0","right":"0","bottom":"0","left":"0","isLinked":false},"margin":{"unit":"px","top":"0","right":"0","bottom":"0","left":"0","isLinked":true},"space_between_widgets":10,"padding_mobile":{"unit":"%","top":"5","right":"5","bottom":"5","left":"5","isLinked":true}},"elements":[{"id":"40a685e9","settings":{"title":"best prices guaranteed","align":"center","title_color":"#48A8E2","typography_typography":"custom","typography_font_family":"Satisfy","typography_font_size":{"unit":"px","size":31,"sizes":[]},"typography_font_weight":"500","typography_line_height":{"unit":"em","size":1.3000000000000000444089209850062616169452667236328125,"sizes":[]},"_margin":{"unit":"px","top":"0","right":"0","bottom":"0","left":"0","isLinked":false},"_animation":"fadeIn","_animation_delay":200},"elements":[],"isInner":false,"widgetType":"heading","elType":"widget"},{"id":"55ddfa4b","settings":{"title":"Amazing Villas on the Beach","align":"center","title_color":"#484848","typography_typography":"custom","typography_font_family":"Roboto","typography_font_size":{"unit":"px","size":34,"sizes":[]},"typography_font_weight":"500","typography_line_height":{"unit":"em","size":1.3000000000000000444089209850062616169452667236328125,"sizes":[]},"_margin":{"unit":"px","top":"0","right":"0","bottom":"45","left":"0","isLinked":false},"_animation":"fadeIn","_animation_delay":200},"elements":[],"isInner":false,"widgetType":"heading","elType":"widget"},{"id":"60a57b8","settings":{"number":"6","rownumber":3,"_padding":{"unit":"px","top":"0","right":"0","bottom":"0","left":"0","isLinked":true},"_offset_y":{"unit":"px","size":138,"sizes":[]},"_animation":"fadeIn","_animation_delay":200},"elements":[],"isInner":false,"widgetType":"Wprentals_Recent_Items","elType":"widget"}],"isInner":true,"elType":"column"}],"isInner":true,"elType":"section"}],"isInner":false,"elType":"column"}],"isInner":false,"elType":"section"},{"id":"389db0f2","settings":{"background_background":"classic","margin":{"unit":"px","top":"120","right":0,"bottom":"120","left":0,"isLinked":true},"padding":{"unit":"px","top":"0","right":"0","bottom":"0","left":"0","isLinked":false}},"elements":[{"id":"54532105","settings":{"_column_size":100,"_inline_size":null,"padding_mobile":{"unit":"px","top":"0","right":"0","bottom":"0","left":"0","isLinked":false}},"elements":[{"id":"30fef2d4","settings":{"structure":"30","padding_mobile":{"unit":"px","top":"0","right":"0","bottom":"0","left":"0","isLinked":false}},"elements":[{"id":"600988d8","settings":{"_column_size":33,"_inline_size":20},"elements":[],"isInner":true,"elType":"column"},{"id":"61dfc4bc","settings":{"_column_size":33,"_inline_size":59.332999999999998408384271897375583648681640625,"space_between_widgets":10},"elements":[{"id":"62b5a50a","settings":{"title":"best prices guaranteed","align":"center","title_color":"#48A8E2","typography_typography":"custom","typography_font_family":"Satisfy","typography_font_size":{"unit":"px","size":31,"sizes":[]},"typography_font_weight":"500","typography_line_height":{"unit":"em","size":1.3000000000000000444089209850062616169452667236328125,"sizes":[]},"_margin":{"unit":"px","top":"0","right":"0","bottom":"0","left":"0","isLinked":false},"_animation":"fadeIn","_animation_delay":200},"elements":[],"isInner":false,"widgetType":"heading","elType":"widget"},{"id":"62fe8d33","settings":{"title":"Luxury Rentals for Every Style","align":"center","title_color":"#484848","typography_typography":"custom","typography_font_family":"Roboto","typography_font_size":{"unit":"px","size":34,"sizes":[]},"typography_font_weight":"500","typography_line_height":{"unit":"em","size":1.3000000000000000444089209850062616169452667236328125,"sizes":[]},"_margin":{"unit":"px","top":"0","right":"0","bottom":"45","left":"0","isLinked":false},"_animation":"fadeIn","_animation_delay":200},"elements":[],"isInner":false,"widgetType":"heading","elType":"widget"}],"isInner":true,"elType":"column"},{"id":"6bdda267","settings":{"_column_size":33,"_inline_size":20},"elements":[],"isInner":true,"elType":"column"}],"isInner":true,"elType":"section"},{"id":"367bc4b7","settings":{"animation":"fadeIn","animation_delay":200},"elements":[{"id":"3696857b","settings":{"_column_size":100,"_inline_size":null},"elements":[{"id":"1bc2c4a","settings":{"wprentals_grid_type":"2","property_category":[],"hide_empty_taxonomy":"0","items_no":9,"item_border_radius":{"unit":"px","top":"5","right":"5","bottom":"5","left":"5","isLinked":true},"tax_title_typography":"custom"},"elements":[],"isInner":false,"widgetType":"Wprentals_Grids","elType":"widget"}],"isInner":true,"elType":"column"}],"isInner":true,"elType":"section"}],"isInner":false,"elType":"column"}],"isInner":false,"elType":"section"},{"id":"22010225","settings":{"layout":"full_width","stretch_section":"section-stretched","background_background":"classic","background_color":"#F1F1F2","background_overlay_background":"classic","background_overlay_image":{"url":"https:\/\/cancun.wprentals.org\/wp-content\/uploads\/2021\/09\/back1-1.jpg","id":35825,"alt":"","source":"library"},"background_overlay_attachment":"fixed","background_overlay_opacity":{"unit":"px","size":0.0299999999999999988897769753748434595763683319091796875,"sizes":[]},"padding":{"unit":"px","top":"90","right":"0","bottom":"90","left":"0","isLinked":false}},"elements":[{"id":"744516d8","settings":{"_column_size":100,"_inline_size":null},"elements":[{"id":"4dfeeaf","settings":{"structure":"30","margin":{"unit":"px","top":"0","right":0,"bottom":"30","left":0,"isLinked":false}},"elements":[{"id":"613a9763","settings":{"_column_size":33,"_inline_size":20},"elements":[],"isInner":true,"elType":"column"},{"id":"7efb67a5","settings":{"_column_size":33,"_inline_size":59.332999999999998408384271897375583648681640625},"elements":[{"id":"2e5a2eac","settings":{"title":"Some words from our happy guests","align":"center","title_color":"#484848","typography_typography":"custom","typography_font_family":"Satisfy","typography_font_size":{"unit":"px","size":45,"sizes":[]},"typography_font_weight":"400","typography_line_height":{"unit":"em","size":1.3000000000000000444089209850062616169452667236328125,"sizes":[]},"_margin":{"unit":"px","top":"30","right":"0","bottom":"30","left":"0","isLinked":false}},"elements":[],"isInner":false,"widgetType":"heading","elType":"widget"}],"isInner":true,"elType":"column"},{"id":"389ef29c","settings":{"_column_size":33,"_inline_size":20},"elements":[],"isInner":true,"elType":"column"}],"isInner":true,"elType":"section"},{"id":"44ae35e1","settings":{"structure":"50","layout":"full_width","gap":"custom","gap_columns_custom":{"unit":"px","size":15,"sizes":[]},"content_position":"middle"},"elements":[{"id":"533a69c5","settings":{"_column_size":20,"_inline_size":null,"_inline_size_tablet":100,"animation":"fadeIn","animation_delay":200},"elements":[{"id":"33fb1118","settings":{"client_name":"Gina Roscoe","title_client":"from Florida","imagelinks":{"id":36039,"url":"https:\/\/cancun.wprentals.org\/wp-content\/uploads\/2021\/09\/happy2-e1592465720498.jpg","alt":"","source":"library"},"testimonial_text":"Excellent experience.  We appreciated the kindness of the owner. We will do it again!","_animation":"none","_animation_delay":200,"testimonials_type":"2","testimonial_type":"2","stars_client":"5"},"elements":[],"isInner":false,"widgetType":"WpRentals_Testimonial","elType":"widget"}],"isInner":true,"elType":"column"},{"id":"61168c35","settings":{"_column_size":20,"_inline_size":null,"space_between_widgets":4,"content_position":"top","_inline_size_tablet":100,"animation":"fadeIn","animation_delay":300,"space_between_widgets_tablet":26},"elements":[{"id":"63597c17","settings":{"client_name":"Jay Simon","title_client":"from New York","imagelinks":{"id":36037,"url":"https:\/\/cancun.wprentals.org\/wp-content\/uploads\/2021\/09\/smile.jpg","alt":"","source":"library"},"testimonial_text":"Absolutely loved this place, wonderful villa, wonderful beach and pool area. The place is really impressive. ","_animation":"none","_animation_delay":200,"testimonials_type":"2","testimonial_type":"2","stars_client":"5","_margin":{"unit":"px","top":"0","right":"0","bottom":"0","left":"0","isLinked":false}},"elements":[],"isInner":false,"widgetType":"WpRentals_Testimonial","elType":"widget"},{"id":"60c9f63f","settings":{"client_name":"Anna Simons","title_client":"from Portugal","imagelinks":{"id":36038,"url":"https:\/\/cancun.wprentals.org\/wp-content\/uploads\/2021\/09\/happy-1.jpg","alt":"","source":"library"},"testimonial_text":"The place is really impressive. I am in love with it, it is wonderful villa, wonderful beach and pool area. ","_animation":"none","_animation_delay":200,"testimonials_type":"2","testimonial_type":"2","stars_client":"5"},"elements":[],"isInner":false,"widgetType":"WpRentals_Testimonial","elType":"widget"}],"isInner":true,"elType":"column"},{"id":"3659a62c","settings":{"_column_size":20,"_inline_size":null,"_inline_size_tablet":100,"animation":"fadeIn","animation_delay":400},"elements":[{"id":"5813d7d9","settings":{"client_name":"Emily Bosch","title_client":"from Italy","imagelinks":{"id":36042,"url":"https:\/\/cancun.wprentals.org\/wp-content\/uploads\/2021\/09\/woman3.jpg","alt":"","source":"library"},"testimonial_text":"Room with all the facilities.We enjoyed the balcony very much. The bathroom is very clean and spacious. ","_animation":"none","_animation_delay":200,"testimonials_type":"2","testimonial_type":"2","stars_client":"5"},"elements":[],"isInner":false,"widgetType":"WpRentals_Testimonial","elType":"widget"}],"isInner":true,"elType":"column"},{"id":"4e11293c","settings":{"_column_size":20,"_inline_size":null,"_inline_size_tablet":100,"animation":"fadeIn","animation_delay":500,"space_between_widgets":4,"space_between_widgets_tablet":26},"elements":[{"id":"285c940f","settings":{"client_name":"Jane Smith","title_client":"from Mexico","imagelinks":{"id":36040,"url":"https:\/\/cancun.wprentals.org\/wp-content\/uploads\/2021\/09\/profile2.jpg","alt":"","source":"library"},"testimonial_text":"Great location, nice food, and extremely comfortable rooms.\nGreat value for money!","_animation":"none","_animation_delay":200,"testimonials_type":"2","testimonial_type":"2","stars_client":"5"},"elements":[],"isInner":false,"widgetType":"WpRentals_Testimonial","elType":"widget"},{"id":"1f6843e6","settings":{"client_name":"Tania Smith","title_client":"from Belgium","imagelinks":{"id":36041,"url":"https:\/\/cancun.wprentals.org\/wp-content\/uploads\/2021\/09\/profile4.jpg","alt":"","source":"library"},"testimonial_text":"With Praslin Villa I can run plan my holidays without worries. I can browse the site easily and book instantly.","_animation":"none","_animation_delay":200,"testimonials_type":"2","testimonial_type":"2","stars_client":"5"},"elements":[],"isInner":false,"widgetType":"WpRentals_Testimonial","elType":"widget"}],"isInner":true,"elType":"column"},{"id":"57e86ab7","settings":{"_column_size":20,"_inline_size":null,"space_between_widgets":14,"_inline_size_tablet":100,"animation":"fadeIn","animation_delay":600},"elements":[{"id":"3dc81b0e","settings":{"client_name":"Victoria Smith","title_client":"from Poland","imagelinks":{"id":36044,"url":"https:\/\/cancun.wprentals.org\/wp-content\/uploads\/2021\/09\/woman2.jpg","alt":"","source":"library"},"testimonial_text":"An amazing place with a great beach! Located in a very peaceful area. Enjoyed the comfortable room with a beautiful view.","_animation":"fadeIn","_animation_delay":200,"testimonials_type":"2","testimonial_type":"2","stars_client":"5"},"elements":[],"isInner":false,"widgetType":"WpRentals_Testimonial","elType":"widget"}],"isInner":true,"elType":"column"}],"isInner":true,"elType":"section"}],"isInner":false,"elType":"column"}],"isInner":false,"elType":"section"},{"id":"3c1bd9ed","settings":{"background_background":"classic","margin":{"unit":"px","top":"120","right":0,"bottom":"100","left":0,"isLinked":false},"padding":{"unit":"px","top":"0","right":"0","bottom":"0","left":"0","isLinked":false},"padding_mobile":{"unit":"px","top":"0","right":"0","bottom":"0","left":"0","isLinked":false}},"elements":[{"id":"70ad13f2","settings":{"_column_size":100,"_inline_size":null,"padding_mobile":{"unit":"px","top":"0","right":"0","bottom":"0","left":"0","isLinked":false}},"elements":[{"id":"23cdb15","settings":{"structure":"30"},"elements":[{"id":"1cceded1","settings":{"_column_size":33,"_inline_size":20},"elements":[],"isInner":true,"elType":"column"},{"id":"60c57930","settings":{"_column_size":33,"_inline_size":59.332999999999998408384271897375583648681640625,"space_between_widgets":10},"elements":[{"id":"d338b0f","settings":{"title":"trusted by millions","align":"center","title_color":"#48A8E2","typography_typography":"custom","typography_font_family":"Satisfy","typography_font_size":{"unit":"px","size":31,"sizes":[]},"typography_font_weight":"500","typography_line_height":{"unit":"em","size":1.3000000000000000444089209850062616169452667236328125,"sizes":[]},"_margin":{"unit":"px","top":"0","right":"0","bottom":"0","left":"0","isLinked":false},"_animation":"fadeIn","_animation_delay":200},"elements":[],"isInner":false,"widgetType":"heading","elType":"widget"},{"id":"249c9bd3","settings":{"title":"Verified Owners and Agencies","align":"center","title_color":"#484848","typography_typography":"custom","typography_font_family":"Roboto","typography_font_size":{"unit":"px","size":34,"sizes":[]},"typography_font_weight":"500","typography_line_height":{"unit":"em","size":1.3000000000000000444089209850062616169452667236328125,"sizes":[]},"_margin":{"unit":"px","top":"0","right":"0","bottom":"45","left":"0","isLinked":false},"_animation":"fadeIn","_animation_delay":200},"elements":[],"isInner":false,"widgetType":"heading","elType":"widget"}],"isInner":true,"elType":"column"},{"id":"e840fbd","settings":{"_column_size":33,"_inline_size":20},"elements":[],"isInner":true,"elType":"column"}],"isInner":true,"elType":"section"},{"id":"22eb749","settings":{"structure":"30"},"elements":[{"id":"d61a6a","settings":{"_column_size":33,"_inline_size":null},"elements":[{"id":"1715152a","settings":{"owner_id":"35978","design_type":"2","notes":"Verified and Superhost","_animation":"fadeIn","_animation_delay":200},"elements":[],"isInner":false,"widgetType":"Wprentals_Featured_Owner","elType":"widget"}],"isInner":true,"elType":"column"},{"id":"69f1feb","settings":{"_column_size":33,"_inline_size":null},"elements":[{"id":"38885c73","settings":{"owner_id":"35979","design_type":"2","notes":"Verified and Superhost","_animation":"fadeIn","_animation_delay":300},"elements":[],"isInner":false,"widgetType":"Wprentals_Featured_Owner","elType":"widget"}],"isInner":true,"elType":"column"},{"id":"27e80359","settings":{"_column_size":33,"_inline_size":null},"elements":[{"id":"4770ec94","settings":{"owner_id":"35980","design_type":"2","notes":"Verified and Superhost","_animation":"fadeIn","_animation_delay":400},"elements":[],"isInner":false,"widgetType":"Wprentals_Featured_Owner","elType":"widget"}],"isInner":true,"elType":"column"}],"isInner":true,"elType":"section"}],"isInner":false,"elType":"column"}],"isInner":false,"elType":"section"},{"id":"4712b7e4","settings":{"background_background":"classic","margin":{"unit":"px","top":"","right":0,"bottom":"","left":0,"isLinked":true},"padding":{"unit":"px","top":"0","right":"0","bottom":"0","left":"0","isLinked":false},"padding_mobile":{"unit":"px","top":"0","right":"0","bottom":"0","left":"0","isLinked":false}},"elements":[{"id":"73a02d62","settings":{"_column_size":100,"_inline_size":null,"padding_mobile":{"unit":"px","top":"0","right":"0","bottom":"0","left":"0","isLinked":false}},"elements":[{"id":"1633b7e6","settings":{"structure":"30","padding":{"unit":"px","top":"0","right":"0","bottom":"45","left":"0","isLinked":false}},"elements":[{"id":"21d96657","settings":{"_column_size":33,"_inline_size":20},"elements":[],"isInner":true,"elType":"column"},{"id":"5902b21a","settings":{"_column_size":33,"_inline_size":59.332999999999998408384271897375583648681640625,"space_between_widgets":10},"elements":[{"id":"3902722d","settings":{"title":"complete travel guide","align":"center","title_color":"#48A8E2","typography_typography":"custom","typography_font_family":"Satisfy","typography_font_size":{"unit":"px","size":31,"sizes":[]},"typography_font_weight":"500","typography_line_height":{"unit":"em","size":1.3000000000000000444089209850062616169452667236328125,"sizes":[]},"_margin":{"unit":"px","top":"0","right":"0","bottom":"0","left":"0","isLinked":false},"_animation":"fadeIn","_animation_delay":200},"elements":[],"isInner":false,"widgetType":"heading","elType":"widget"},{"id":"19d46447","settings":{"title":"Plan your Vacation to Cancun","align":"center","title_color":"#484848","typography_typography":"custom","typography_font_family":"Roboto","typography_font_size":{"unit":"px","size":34,"sizes":[]},"typography_font_weight":"500","typography_line_height":{"unit":"em","size":1.3000000000000000444089209850062616169452667236328125,"sizes":[]},"_margin":{"unit":"px","top":"0","right":"0","bottom":"0","left":"0","isLinked":false},"_animation":"fadeIn","_animation_delay":200},"elements":[],"isInner":false,"widgetType":"heading","elType":"widget"}],"isInner":true,"elType":"column"},{"id":"4cd5ac9e","settings":{"_column_size":33,"_inline_size":20},"elements":[],"isInner":true,"elType":"column"}],"isInner":true,"elType":"section"},{"id":"7cc7a03f","settings":{"gap":"no","structure":"30","margin":{"unit":"px","top":"0","right":0,"bottom":"0","left":0,"isLinked":false}},"elements":[{"id":"43b038f1","settings":{"_column_size":33,"_inline_size":null,"_inline_size_tablet":100,"padding":{"unit":"px","top":"0","right":"5","bottom":"0","left":"0","isLinked":false}},"elements":[{"id":"67ef911b","settings":{"article_id":"220","_animation":"fadeIn","_animation_delay":200},"elements":[],"isInner":false,"widgetType":"Wprentals_Featured_Article","elType":"widget"}],"isInner":true,"elType":"column"},{"id":"235b6e50","settings":{"_column_size":33,"_inline_size":null,"_inline_size_tablet":100,"padding":{"unit":"px","top":"0","right":"5","bottom":"0","left":"5","isLinked":false},"padding_tablet":{"unit":"px","top":"10","right":"0","bottom":"0","left":"0","isLinked":false}},"elements":[{"id":"33db2c7e","settings":{"article_id":"230","_animation":"fadeIn","_animation_delay":300},"elements":[],"isInner":false,"widgetType":"Wprentals_Featured_Article","elType":"widget"}],"isInner":true,"elType":"column"},{"id":"13982b2d","settings":{"_column_size":33,"_inline_size":null,"_inline_size_tablet":100,"padding":{"unit":"px","top":"0","right":"0","bottom":"0","left":"5","isLinked":false},"padding_tablet":{"unit":"px","top":"010","right":"0","bottom":"0","left":"0","isLinked":false}},"elements":[{"id":"4533f690","settings":{"article_id":"240","_animation":"fadeIn","_animation_delay":400},"elements":[],"isInner":false,"widgetType":"Wprentals_Featured_Article","elType":"widget"}],"isInner":true,"elType":"column"}],"isInner":true,"elType":"section"}],"isInner":false,"elType":"column"}],"isInner":false,"elType":"section"},{"id":"464a57ee","settings":{"stretch_section":"section-stretched","margin":{"unit":"px","top":"120","right":0,"bottom":"120","left":0,"isLinked":true},"padding":{"unit":"px","top":"0","right":"120","bottom":"0","left":"120","isLinked":false},"background_background":"classic","layout":"full_width","gap":"no","padding_tablet":{"unit":"%","top":"0","right":"5","bottom":"0","left":"5","isLinked":false},"padding_mobile":{"unit":"px","top":"0","right":"0","bottom":"0","left":"0","isLinked":false}},"elements":[{"id":"58e6e49c","settings":{"_column_size":100,"_inline_size":null,"padding_tablet":{"unit":"%","top":"","right":"","bottom":"","left":"","isLinked":true}},"elements":[{"id":"2307e852","settings":{"height_inner":"min-height","custom_height_inner":{"unit":"px","size":"","sizes":[]},"background_background":"classic","background_color":"#F1F1F2","border_radius":{"unit":"px","top":"30","right":"30","bottom":"30","left":"30","isLinked":true},"structure":"20","background_overlay_background":"classic","background_overlay_image":{"url":"https:\/\/cancun.wprentals.org\/wp-content\/uploads\/2021\/09\/back1-1.jpg","id":35825,"alt":"","source":"library"},"background_overlay_attachment":"fixed","background_overlay_opacity":{"unit":"px","size":0.0299999999999999988897769753748434595763683319091796875,"sizes":[]},"padding":{"unit":"px","top":"90","right":"0","bottom":"90","left":"0","isLinked":false},"padding_tablet":{"unit":"%","top":"10","right":"3","bottom":"10","left":"3","isLinked":false},"padding_mobile":{"unit":"%","top":"20","right":"5","bottom":"20","left":"5","isLinked":false}},"elements":[{"id":"34a2a620","settings":{"_column_size":50,"_inline_size":40.52499999999999857891452847979962825775146484375,"padding":{"unit":"px","top":"0","right":"0","bottom":"0","left":"0","isLinked":false},"animation":"fadeIn","animation_delay":200,"_inline_size_tablet":50},"elements":[{"id":"1fe3cc3","settings":{"title":"Let's Get in Touch","title_color":"#484848","typography_typography":"custom","typography_font_family":"Roboto","typography_font_size":{"unit":"px","size":27,"sizes":[]},"typography_font_weight":"600","_margin":{"unit":"px","top":"0","right":"0","bottom":"15","left":"0","isLinked":false},"align_mobile":"center"},"elements":[],"isInner":false,"widgetType":"heading","elType":"widget"},{"id":"17e3a444","settings":{"form_fields":[{"_id":"name","field_type":"name","field_label":"Name","placeholder":"Name"},{"_id":"email","field_type":"email","required":"true","field_label":"Email","placeholder":"Email"},{"_id":"booking_from_date","field_type":"booking_from_date","field_label":"Check-in","placeholder":"Check-in","width":"50"},{"field_type":"booking_to_date","field_label":"Check-out","placeholder":"Check-out","width":"50","_id":"e429845"},{"_id":"message","field_type":"message","field_label":"Message","placeholder":"Message","required":"true"}],"gdpr_text":"I consent to the GDPR Terms","submit_button_text":"Send Email","email_subject":"New email from &quot;WpRentals Booking Accommodation Demo&quot; ","wpresidence_form_label_typography_typography":"custom","wpresidence_form_label_typography_font_family":"Roboto","wpresidence_form_label_typography_font_size":{"unit":"px","size":15,"sizes":[]},"wpresidence_form_label_typography_font_weight":"500","_padding":{"unit":"px","top":"31","right":"31","bottom":"31","left":"31","isLinked":true},"_background_background":"classic","_background_color":"#FFFFFF","_border_radius":{"unit":"px","top":"5","right":"5","bottom":"5","left":"5","isLinked":true},"submit_button_background_color":"#48A8E2","submit_button_background_hover_color":"#359DDD"},"elements":[],"isInner":false,"widgetType":"WpRentals_Contact_Form_Builder","elType":"widget"}],"isInner":true,"elType":"column"},{"id":"6a79ff35","settings":{"_column_size":50,"_inline_size":59.47500000000000142108547152020037174224853515625,"padding":{"unit":"px","top":"0","right":"0","bottom":"0","left":"60","isLinked":false},"animation":"fadeIn","animation_delay":200,"_inline_size_tablet":50,"padding_tablet":{"unit":"%","top":"0","right":"0","bottom":"0","left":"10","isLinked":false},"padding_mobile":{"unit":"%","top":"010","right":"0","bottom":"0","left":"0","isLinked":false}},"elements":[{"id":"2aec913c","settings":{"title":"Frequently Asked Questions","title_color":"#484848","typography_typography":"custom","typography_font_family":"Roboto","typography_font_size":{"unit":"px","size":27,"sizes":[]},"typography_font_weight":"600","_margin":{"unit":"px","top":"0","right":"0","bottom":"15","left":"0","isLinked":false},"align_mobile":"center"},"elements":[],"isInner":false,"widgetType":"heading","elType":"widget"},{"id":"9477d12","settings":{"accordions":[{"accordion_title":"How fast do you answer?","accordion_content":"<p>Lorem ipsum dolor sit amet, consectetur adipiscing elit. Ut elit tellus, luctus nec ullamcorper mattis, pulvinar dapibus leo.<\/p>","_id":"b292d38","accordion_icon":{"url":"https:\/\/cancun.wprentals.org\/wp-content\/uploads\/2021\/09\/email.svg","id":36157,"alt":"","source":"library"}},{"_id":"eababe6","accordion_title":"Do I need a car?","accordion_icon":{"url":"https:\/\/cancun.wprentals.org\/wp-content\/uploads\/2021\/09\/car3.svg","id":36156,"alt":"","source":"library"}},{"_id":"79e30ad","accordion_title":"What is the currency in Cancun?","accordion_icon":{"url":"https:\/\/cancun.wprentals.org\/wp-content\/uploads\/2021\/09\/currency.svg","id":36155,"alt":"","source":"library"},"accordion_content":"<p>Lorem ipsum dolor sit amet, consectetur adipiscing elit. Ut elit tellus, luctus nec ullamcorper mattis, pulvinar dapibus leo.<\/p>"},{"_id":"ba02ba5","accordion_title":"How is the weather?","accordion_icon":{"url":"https:\/\/cancun.wprentals.org\/wp-content\/uploads\/2021\/09\/information.svg","id":36153,"alt":"","source":"library"},"accordion_content":"<p>Lorem ipsum dolor sit amet, consectetur adipiscing elit. Ut elit tellus, luctus nec ullamcorper mattis, pulvinar dapibus leo.<\/p>"},{"accordion_title":"is it safe to travel to Canc\u00fan?","accordion_icon":{"url":"https:\/\/cancun.wprentals.org\/wp-content\/uploads\/2021\/09\/security.svg","id":36152,"alt":"","source":"library"},"accordion_content":"<p>Lorem ipsum dolor sit amet, consectetur adipiscing elit. Ut elit tellus, luctus nec ullamcorper mattis, pulvinar dapibus leo.<\/p>","_id":"e811133"}]},"elements":[],"isInner":false,"widgetType":"WpRentals_Accordions","elType":"widget"}],"isInner":true,"elType":"column"}],"isInner":true,"elType":"section"}],"isInner":false,"elType":"column"}],"isInner":false,"elType":"section"}],"page_settings":[],"version":"0.4","title":"cancun demo homepage","type":"page"}