{"version":"0.4","title":"Demo 1 Homepage in Elementor","type":"page","content":[{"id":"3ea546c8","settings":{"stretch_section":"section-stretched","height":"min-height","custom_height":{"unit":"px","size":"","sizes":[]},"background_background":"classic","background_color_b":"#C2DEF0","background_gradient_angle":{"unit":"deg","size":0,"sizes":[]},"background_position":"top center","background_attachment":"fixed","background_size":"cover","background_overlay_background":"classic","background_overlay_color_b":"#E2D1C3","background_overlay_position":"top center","background_overlay_attachment":"fixed","background_overlay_size":"cover","background_overlay_opacity":{"unit":"px","size":0.6999999999999999555910790149937383830547332763671875,"sizes":[]},"css_filters_css_filter":"custom","padding":{"unit":"px","top":"90","right":"0","bottom":"90","left":"0","isLinked":false},"padding_tablet":{"unit":"px","top":"45","right":"0","bottom":"45","left":"0","isLinked":false},"margin":{"unit":"px","top":"0","right":0,"bottom":"0","left":0,"isLinked":false}},"elements":[{"id":"42a24833","settings":{"_column_size":100,"_inline_size":null,"space_between_widgets":0,"margin":{"unit":"px","top":"0","right":"0","bottom":"0","left":"0","isLinked":false},"padding":{"unit":"px","top":"0","right":"0","bottom":"0","left":"0","isLinked":false}},"elements":[{"id":"f633022","settings":{"padding":{"unit":"px","top":"0","right":"0","bottom":"0","left":"15","isLinked":false},"margin":{"unit":"px","top":"0","right":0,"bottom":"0","left":0,"isLinked":false},"gap":"no"},"elements":[{"id":"52ee1521","settings":{"_column_size":100,"_inline_size":null,"space_between_widgets":0,"animation":"fadeIn","animation_delay":200,"_inline_size_tablet":80,"margin":{"unit":"px","top":"0","right":"0","bottom":"30","left":"0","isLinked":false}},"elements":[{"id":"69884b27","settings":{"title":"We have the <br>service you need","align":"left","title_color":"#222222","typography_typography":"custom","typography_font_size":{"unit":"px","size":28,"sizes":[]},"typography_font_weight":"600","typography_line_height":{"unit":"em","size":1.100000000000000088817841970012523233890533447265625,"sizes":[]},"typography_line_height_mobile":{"unit":"em","size":1.100000000000000088817841970012523233890533447265625,"sizes":[]},"_margin_mobile":{"unit":"px","top":"0","right":"0","bottom":"15","left":"0","isLinked":false},"_margin":{"unit":"px","top":"0","right":"0","bottom":"0","left":"0","isLinked":false},"_animation":"fadeIn","animation_duration":"slow","_animation_delay":200,"align_mobile":"center"},"elements":[],"isInner":false,"widgetType":"heading","elType":"widget"}],"isInner":true,"elType":"column"}],"isInner":true,"elType":"section"},{"id":"7f698c4f","settings":{"structure":"40","gap":"no","margin":{"unit":"px","top":"0","right":0,"bottom":"0","left":0,"isLinked":false},"padding":{"unit":"px","top":"0","right":"0","bottom":"0","left":"0","isLinked":false}},"elements":[{"id":"75eb91e7","settings":{"_column_size":25,"_inline_size":null,"background_background":"gradient","background_color":"#FFFFFF","background_color_b":"#FFFFFF","border_border":"solid","border_width":{"unit":"px","top":"0","right":"0","bottom":"2","left":"0","isLinked":false},"border_color":"rgba(2, 1, 1, 0)","box_shadow_box_shadow":{"horizontal":0,"vertical":10,"blur":31,"spread":-3,"color":"rgba(7, 152, 225, 0.09)"},"border_hover_border":"solid","border_hover_width":{"unit":"px","top":"0","right":"0","bottom":"2","left":"0","isLinked":false},"border_hover_color":"#50ADBC","box_shadow_hover_box_shadow_type":"yes","box_shadow_hover_box_shadow":{"horizontal":0,"vertical":10,"blur":20,"spread":0,"color":"rgba(0, 0, 0, 0.2)"},"border_hover_transition":{"unit":"px","size":0.40000000000000002220446049250313080847263336181640625,"sizes":[]},"margin":{"unit":"px","top":"0","right":"15","bottom":"0","left":"15","isLinked":false},"padding":{"unit":"px","top":"48","right":"32","bottom":"32","left":"32","isLinked":false},"css_classes":"box-effect-hover","animation":"fadeIn","align":"space-evenly","box_shadow_box_shadow_type":"yes","animation_delay":200,"margin_mobile":{"unit":"px","top":"0","right":"15","bottom":"15","left":"15","isLinked":false},"_inline_size_tablet":50,"margin_tablet":{"unit":"px","top":"15","right":"15","bottom":"15","left":"15","isLinked":true}},"elements":[{"id":"79531a10","settings":{"icon":"fa fa-tint","primary_color":"#50ADBC","size":{"unit":"px","size":40,"sizes":[]},"_animation":"fadeIn","animation_duration":"slow","hover_animation":"pulse","selected_icon":{"value":{"url":"https:\/\/demo1.wprentals.org\/wp-content\/uploads\/2020\/07\/user_group-2-1.svg","id":26078},"library":"svg"},"_padding":{"unit":"px","top":"0","right":"0","bottom":"0","left":"0","isLinked":false},"__fa4_migrated":{"selected_icon":true},"align":"left"},"elements":[],"isInner":false,"widgetType":"icon","elType":"widget"},{"id":"57eac893","settings":{"image":{"url":"","id":""},"title_text":"Register for free","description_text":"Cum sociis natoque penatibus et magnis dis\u200b","css_filters_css_filter":"custom","title_color":"#222222","title_typography_typography":"custom","title_typography_font_family":"Nunito Sans","title_typography_font_weight":"700","text_align":"left","content_vertical_alignment":"middle","title_typography_font_size":{"unit":"px","size":17,"sizes":[]},"description_typography_typography":"custom","description_typography_font_size":{"unit":"px","size":14,"sizes":[]},"description_typography_font_weight":"400","description_typography_line_height":{"unit":"em","size":1.600000000000000088817841970012523233890533447265625,"sizes":[]},"position":"left","description_color":"#5C727D"},"elements":[],"isInner":false,"widgetType":"image-box","elType":"widget"}],"isInner":true,"elType":"column"},{"id":"6ed5aa18","settings":{"_column_size":25,"_inline_size":null,"background_background":"gradient","background_color":"#FFFFFF","background_color_b":"#FFFFFF","border_border":"solid","border_width":{"unit":"px","top":"0","right":"0","bottom":"2","left":"0","isLinked":false},"border_color":"rgba(2, 1, 1, 0)","box_shadow_box_shadow":{"horizontal":0,"vertical":10,"blur":31,"spread":-3,"color":"rgba(7, 152, 225, 0.09)"},"border_hover_border":"solid","border_hover_width":{"unit":"px","top":"0","right":"0","bottom":"2","left":"0","isLinked":false},"border_hover_color":"#50ADBC","box_shadow_hover_box_shadow_type":"yes","box_shadow_hover_box_shadow":{"horizontal":0,"vertical":10,"blur":20,"spread":0,"color":"rgba(0, 0, 0, 0.2)"},"border_hover_transition":{"unit":"px","size":0.40000000000000002220446049250313080847263336181640625,"sizes":[]},"margin":{"unit":"px","top":"0","right":"15","bottom":"0","left":"15","isLinked":false},"padding":{"unit":"px","top":"48","right":"32","bottom":"32","left":"32","isLinked":false},"css_classes":"box-effect-hover","animation":"fadeIn","align":"space-evenly","box_shadow_box_shadow_type":"yes","animation_delay":200,"margin_mobile":{"unit":"px","top":"0","right":"15","bottom":"15","left":"15","isLinked":false},"_inline_size_tablet":50,"margin_tablet":{"unit":"px","top":"15","right":"15","bottom":"15","left":"15","isLinked":true}},"elements":[{"id":"1b3f6044","settings":{"icon":"fa fa-tint","primary_color":"#50ADBC","size":{"unit":"px","size":40,"sizes":[]},"_animation":"fadeIn","animation_duration":"slow","hover_animation":"pulse","selected_icon":{"value":{"url":"https:\/\/demo1.wprentals.org\/wp-content\/uploads\/2020\/07\/house-2-1-1.svg","id":26079},"library":"svg"},"_padding":{"unit":"px","top":"0","right":"0","bottom":"0","left":"0","isLinked":false},"__fa4_migrated":{"selected_icon":true},"align":"left"},"elements":[],"isInner":false,"widgetType":"icon","elType":"widget"},{"id":"176070fa","settings":{"image":{"url":"","id":""},"title_text":"Add your listing","description_text":"Cum sociis natoque penatibus et magnis dis\u200b","css_filters_css_filter":"custom","title_color":"#222222","title_typography_typography":"custom","title_typography_font_family":"Nunito Sans","title_typography_font_weight":"700","text_align":"left","content_vertical_alignment":"middle","title_typography_font_size":{"unit":"px","size":17,"sizes":[]},"description_typography_typography":"custom","description_typography_font_size":{"unit":"px","size":14,"sizes":[]},"description_typography_font_weight":"400","description_typography_line_height":{"unit":"em","size":1.600000000000000088817841970012523233890533447265625,"sizes":[]},"position":"left","description_color":"#5C727D"},"elements":[],"isInner":false,"widgetType":"image-box","elType":"widget"}],"isInner":true,"elType":"column"},{"id":"58fb147","settings":{"_column_size":25,"_inline_size":null,"background_background":"gradient","background_color":"#FFFFFF","background_color_b":"#FFFFFF","border_border":"solid","border_width":{"unit":"px","top":"0","right":"0","bottom":"2","left":"0","isLinked":false},"border_color":"rgba(2, 1, 1, 0)","box_shadow_box_shadow":{"horizontal":0,"vertical":10,"blur":31,"spread":-3,"color":"rgba(7, 152, 225, 0.09)"},"border_hover_border":"solid","border_hover_width":{"unit":"px","top":"0","right":"0","bottom":"2","left":"0","isLinked":false},"border_hover_color":"#50ADBC","box_shadow_hover_box_shadow_type":"yes","box_shadow_hover_box_shadow":{"horizontal":0,"vertical":10,"blur":20,"spread":0,"color":"rgba(0, 0, 0, 0.2)"},"border_hover_transition":{"unit":"px","size":0.40000000000000002220446049250313080847263336181640625,"sizes":[]},"margin":{"unit":"px","top":"0","right":"15","bottom":"0","left":"15","isLinked":false},"padding":{"unit":"px","top":"48","right":"32","bottom":"32","left":"32","isLinked":false},"css_classes":"box-effect-hover","animation":"fadeIn","align":"space-evenly","box_shadow_box_shadow_type":"yes","animation_delay":200,"margin_mobile":{"unit":"px","top":"0","right":"15","bottom":"15","left":"15","isLinked":false},"_inline_size_tablet":50,"margin_tablet":{"unit":"px","top":"15","right":"15","bottom":"15","left":"15","isLinked":true}},"elements":[{"id":"4dd694fe","settings":{"icon":"fa fa-tint","primary_color":"#50ADBC","size":{"unit":"px","size":40,"sizes":[]},"_animation":"fadeIn","animation_duration":"slow","hover_animation":"pulse","selected_icon":{"value":{"url":"https:\/\/demo1.wprentals.org\/wp-content\/uploads\/2020\/07\/camera-1-2-1-1.svg","id":26080},"library":"svg"},"_padding":{"unit":"px","top":"0","right":"0","bottom":"0","left":"0","isLinked":false},"__fa4_migrated":{"selected_icon":true},"align":"left"},"elements":[],"isInner":false,"widgetType":"icon","elType":"widget"},{"id":"11b50696","settings":{"image":{"url":"","id":""},"title_text":"Upload images","description_text":"Cum sociis natoque penatibus et magnis dis\u200b","css_filters_css_filter":"custom","title_color":"#222222","title_typography_typography":"custom","title_typography_font_family":"Nunito Sans","title_typography_font_weight":"700","text_align":"left","content_vertical_alignment":"middle","title_typography_font_size":{"unit":"px","size":17,"sizes":[]},"description_typography_typography":"custom","description_typography_font_size":{"unit":"px","size":14,"sizes":[]},"description_typography_font_weight":"400","description_typography_line_height":{"unit":"em","size":1.600000000000000088817841970012523233890533447265625,"sizes":[]},"position":"left","description_color":"#5C727D"},"elements":[],"isInner":false,"widgetType":"image-box","elType":"widget"}],"isInner":true,"elType":"column"},{"id":"6cb786a3","settings":{"_column_size":25,"_inline_size":null,"background_background":"gradient","background_color":"#FFFFFF","background_color_b":"#FFFFFF","border_border":"solid","border_width":{"unit":"px","top":"0","right":"0","bottom":"2","left":"0","isLinked":false},"border_color":"rgba(2, 1, 1, 0)","box_shadow_box_shadow":{"horizontal":0,"vertical":10,"blur":31,"spread":-3,"color":"rgba(7, 152, 225, 0.09)"},"border_hover_border":"solid","border_hover_width":{"unit":"px","top":"0","right":"0","bottom":"2","left":"0","isLinked":false},"border_hover_color":"#50ADBC","box_shadow_hover_box_shadow_type":"yes","box_shadow_hover_box_shadow":{"horizontal":0,"vertical":10,"blur":20,"spread":0,"color":"rgba(0, 0, 0, 0.2)"},"border_hover_transition":{"unit":"px","size":0.40000000000000002220446049250313080847263336181640625,"sizes":[]},"margin":{"unit":"px","top":"0","right":"15","bottom":"0","left":"15","isLinked":false},"padding":{"unit":"px","top":"48","right":"32","bottom":"32","left":"32","isLinked":false},"css_classes":"box-effect-hover","animation":"fadeIn","align":"space-evenly","box_shadow_box_shadow_type":"yes","animation_delay":200,"margin_mobile":{"unit":"px","top":"0","right":"15","bottom":"15","left":"15","isLinked":false},"_inline_size_tablet":50,"margin_tablet":{"unit":"px","top":"15","right":"15","bottom":"15","left":"15","isLinked":true}},"elements":[{"id":"3d35ef61","settings":{"icon":"fa fa-tint","primary_color":"#50ADBC","size":{"unit":"px","size":40,"sizes":[]},"_animation":"fadeIn","animation_duration":"slow","hover_animation":"pulse","selected_icon":{"value":{"url":"https:\/\/demo1.wprentals.org\/wp-content\/uploads\/2020\/07\/icon_bar-2-1-1.svg","id":26081},"library":"svg"},"_padding":{"unit":"px","top":"0","right":"0","bottom":"0","left":"0","isLinked":false},"__fa4_migrated":{"selected_icon":true},"align":"left"},"elements":[],"isInner":false,"widgetType":"icon","elType":"widget"},{"id":"70a4a9e4","settings":{"image":{"url":"","id":""},"title_text":"Get reservations","description_text":"Cum sociis natoque penatibus et magnis dis\u200b","css_filters_css_filter":"custom","title_color":"#222222","title_typography_typography":"custom","title_typography_font_family":"Nunito Sans","title_typography_font_weight":"700","text_align":"left","content_vertical_alignment":"middle","title_typography_font_size":{"unit":"px","size":17,"sizes":[]},"description_typography_typography":"custom","description_typography_font_size":{"unit":"px","size":14,"sizes":[]},"description_typography_font_weight":"400","description_typography_line_height":{"unit":"em","size":1.600000000000000088817841970012523233890533447265625,"sizes":[]},"position":"left","description_color":"#5C727D"},"elements":[],"isInner":false,"widgetType":"image-box","elType":"widget"}],"isInner":true,"elType":"column"}],"isInner":true,"elType":"section"},{"id":"1d2345b8","settings":{"text":"Check all services","align":"left","size":"md","background_color":"#50ADBC","_margin":{"unit":"px","top":"40","right":"0","bottom":"0","left":"15","isLinked":false},"_animation":"fadeIn","animation_duration":"slow","_animation_delay":200,"align_mobile":"center","_margin_tablet":{"unit":"px","top":"15","right":"0","bottom":"15","left":"15","isLinked":false},"_margin_mobile":{"unit":"px","top":"0","right":"0","bottom":"0","left":"0","isLinked":false},"button_background_hover_color":"#484848"},"elements":[],"isInner":false,"widgetType":"button","elType":"widget"}],"isInner":false,"elType":"column"}],"isInner":false,"elType":"section"},{"id":"6994843c","settings":{"gap":"no","margin":{"unit":"px","top":"","right":0,"bottom":"","left":0,"isLinked":true},"stretch_section":"section-stretched","background_background":"classic","background_color":"#FFFFFF","padding":{"unit":"px","top":"90","right":"0","bottom":"90","left":"0","isLinked":false},"padding_tablet":{"unit":"px","top":"15","right":"15","bottom":"15","left":"15","isLinked":true}},"elements":[{"id":"3c2e004a","settings":{"_column_size":100,"margin":{"unit":"px","top":"0","right":"0","bottom":"0","left":"0","isLinked":false},"padding":{"unit":"px","top":"0","right":"0","bottom":"0","left":"0","isLinked":false}},"elements":[{"id":"232bc394","settings":{"gap":"no","structure":"20"},"elements":[{"id":"67d388c5","settings":{"_column_size":50,"_inline_size":36,"margin":{"unit":"px","top":"0","right":"0","bottom":"15","left":"0","isLinked":false}},"elements":[{"id":"27c3e9a","settings":{"title":"The hottest <br>locations for travel","align":"left","title_color":"#222222","typography_typography":"custom","typography_font_size":{"unit":"px","size":30,"sizes":[]},"typography_font_weight":"600","typography_line_height":{"unit":"em","size":1.100000000000000088817841970012523233890533447265625,"sizes":[]},"_margin":{"unit":"px","top":"0","right":"0","bottom":"0","left":"0","isLinked":false},"align_mobile":"center","typography_line_height_mobile":{"unit":"em","size":1.100000000000000088817841970012523233890533447265625,"sizes":[]},"_margin_mobile":{"unit":"px","top":"0","right":"0","bottom":"15","left":"0","isLinked":false},"_padding":{"unit":"px","top":"0","right":"0","bottom":"0","left":"0","isLinked":false},"_animation":"fadeIn","animation_duration":"slow","_animation_delay":200},"elements":[],"isInner":false,"widgetType":"heading","elType":"widget"}],"isInner":true,"elType":"column"},{"id":"6cf3551","settings":{"_column_size":50,"_inline_size":64},"elements":[],"isInner":true,"elType":"column"}],"isInner":true,"elType":"section"},{"id":"36b685a3","settings":{"gap":"no","structure":"30","margin":{"unit":"px","top":"20","right":0,"bottom":"10","left":0,"isLinked":false},"margin_mobile":{"unit":"px","top":"0","right":0,"bottom":"0","left":0,"isLinked":false}},"elements":[{"id":"547613e4","settings":{"_column_size":33,"_inline_size":null,"margin":{"unit":"px","top":"0","right":"10","bottom":"0","left":"0","isLinked":false},"padding":{"unit":"px","top":"0","right":"0","bottom":"0","left":"0","isLinked":false},"animation":"fadeIn","animation_delay":200,"margin_mobile":{"unit":"px","top":"0","right":"0","bottom":"0","left":"0","isLinked":false},"padding_mobile":{"unit":"px","top":"0","right":"0","bottom":"0","left":"0","isLinked":false}},"elements":[{"id":"7aa20556","settings":{"place_id":"19"},"elements":[],"isInner":false,"widgetType":"WpRentals_Featured_Place","elType":"widget"}],"isInner":true,"elType":"column"},{"id":"85ebbc0","settings":{"_column_size":33,"_inline_size":null,"margin":{"unit":"px","top":"0","right":"10","bottom":"0","left":"10","isLinked":false},"animation":"fadeIn","animation_delay":200,"margin_mobile":{"unit":"px","top":"0","right":"0","bottom":"0","left":"0","isLinked":true},"padding_mobile":{"unit":"px","top":"0","right":"0","bottom":"0","left":"0","isLinked":false}},"elements":[{"id":"430d717f","settings":{"place_id":"20"},"elements":[],"isInner":false,"widgetType":"WpRentals_Featured_Place","elType":"widget"}],"isInner":true,"elType":"column"},{"id":"6133326b","settings":{"_column_size":33,"_inline_size":null,"margin":{"unit":"px","top":"0","right":"0","bottom":"0","left":"10","isLinked":false},"animation":"fadeIn","animation_delay":200,"margin_mobile":{"unit":"px","top":"0","right":"0","bottom":"0","left":"0","isLinked":false},"padding_mobile":{"unit":"px","top":"0","right":"0","bottom":"0","left":"0","isLinked":false}},"elements":[{"id":"12a30153","settings":{"place_id":"23"},"elements":[],"isInner":false,"widgetType":"WpRentals_Featured_Place","elType":"widget"}],"isInner":true,"elType":"column"}],"isInner":true,"elType":"section"},{"id":"189f9a2b","settings":{"gap":"no","structure":"20","margin":{"unit":"px","top":"10","right":0,"bottom":"0","left":0,"isLinked":false},"margin_mobile":{"unit":"px","top":"5","right":0,"bottom":"0","left":0,"isLinked":false}},"elements":[{"id":"18f8d952","settings":{"_column_size":50,"_inline_size":33.2999999999999971578290569595992565155029296875,"margin":{"unit":"px","top":"0","right":"10","bottom":"0","left":"0","isLinked":false},"animation":"fadeIn","animation_delay":200,"margin_mobile":{"unit":"px","top":"0","right":"0","bottom":"0","left":"0","isLinked":false},"padding_mobile":{"unit":"px","top":"0","right":"0","bottom":"0","left":"0","isLinked":false}},"elements":[{"id":"90966c3","settings":{"place_id":"24"},"elements":[],"isInner":false,"widgetType":"WpRentals_Featured_Place","elType":"widget"}],"isInner":true,"elType":"column"},{"id":"6d66508","settings":{"_column_size":50,"_inline_size":66.7000000000000028421709430404007434844970703125,"margin":{"unit":"px","top":"0","right":"0","bottom":"0","left":"10","isLinked":false},"animation":"fadeIn","animation_delay":200,"margin_mobile":{"unit":"px","top":"0","right":"0","bottom":"0","left":"0","isLinked":false},"padding_mobile":{"unit":"px","top":"0","right":"0","bottom":"0","left":"0","isLinked":false}},"elements":[{"id":"66411599","settings":{"place_id":"25"},"elements":[],"isInner":false,"widgetType":"WpRentals_Featured_Place","elType":"widget"}],"isInner":true,"elType":"column"}],"isInner":true,"elType":"section"}],"isInner":false,"elType":"column"}],"isInner":false,"elType":"section"},{"id":"35c9f0f0","settings":{"gap":"no","margin":{"unit":"px","top":"","right":0,"bottom":"","left":0,"isLinked":true},"stretch_section":"section-stretched","background_background":"classic","background_overlay_background":"classic","background_overlay_color":"#ffffff","background_overlay_color_b_stop":{"unit":"%","size":48,"sizes":[]},"background_overlay_gradient_angle":{"unit":"deg","size":240,"sizes":[]},"background_overlay_opacity":{"unit":"px","size":0.61999999999999999555910790149937383830547332763671875,"sizes":[]},"padding":{"unit":"px","top":"90","right":"0","bottom":"90","left":"0","isLinked":false},"background_color_b":"#e9e4f0","background_gradient_angle":{"unit":"deg","size":67,"sizes":[]},"padding_tablet":{"unit":"px","top":"15","right":"15","bottom":"15","left":"15","isLinked":true}},"elements":[{"id":"559722b0","settings":{"_column_size":100,"padding":{"unit":"px","top":"0","right":"0","bottom":"1","left":"0","isLinked":false}},"elements":[{"id":"76bc65de","settings":{"gap":"no","structure":"20"},"elements":[{"id":"68374632","settings":{"_column_size":50,"_inline_size":36,"padding":{"unit":"px","top":"0","right":"0","bottom":"15","left":"0","isLinked":false}},"elements":[{"id":"3ff16a5a","settings":{"title":"Latest listings <br>published on the site","align":"left","title_color":"#222222","typography_typography":"custom","typography_font_size":{"unit":"px","size":30,"sizes":[]},"typography_font_weight":"600","typography_line_height":{"unit":"em","size":1.100000000000000088817841970012523233890533447265625,"sizes":[]},"_margin":{"unit":"px","top":"0","right":"0","bottom":"0","left":"0","isLinked":false},"align_mobile":"center","typography_line_height_mobile":{"unit":"em","size":1.100000000000000088817841970012523233890533447265625,"sizes":[]},"_margin_mobile":{"unit":"px","top":"0","right":"0","bottom":"15","left":"0","isLinked":false},"_padding":{"unit":"px","top":"0","right":"0","bottom":"0","left":"0","isLinked":false},"_animation":"fadeIn","animation_duration":"slow","_animation_delay":200},"elements":[],"isInner":false,"widgetType":"heading","elType":"widget"}],"isInner":true,"elType":"column"},{"id":"795beede","settings":{"_column_size":50,"_inline_size":64},"elements":[],"isInner":true,"elType":"column"}],"isInner":true,"elType":"section"},{"id":"7b66905a","settings":{"number":"6","rownumber":3,"_margin":{"unit":"px","top":"30","right":"0","bottom":"0","left":"0","isLinked":false},"_animation":"fadeIn","_animation_delay":200},"elements":[],"isInner":false,"widgetType":"Wprentals_Recent_Items","elType":"widget"}],"isInner":false,"elType":"column"}],"isInner":false,"elType":"section"},{"id":"611c7a4f","settings":{"stretch_section":"section-stretched","layout":"full_width","gap":"no","background_background":"classic","background_image":{"id":26144,"url":"https:\/\/demo1.wprentals.org\/wp-content\/uploads\/2020\/07\/book_wide_v2.jpg"},"background_position":"center center","background_attachment":"fixed","background_overlay_background":"classic","background_overlay_color":"#000000","background_overlay_opacity":{"unit":"px","size":0.330000000000000015543122344752191565930843353271484375,"sizes":[]},"margin":{"unit":"px","top":"0","right":0,"bottom":"0","left":0,"isLinked":false},"padding":{"unit":"px","top":"150","right":"150","bottom":"150","left":"150","isLinked":true},"padding_tablet":{"unit":"px","top":"150","right":"60","bottom":"150","left":"60","isLinked":false},"padding_mobile":{"unit":"px","top":"150","right":"40","bottom":"150","left":"40","isLinked":false}},"elements":[{"id":"350abaa6","settings":{"_column_size":100,"_inline_size":100,"margin":{"unit":"px","top":"0","right":"0","bottom":"0","left":"0","isLinked":false}},"elements":[{"id":"4ed43ac2","settings":{"editor":"<p>Over 7,000 happy buyers have chosen WpRentals<\/p>","align":"center","text_color":"#FFFFFF","typography_typography":"custom","typography_font_family":"Roboto","typography_font_size":{"unit":"vw","size":17,"sizes":[]},"typography_font_weight":"500","typography_line_height":{"unit":"px","size":27,"sizes":[]},"_margin":{"unit":"px","top":"0","right":"0","bottom":"15","left":"0","isLinked":false},"_animation":"fadeIn","_animation_delay":200},"elements":[],"isInner":false,"widgetType":"text-editor","elType":"widget"},{"id":"6fa18b3a","settings":{"title":"Create your Airbnb like rental site. <br>Choose the most featured rentals theme.","align":"center","title_color":"#FFFFFF","typography_typography":"custom","typography_font_size":{"unit":"px","size":42,"sizes":[]},"typography_font_weight":"500","typography_line_height":{"unit":"px","size":55,"sizes":[]},"_animation":"fadeIn","_animation_delay":200,"typography_font_size_mobile":{"unit":"px","size":30,"sizes":[]},"typography_line_height_mobile":{"unit":"em","size":1.399999999999999911182158029987476766109466552734375,"sizes":[]}},"elements":[],"isInner":false,"widgetType":"heading","elType":"widget"},{"id":"55bd5de5","settings":{"text":"GET MORE INFO","align":"center","size":"lg","typography_typography":"custom","typography_font_size":{"unit":"px","size":15,"sizes":[]},"background_color":"#50ADBC","button_background_hover_color":"#484848","border_radius":{"unit":"px","top":"2","right":"2","bottom":"2","left":"2","isLinked":true},"_margin":{"unit":"px","top":"30","right":"0","bottom":"0","left":"0","isLinked":false},"_animation":"fadeIn","_animation_delay":200},"elements":[],"isInner":false,"widgetType":"button","elType":"widget"}],"isInner":false,"elType":"column"}],"isInner":false,"elType":"section"},{"id":"69a19d1c","settings":{"gap":"no","margin":{"unit":"px","top":"","right":0,"bottom":"","left":0,"isLinked":true},"stretch_section":"section-stretched","background_background":"classic","background_overlay_background":"classic","background_overlay_color_b":"#e2e2e2","background_overlay_color_b_stop":{"unit":"%","size":48,"sizes":[]},"background_overlay_gradient_angle":{"unit":"deg","size":240,"sizes":[]},"background_overlay_opacity":{"unit":"px","size":0.61999999999999999555910790149937383830547332763671875,"sizes":[]},"padding":{"unit":"px","top":"90","right":"0","bottom":"90","left":"0","isLinked":false},"background_gradient_angle":{"unit":"deg","size":67,"sizes":[]},"background_color":"#FFFFFF","padding_tablet":{"unit":"px","top":"15","right":"15","bottom":"15","left":"15","isLinked":true}},"elements":[{"id":"b54d012","settings":{"_column_size":100},"elements":[{"id":"5d5a2081","settings":{"gap":"no","structure":"20"},"elements":[{"id":"de7089b","settings":{"_column_size":50,"_inline_size":36,"padding":{"unit":"px","top":"0","right":"0","bottom":"0","left":"0","isLinked":false},"_inline_size_tablet":44},"elements":[{"id":"23f135b","settings":{"title":"Available listings for<br>all tastes and budgets","align":"left","title_color":"#222222","typography_typography":"custom","typography_font_size":{"unit":"px","size":30,"sizes":[]},"typography_font_weight":"600","typography_line_height":{"unit":"em","size":1.100000000000000088817841970012523233890533447265625,"sizes":[]},"_margin":{"unit":"px","top":"0","right":"0","bottom":"0","left":"0","isLinked":false},"align_mobile":"center","typography_line_height_mobile":{"unit":"em","size":1.100000000000000088817841970012523233890533447265625,"sizes":[]},"_margin_mobile":{"unit":"px","top":"0","right":"0","bottom":"15","left":"0","isLinked":false},"_padding":{"unit":"px","top":"0","right":"0","bottom":"0","left":"0","isLinked":false},"_animation":"fadeIn","animation_duration":"slow","_animation_delay":200},"elements":[],"isInner":false,"widgetType":"heading","elType":"widget"}],"isInner":true,"elType":"column"},{"id":"6c129fa6","settings":{"_column_size":50,"_inline_size":64,"_inline_size_tablet":54},"elements":[],"isInner":true,"elType":"column"}],"isInner":true,"elType":"section"},{"id":"3ba21ac7","settings":{"place_list":["3","4","5","6","7","8","9","10"],"place_per_row":"4","spaces_unit":"10","_margin":{"unit":"px","top":"30","right":"-10","bottom":"0","left":"-10","isLinked":false},"_animation":"fadeIn","_animation_delay":200},"elements":[],"isInner":false,"widgetType":"Wprentals_Categories_List","elType":"widget"}],"isInner":false,"elType":"column"}],"isInner":false,"elType":"section"},{"id":"258509d","settings":{"gap":"no","margin":{"unit":"px","top":"","right":0,"bottom":"","left":0,"isLinked":true},"stretch_section":"section-stretched","background_background":"classic","background_overlay_background":"classic","background_overlay_color_b":"#e2e2e2","background_overlay_color_b_stop":{"unit":"%","size":48,"sizes":[]},"background_overlay_gradient_angle":{"unit":"deg","size":240,"sizes":[]},"background_overlay_opacity":{"unit":"px","size":0.61999999999999999555910790149937383830547332763671875,"sizes":[]},"padding":{"unit":"px","top":"90","right":"0","bottom":"90","left":"0","isLinked":false},"background_gradient_angle":{"unit":"deg","size":67,"sizes":[]},"padding_tablet":{"unit":"px","top":"15","right":"15","bottom":"15","left":"15","isLinked":true}},"elements":[{"id":"73d86ff1","settings":{"_column_size":100},"elements":[{"id":"492b5d78","settings":{"gap":"no","structure":"20"},"elements":[{"id":"78413d26","settings":{"_column_size":50,"_inline_size":36,"_inline_size_tablet":50},"elements":[{"id":"1edaa6bb","settings":{"title":"Featured owners <br> from our community","align":"left","title_color":"#222222","typography_typography":"custom","typography_font_size":{"unit":"px","size":30,"sizes":[]},"typography_font_weight":"600","typography_line_height":{"unit":"em","size":1.100000000000000088817841970012523233890533447265625,"sizes":[]},"_margin":{"unit":"px","top":"0","right":"0","bottom":"0","left":"0","isLinked":false},"align_mobile":"center","typography_line_height_mobile":{"unit":"em","size":1.100000000000000088817841970012523233890533447265625,"sizes":[]},"_margin_mobile":{"unit":"px","top":"0","right":"0","bottom":"15","left":"0","isLinked":false},"_padding":{"unit":"px","top":"0","right":"0","bottom":"0","left":"0","isLinked":false},"_animation":"fadeIn","animation_duration":"slow","_animation_delay":200},"elements":[],"isInner":false,"widgetType":"heading","elType":"widget"}],"isInner":true,"elType":"column"},{"id":"46feb898","settings":{"_column_size":50,"_inline_size":64,"_inline_size_tablet":50},"elements":[],"isInner":true,"elType":"column"}],"isInner":true,"elType":"section"},{"id":"5d6afdd6","settings":{"gap":"no","structure":"30","margin":{"unit":"px","top":"20","right":0,"bottom":"0","left":0,"isLinked":false}},"elements":[{"id":"29515be4","settings":{"_column_size":33,"_inline_size":null,"animation":"fadeIn","animation_delay":200},"elements":[{"id":"b241776","settings":{"owner_id":"1667","notes":"verified owner","_padding":{"unit":"px","top":"0","right":"5","bottom":"0","left":"0","isLinked":false},"design_type":"2"},"elements":[],"isInner":false,"widgetType":"Wprentals_Featured_Owner","elType":"widget"}],"isInner":true,"elType":"column"},{"id":"60fb5a49","settings":{"_column_size":33,"_inline_size":null,"padding":{"unit":"px","top":"0","right":"5","bottom":"0","left":"5","isLinked":false},"animation":"fadeIn","animation_delay":200},"elements":[{"id":"45284612","settings":{"owner_id":"1666","notes":"verified owner","_padding":{"unit":"px","top":"0","right":"5","bottom":"0","left":"5","isLinked":false},"design_type":"2"},"elements":[],"isInner":false,"widgetType":"Wprentals_Featured_Owner","elType":"widget"}],"isInner":true,"elType":"column"},{"id":"4a784da2","settings":{"_column_size":33,"_inline_size":null,"padding":{"unit":"px","top":"0","right":"0","bottom":"0","left":"5","isLinked":false},"animation":"fadeIn","animation_delay":200},"elements":[{"id":"5684f3be","settings":{"owner_id":"1811","notes":"verified superhost","design_type":"2"},"elements":[],"isInner":false,"widgetType":"Wprentals_Featured_Owner","elType":"widget"}],"isInner":true,"elType":"column"}],"isInner":true,"elType":"section"}],"isInner":false,"elType":"column"}],"isInner":false,"elType":"section"},{"id":"34caf280","settings":{"gap":"no","margin":{"unit":"px","top":"","right":0,"bottom":"","left":0,"isLinked":true},"stretch_section":"section-stretched","background_background":"classic","background_color":"#FFFFFF","padding":{"unit":"px","top":"90","right":"0","bottom":"90","left":"0","isLinked":false}},"elements":[{"id":"2f4b88ca","settings":{"_column_size":100},"elements":[{"id":"5efd15e9","settings":{"gap":"no","structure":"20"},"elements":[{"id":"7f2a61ce","settings":{"_column_size":50,"_inline_size":36,"padding_tablet":{"unit":"px","top":"0","right":"0","bottom":"0","left":"15","isLinked":false}},"elements":[{"id":"35b4ba90","settings":{"title":"The most<br>\nread travel blog","align":"left","title_color":"#222222","typography_typography":"custom","typography_font_size":{"unit":"px","size":30,"sizes":[]},"typography_font_weight":"600","typography_line_height":{"unit":"em","size":1.100000000000000088817841970012523233890533447265625,"sizes":[]},"_margin":{"unit":"px","top":"0","right":"0","bottom":"0","left":"0","isLinked":false},"align_mobile":"center","typography_line_height_mobile":{"unit":"em","size":1.100000000000000088817841970012523233890533447265625,"sizes":[]},"_margin_mobile":{"unit":"px","top":"0","right":"0","bottom":"15","left":"0","isLinked":false},"_padding":{"unit":"px","top":"0","right":"0","bottom":"0","left":"0","isLinked":false},"_animation":"fadeIn","animation_duration":"slow","_animation_delay":200},"elements":[],"isInner":false,"widgetType":"heading","elType":"widget"}],"isInner":true,"elType":"column"},{"id":"3f1ea06c","settings":{"_column_size":50,"_inline_size":64},"elements":[],"isInner":true,"elType":"column"}],"isInner":true,"elType":"section"},{"id":"30548f93","settings":{"gap":"no","structure":"30","margin":{"unit":"px","top":"20","right":0,"bottom":"0","left":0,"isLinked":false}},"elements":[{"id":"74f0ff5","settings":{"_column_size":33,"_inline_size":null,"padding":{"unit":"px","top":"0","right":"10","bottom":"0","left":"0","isLinked":false},"animation":"fadeIn","animation_delay":200},"elements":[{"id":"772786b4","settings":{"article_id":"200","type":"type2"},"elements":[],"isInner":false,"widgetType":"Wprentals_Featured_Article","elType":"widget"}],"isInner":true,"elType":"column"},{"id":"15799628","settings":{"_column_size":33,"_inline_size":null,"margin":{"unit":"px","top":"0","right":"0","bottom":"0","left":"0","isLinked":true},"padding":{"unit":"px","top":"0","right":"10","bottom":"0","left":"10","isLinked":false},"animation":"fadeIn","animation_delay":200},"elements":[{"id":"c1a754f","settings":{"article_id":"240","type":"type2"},"elements":[],"isInner":false,"widgetType":"Wprentals_Featured_Article","elType":"widget"}],"isInner":true,"elType":"column"},{"id":"69234c0b","settings":{"_column_size":33,"_inline_size":null,"padding":{"unit":"px","top":"0","right":"0","bottom":"0","left":"10","isLinked":false},"animation":"fadeIn","animation_delay":200},"elements":[{"id":"26e072de","settings":{"article_id":"220","type":"type2"},"elements":[],"isInner":false,"widgetType":"Wprentals_Featured_Article","elType":"widget"}],"isInner":true,"elType":"column"}],"isInner":true,"elType":"section"}],"isInner":false,"elType":"column"}],"isInner":false,"elType":"section"},{"id":"742f73b4","settings":{"stretch_section":"section-stretched","padding":{"unit":"px","top":"90","right":"0","bottom":"90","left":"0","isLinked":false},"background_background":"classic","shape_divider_top_width":{"unit":"%","size":100,"sizes":[]},"shape_divider_top_height":{"unit":"px","size":313,"sizes":[]},"shape_divider_bottom_width":{"unit":"%","size":100,"sizes":[]},"shape_divider_bottom_height":{"unit":"px","size":313,"sizes":[]},"padding_tablet":{"unit":"px","top":"45","right":"5","bottom":"45","left":"5","isLinked":false}},"elements":[{"id":"27e998c4","settings":{"_column_size":100,"_inline_size":null,"space_between_widgets":20},"elements":[{"id":"324079e0","settings":{"gap":"no","structure":"20"},"elements":[{"id":"14e7d1e5","settings":{"_column_size":50,"_inline_size":36,"margin":{"unit":"px","top":"0","right":"0","bottom":"15","left":"0","isLinked":false},"_inline_size_tablet":50},"elements":[{"id":"79e5f26e","settings":{"title":"What clients say<br>\nabout their experience","align":"left","title_color":"#222222","typography_typography":"custom","typography_font_size":{"unit":"px","size":30,"sizes":[]},"typography_font_weight":"600","typography_line_height":{"unit":"em","size":1.100000000000000088817841970012523233890533447265625,"sizes":[]},"_margin":{"unit":"px","top":"0","right":"0","bottom":"15","left":"0","isLinked":false},"align_mobile":"center","typography_line_height_mobile":{"unit":"em","size":1.100000000000000088817841970012523233890533447265625,"sizes":[]},"_margin_mobile":{"unit":"px","top":"0","right":"0","bottom":"15","left":"0","isLinked":false},"_padding":{"unit":"px","top":"0","right":"0","bottom":"0","left":"0","isLinked":false},"_animation":"fadeIn","animation_duration":"slow","_animation_delay":200},"elements":[],"isInner":false,"widgetType":"heading","elType":"widget"}],"isInner":true,"elType":"column"},{"id":"236e5177","settings":{"_column_size":50,"_inline_size":64,"_inline_size_tablet":50},"elements":[],"isInner":true,"elType":"column"}],"isInner":true,"elType":"section"},{"id":"293bacc2","settings":{"structure":"30","gap":"no"},"elements":[{"id":"27d8001a","settings":{"_column_size":33,"_inline_size":null,"space_between_widgets":0,"margin":{"unit":"px","top":"0","right":"10","bottom":"0","left":"0","isLinked":false},"animation":"fadeIn","animation_delay":200,"margin_mobile":{"unit":"px","top":"0","right":"0","bottom":"0","left":"0","isLinked":false},"padding_mobile":{"unit":"px","top":"0","right":"0","bottom":"0","left":"0","isLinked":false}},"elements":[{"id":"15b4c666","settings":{"client_name":"Jay Simon","title_client":"happy owner","imagelinks":{"id":18429,"url":"https:\/\/demo1.wprentals.org\/wp-content\/uploads\/2019\/07\/testimonial.jpg"},"testimonial_text":"WpRentals has increased our booking requests 10 times more than our older website. Thank you for the amazing work!","_animation":"fadeIn","_animation_delay":200,"testimonials_type":"2","testimonial_type":"2","stars_client":"5"},"elements":[],"isInner":false,"widgetType":"WpRentals_Testimonial","elType":"widget"}],"isInner":true,"elType":"column"},{"id":"6c2f3a2c","settings":{"_column_size":33,"_inline_size":null,"margin":{"unit":"px","top":"0","right":"10","bottom":"0","left":"10","isLinked":false},"animation":"fadeIn","animation_delay":200,"margin_mobile":{"unit":"px","top":"15","right":"0","bottom":"0","left":"0","isLinked":false},"padding_mobile":{"unit":"px","top":"0","right":"0","bottom":"0","left":"0","isLinked":false}},"elements":[{"id":"31919721","settings":{"client_name":"Tania Smith","title_client":"happy client","imagelinks":{"id":26058,"url":"https:\/\/demo1.wprentals.org\/wp-content\/uploads\/2020\/07\/profile3.jpg"},"testimonial_text":"With WpRentals I can run my business without worries. Clients can browse our site easily and requests are coming every day. ","_animation":"fadeIn","_animation_delay":200,"testimonials_type":"2","testimonial_type":"2","stars_client":"4"},"elements":[],"isInner":false,"widgetType":"WpRentals_Testimonial","elType":"widget"}],"isInner":true,"elType":"column"},{"id":"6b1f7758","settings":{"_column_size":33,"_inline_size":null,"margin":{"unit":"px","top":"0","right":"0","bottom":"0","left":"10","isLinked":false},"animation":"fadeIn","animation_delay":200,"margin_mobile":{"unit":"px","top":"15","right":"0","bottom":"0","left":"0","isLinked":false},"padding_mobile":{"unit":"px","top":"0","right":"0","bottom":"0","left":"0","isLinked":false}},"elements":[{"id":"3e390457","settings":{"client_name":"Gina Roscoe","title_client":"happy client","imagelinks":{"id":26047,"url":"https:\/\/demo1.wprentals.org\/wp-content\/uploads\/2015\/11\/happy2.jpg"},"testimonial_text":"Lorem ipsum dolor sit amet, consectetur adipiscing elit, sed do eiusmod tempor incididunt ut labore et dolore magna aliqua. ","_animation":"fadeIn","_animation_delay":200,"testimonials_type":"2","testimonial_type":"2","stars_client":"3.5"},"elements":[],"isInner":false,"widgetType":"WpRentals_Testimonial","elType":"widget"}],"isInner":true,"elType":"column"}],"isInner":true,"elType":"section"},{"id":"f194cac","settings":{"gap":"no","margin":{"unit":"px","top":"30","right":0,"bottom":"0","left":0,"isLinked":false},"padding":{"unit":"px","top":"0","right":"0","bottom":"0","left":"0","isLinked":false}},"elements":[{"id":"1fd022b0","settings":{"_column_size":100,"_inline_size":null,"space_between_widgets":0},"elements":[{"id":"71daf615","settings":{"carousel":[{"id":26049,"url":"https:\/\/demo1.wprentals.org\/wp-content\/uploads\/2020\/07\/variety_transparent-5.png"},{"id":26050,"url":"https:\/\/demo1.wprentals.org\/wp-content\/uploads\/2020\/07\/variety-vector-logo-1.png"},{"id":26051,"url":"https:\/\/demo1.wprentals.org\/wp-content\/uploads\/2020\/07\/losangeles_times3.png"},{"id":26052,"url":"https:\/\/demo1.wprentals.org\/wp-content\/uploads\/2020\/07\/blomberg.png"},{"id":26053,"url":"https:\/\/demo1.wprentals.org\/wp-content\/uploads\/2020\/07\/cnnc.png"},{"id":26054,"url":"https:\/\/demo1.wprentals.org\/wp-content\/uploads\/2020\/07\/forbes-2.png"}],"thumbnail_size":"full","slides_to_show":"6","slides_to_scroll":"1","navigation":"dots"},"elements":[],"isInner":false,"widgetType":"image-carousel","elType":"widget"}],"isInner":true,"elType":"column"}],"isInner":true,"elType":"section"}],"isInner":false,"elType":"column"}],"isInner":false,"elType":"section"}]}