{"content":[{"id":"6c7f9421","settings":{"layout":"full_width","stretch_section":"section-stretched","background_background":"classic","background_color":"#FFFFFF","padding":{"unit":"px","top":"0","right":"0","bottom":"0","left":"0","isLinked":false},"gap":"no","margin":{"unit":"px","top":"0","right":0,"bottom":"0","left":0,"isLinked":false},"padding_tablet":{"unit":"%","top":"5","right":"5","bottom":"0","left":"5","isLinked":false},"border_radius_mobile":{"unit":"px","top":"0","right":"0","bottom":"0","left":"0","isLinked":true},"padding_mobile":{"unit":"px","top":"0","right":"0","bottom":"0","left":"0","isLinked":false},"z_index_mobile":99},"elements":[{"id":"46c3de9","settings":{"_column_size":100,"_inline_size":null,"border_radius_mobile":{"unit":"px","top":"0","right":"0","bottom":"0","left":"0","isLinked":true}},"elements":[{"id":"2ac4faa6","settings":{"height_inner":"min-height","custom_height_inner":{"unit":"px","size":720,"sizes":[]},"background_background":"classic","background_color":"#DDDDDD","background_image":{"url":"https:\/\/hawaii.wprentals.org\/wp-content\/uploads\/2021\/11\/ehader_beach-1.jpg","id":36664,"alt":"","source":"library"},"background_position":"bottom center","background_xpos":{"unit":"px","size":50,"sizes":[]},"background_repeat":"no-repeat","background_size":"cover","background_overlay_background":"classic","background_overlay_color":"#212121FC","background_overlay_opacity":{"unit":"px","size":0.13000000000000000444089209850062616169452667236328125,"sizes":[]},"border_radius":{"unit":"px","top":"0","right":"0","bottom":"0","left":"0","isLinked":true},"padding":{"unit":"px","top":"0","right":"0","bottom":"0","left":"0","isLinked":true},"background_overlay_color_b":"#00000063","background_overlay_gradient_angle":{"unit":"deg","size":210,"sizes":[]},"overflow":"hidden","background_video_link":"https:\/\/cancun.wprentals.org\/wp-content\/uploads\/2021\/09\/opt-pexels-nancy-dimaguila-6592373-1.mp4","box_shadow_box_shadow_type":"yes","box_shadow_box_shadow":{"horizontal":0,"vertical":27,"blur":30,"spread":-9,"color":"rgba(0, 0, 0, 0.07)"},"background_video_fallback":{"url":"https:\/\/cancun.wprentals.org\/wp-content\/uploads\/2021\/09\/image_for_header_video_opt.jpeg","id":36333,"alt":"","source":"library"},"border_radius_mobile":{"unit":"px","top":"0","right":"0","bottom":"0","left":"0","isLinked":true},"padding_mobile":{"unit":"%","top":"0","right":"0","bottom":"0","left":"0","isLinked":false},"_title":"Inner Section","content_width":{"unit":"px","size":995,"sizes":[]}},"elements":[{"id":"11249e40","settings":{"_column_size":100,"_inline_size":null,"content_position":"center","align":"center","background_background":"classic","background_image":{"url":"","id":"","alt":"","source":"library"},"padding_mobile":{"unit":"px","top":"200","right":"25","bottom":"220","left":"10","isLinked":false},"z_index_mobile":99999},"elements":[{"id":"2a4f82bf","settings":{"title":"Experience the World","title_color":"#FFFFFF","typography_typography":"custom","typography_font_family":"Roboto","typography_font_size":{"unit":"px","size":47,"sizes":[]},"typography_font_weight":"500","_margin":{"unit":"px","top":"0","right":"0","bottom":"12","left":"0","isLinked":false},"align_mobile":"center","typography_font_size_mobile":{"unit":"px","size":40,"sizes":[]}},"elements":[],"isInner":false,"widgetType":"heading","elType":"widget"},{"id":"362ec596","settings":{"form_fields":[{"_id":"name","field_type":"Location","field_label":"Location","placeholder":"Where are you going","icon":{"value":"","library":""},"width":"30"},{"_id":"message","field_type":"check_in","field_label":"Check In","placeholder":"Add Dates","width":"20","icon":{"value":"","library":""}},{"_id":"0db3c4e","field_type":"check_out","field_label":"Check Out","placeholder":"Add Dates","icon":{"value":"","library":""},"width":"20"},{"_id":"097341d","field_type":"guest_no","field_how":"greater","field_label":"Guests","placeholder":"Add Guests","icon":{"value":"","library":""},"width":"20"}],"form_field_show_exra_details":"","form_field_show_section_title":"","form_field_section_title_text":"Advanced Search","submit_button_text":"","submit_button_width":"10","search_icon_button":{"value":{"url":"https:\/\/hawaii.wprentals.org\/wp-content\/uploads\/2021\/11\/search.svg","id":37117},"library":"svg"},"wpersidence_form_column_gap":{"unit":"px","size":20,"sizes":[]},"wprentals_form_label_spacing":{"unit":"px","size":-30,"sizes":[]},"wprentals_form_label_color":"#232222","wprentals_form_label_typography_typography":"custom","wprentals_form_label_typography_font_family":"Roboto","wprentals_form_label_typography_font_size":{"unit":"px","size":13,"sizes":[]},"wprentals_form_label_typography_font_weight":"600","form_wrapper-content_padding":{"unit":"px","top":"8","right":"0","bottom":"8","left":"20","isLinked":false},"form_border_radius":{"unit":"px","top":"58","right":"58","bottom":"58","left":"58","isLinked":true},"box_shadow_form_box_shadow_type":"yes","box_shadow_form_box_shadow":{"horizontal":9,"vertical":0,"blur":10,"spread":0,"color":"rgba(0,0,0,0.5)"},"wprentals_field_text_color":"#635E5E","wprentals_field_typography_typography":"custom","wprentals_field_typography_font_family":"Roboto","wprentals_field_typography_font_size":{"unit":"px","size":14,"sizes":[]},"wprentals_field_typography_font_weight":"400","tab-wprentals_field_padding-color":{"unit":"px","top":"23","right":"5","bottom":"3","left":"0","isLinked":false},"field_border_width":{"unit":"px","top":"0","right":"1","bottom":"0","left":"0","isLinked":false},"submit_button_background_color":"#FF385C","submit_ button_border_radius":{"unit":"%","top":"100","right":"100","bottom":"100","left":"100","isLinked":true},"size":{"unit":"px","size":14,"sizes":[]},"search_icon_padding":{"unit":"px","top":"18","right":"18","bottom":"18","left":"16","isLinked":false},"wprentals_form_label_spacing_postion":{"unit":"px","top":"2","right":"0","bottom":"0","left":"18","isLinked":false},"wpersidence_form_row_gap":{"unit":"px","size":0,"sizes":[]},"submit_button_text_color":"#FFFFFF","icon_primary_color":"#FFFFFF","submit_button_text_padding":{"unit":"px","top":"0","right":"0","bottom":"0","left":"0","isLinked":true},"_margin":{"unit":"px","top":"0","right":"0","bottom":"0","left":"0","isLinked":false},"wprentals_field_background_color":"#FFFFFF00","submit_button_background_hover_color":"#E41D5B","submit_button_width_mobile":"1","wpersidence_form_row_gap_mobile":{"unit":"px","size":15,"sizes":[]},"form_wrapper-content_padding_mobile":{"unit":"px","top":"20","right":"10","bottom":"10","left":"10","isLinked":false},"form_border_radius_mobile":{"unit":"px","top":"10","right":"10","bottom":"10","left":"10","isLinked":true},"submit_ button_border_radius_mobile":{"unit":"px","top":"100","right":"100","bottom":"100","left":"100","isLinked":true},"_z_index":99},"elements":[],"isInner":false,"widgetType":"Wprentals_Search_Form_Builder","elType":"widget"}],"isInner":true,"elType":"column"}],"isInner":true,"elType":"section"}],"isInner":false,"elType":"column"}],"isInner":false,"elType":"section"},{"id":"46c80997","settings":{"stretch_section":"section-stretched","background_background":"classic","background_color":"#FFFFFF","padding_tablet":{"unit":"px","top":"0","right":"30","bottom":"0","left":"30","isLinked":false}},"elements":[{"id":"35320bbb","settings":{"_column_size":100,"_inline_size":null,"padding":{"unit":"px","top":"90","right":"0","bottom":"90","left":"0","isLinked":false}},"elements":[{"id":"5ea191b3","settings":{"title":"Visit our locations","title_color":"#39364E","typography_typography":"custom","typography_font_family":"Roboto","typography_font_size":{"unit":"px","size":25,"sizes":[]},"typography_font_weight":"600","_margin":{"unit":"px","top":"0","right":"0","bottom":"12","left":"0","isLinked":false},"_animation":"fadeIn","_animation_delay":50},"elements":[],"isInner":false,"widgetType":"heading","elType":"widget"},{"id":"34d2d576","settings":{"place_list":["90","91","93","95","97","99","102","103"],"place_per_row":"4","design_type":"type2","item_margin_bottom":{"unit":"px","size":15,"sizes":[]},"tax_title_typography":"custom","tax_title_font_weight":"600","tax_title_font_size":{"unit":"px","size":18,"sizes":[]},"tax_listings_typography":"custom","tax_listings_font_weight":"400","tax_listings_color":"#5D6475","ovarlay_color_back":"#39364E1A","ovarlay_color_back_hover":"#39364E00","_margin":{"unit":"px","top":"0","right":"-15","bottom":"0","left":"-15","isLinked":false},"_animation":"fadeIn","_animation_delay":50,"item_border_radius":{"unit":"px","top":"5","right":"5","bottom":"5","left":"5","isLinked":true}},"elements":[],"isInner":false,"widgetType":"Wprentals_Categories_List","elType":"widget"}],"isInner":false,"elType":"column"}],"isInner":false,"elType":"section"},{"id":"50fc39e","settings":{"layout":"full_width","height":"min-height","custom_height":{"unit":"px","size":350,"sizes":[]},"stretch_section":"section-stretched","background_background":"gradient","background_color":"#F7F4FB","margin":{"unit":"px","top":"150","right":0,"bottom":"0","left":0,"isLinked":false},"padding":{"unit":"px","top":"0","right":"0","bottom":"0","left":"0","isLinked":false},"background_color_b":"#F9F7FC","background_gradient_angle":{"unit":"deg","size":190,"sizes":[]},"background_color_stop":{"unit":"%","size":19,"sizes":[]},"background_overlay_background":"classic","background_overlay_image":{"url":"https:\/\/hawaii.wprentals.org\/wp-content\/uploads\/2021\/11\/pattern-hawaii-1.png","id":37104,"alt":"","source":"library"},"background_overlay_opacity":{"unit":"px","size":0.0200000000000000004163336342344337026588618755340576171875,"sizes":[]}},"elements":[{"id":"ee958d2","settings":{"_column_size":100,"_inline_size":null},"elements":[{"id":"68205f85","settings":{"margin":{"unit":"px","top":"-155","right":0,"bottom":"0","left":0,"isLinked":false},"gap":"no","padding_tablet":{"unit":"px","top":"0","right":"20","bottom":"0","left":"20","isLinked":false}},"elements":[{"id":"2966e9c7","settings":{"_column_size":100,"_inline_size":null},"elements":[{"id":"24b0c201","settings":{"form_fields":[{"_id":"name","title":"Arts and Culture in Hawaii","read_me":"Learn More","content":"Discover the unique aspects of Hawaiian culture, including arts, history, customs.","image":{"url":"https:\/\/hawaii.wprentals.org\/wp-content\/uploads\/2021\/11\/culture_hawaii-1.jpg","id":36687,"alt":"","source":"library"},"width":"100","read_me_link":"#"},{"_id":"a75a6a2","title":"Annual Festivals and Events","show_open":"yes","read_me":"Learn more","content":"Find fun ways to celebrate food, culture and competition at these big events.","image":{"url":"https:\/\/hawaii.wprentals.org\/wp-content\/uploads\/2021\/11\/hawaiian-festivals-1.jpg","id":36688,"alt":"","source":"library"},"read_me_link":"#"},{"_id":"b9f0b39","title":"Hawaii Regional Cuisine","read_me":"Learn more","content":"Get a taste of the flavors of Hawaii during your visit.","image":{"url":"https:\/\/hawaii.wprentals.org\/wp-content\/uploads\/2021\/11\/hawaii_food_laulau_dakitchen-1.jpg","id":36692,"alt":"","source":"library"},"read_me_link":"#"}],"content_padding":{"unit":"px","top":"40","right":"40","bottom":"40","left":"40","isLinked":true},"wpresidence_title_color":"#39364E","wpresidence_readme_color":"#E94259","title_typo_typography":"custom","title_typo_font_size":{"unit":"px","size":20,"sizes":[]},"title_typo_font_weight":"600","content_typo_typography":"custom","content_typo_font_weight":"400","readme_typo_typography":"custom","readme_typo_font_weight":"400","readme_typo_line_height":{"unit":"em","size":3,"sizes":[]},"box_shadow_box_shadow_type":"yes","box_shadow_box_shadow":{"horizontal":0,"vertical":10,"blur":31,"spread":0,"color":"rgba(180.99999999999991, 127, 250, 0.09019607843137255)"},"_animation":"fadeIn","_animation_delay":50,"content_padding_tablet":{"unit":"px","top":"25","right":"25","bottom":"25","left":"25","isLinked":true},"content_border_radius":{"unit":"px","top":"5","right":"5","bottom":"5","left":"5","isLinked":true}},"elements":[],"isInner":false,"widgetType":"Wprentals_Sliding_Box","elType":"widget"}],"isInner":true,"elType":"column"}],"isInner":true,"elType":"section"},{"id":"3be842d2","settings":{"content_width":{"unit":"px","size":510,"sizes":[]},"margin":{"unit":"px","top":"0","right":0,"bottom":"0","left":0,"isLinked":false},"padding":{"unit":"px","top":"70","right":"0","bottom":"67","left":"0","isLinked":false}},"elements":[{"id":"563224db","settings":{"_column_size":100,"_inline_size":null,"space_between_widgets":10},"elements":[{"id":"27ed2074","settings":{"title":"First time to Hawaii? Let us plan your trip!","align":"center","title_color":"#39364E","typography_typography":"custom","typography_font_family":"Roboto","typography_font_size":{"unit":"px","size":25,"sizes":[]},"typography_font_weight":"600","_margin":{"unit":"px","top":"0","right":"0","bottom":"12","left":"0","isLinked":false},"_animation":"fadeIn","_animation_delay":50},"elements":[],"isInner":false,"widgetType":"heading","elType":"widget"},{"id":"6a953117","settings":{"title":"Hawaii WpRentals is proud to offer assistance with everything you need to plan your next holiday to Hawaii.","header_size":"p","align":"center","title_color":"#5D6475","typography_typography":"custom","typography_font_family":"Roboto","typography_font_size":{"unit":"px","size":17,"sizes":[]},"typography_font_weight":"400","_padding":{"unit":"px","top":"0","right":"15","bottom":"0","left":"15","isLinked":false}},"elements":[],"isInner":false,"widgetType":"heading","elType":"widget"}],"isInner":true,"elType":"column"}],"isInner":true,"elType":"section"}],"isInner":false,"elType":"column"}],"isInner":false,"elType":"section"},{"id":"3d01c222","settings":{"margin":{"unit":"px","top":"120","right":0,"bottom":"120","left":0,"isLinked":true},"padding_tablet":{"unit":"px","top":"0","right":"0","bottom":"0","left":"0","isLinked":false},"padding_mobile":{"unit":"px","top":"0","right":"0","bottom":"0","left":"0","isLinked":false}},"elements":[{"id":"3852231","settings":{"_column_size":100,"_inline_size":null,"margin_tablet":{"unit":"px","top":"0","right":"0","bottom":"0","left":"0","isLinked":false},"padding_mobile":{"unit":"px","top":"0","right":"0","bottom":"0","left":"0","isLinked":false}},"elements":[{"id":"31c480eb","settings":{"title":"Our amazing villas","title_color":"#39364E","typography_typography":"custom","typography_font_family":"Roboto","typography_font_size":{"unit":"px","size":25,"sizes":[]},"typography_font_weight":"600","_margin":{"unit":"px","top":"0","right":"0","bottom":"12","left":"0","isLinked":false},"_animation":"fadeIn","_animation_delay":50},"elements":[],"isInner":false,"widgetType":"heading","elType":"widget"},{"id":"6799bd2","settings":{"number":"6","rownumber":3,"property_title_typography":"custom","property_title_font_family":"Roboto","property_title_font_weight":"600","property_category_typography":"custom","property_category_font_family":"Roboto","property_category_font_weight":"400","property_price_typography":"custom","property_price_font_family":"Roboto","property_price_font_weight":"600","box_shadow_box_shadow":{"horizontal":0,"vertical":10,"blur":10,"spread":0,"color":"rgba(180.99999999999991, 127, 250, 0.09019607843137255)"},"title_color":"#39364E","animation_duration":"slow","_animation_delay":50,"_animation":"fadeIn"},"elements":[],"isInner":false,"widgetType":"Wprentals_Recent_Items_v1","elType":"widget"}],"isInner":false,"elType":"column"}],"isInner":false,"elType":"section"},{"id":"157bc525","settings":{"margin":{"unit":"px","top":"120","right":0,"bottom":"120","left":0,"isLinked":true},"padding_tablet":{"unit":"px","top":"0","right":"0","bottom":"0","left":"0","isLinked":false},"padding_mobile":{"unit":"px","top":"0","right":"0","bottom":"0","left":"0","isLinked":false},"gap":"no"},"elements":[{"id":"13126999","settings":{"_column_size":100,"_inline_size":null,"margin_tablet":{"unit":"px","top":"0","right":"0","bottom":"0","left":"0","isLinked":false},"padding_mobile":{"unit":"px","top":"0","right":"0","bottom":"0","left":"0","isLinked":false}},"elements":[{"id":"4640206d","settings":{"title":"Popular amenities","title_color":"#39364E","typography_typography":"custom","typography_font_family":"Roboto","typography_font_size":{"unit":"px","size":25,"sizes":[]},"typography_font_weight":"600","_margin":{"unit":"px","top":"0","right":"0","bottom":"12","left":"0","isLinked":false},"_animation":"fadeIn","_animation_delay":50},"elements":[],"isInner":false,"widgetType":"heading","elType":"widget"},{"id":"36642a54","settings":{"gap_columns_custom":{"unit":"px","size":30,"sizes":[]},"structure":"50"},"elements":[{"id":"5b887af1","settings":{"_column_size":20,"_inline_size":null,"_inline_size_tablet":43,"content_position":"center","space_between_widgets":5,"border_border":"solid","border_width":{"unit":"px","top":"1","right":"1","bottom":"1","left":"1","isLinked":true},"border_color":"#39364E05","border_radius":{"unit":"px","top":"5","right":"5","bottom":"5","left":"5","isLinked":true},"box_shadow_box_shadow_type":"yes","box_shadow_box_shadow":{"horizontal":0,"vertical":6,"blur":16,"spread":0,"color":"rgba(180.99999999999991, 127, 250, 0.09019607843137255)"},"margin":{"unit":"px","top":"0","right":"10","bottom":"0","left":"0","isLinked":false},"padding":{"unit":"px","top":"30","right":"30","bottom":"30","left":"30","isLinked":false},"padding_tablet":{"unit":"px","top":"15","right":"15","bottom":"15","left":"15","isLinked":true},"border_hover_border":"solid","border_hover_width":{"unit":"px","top":"1","right":"1","bottom":"1","left":"1","isLinked":true},"border_hover_color":"#39364E05","box_shadow_hover_box_shadow_type":"yes","box_shadow_hover_box_shadow":{"horizontal":0,"vertical":15,"blur":35,"spread":0,"color":"rgba(180.99999999999991, 127, 250, 0.09019607843137255)"},"animation":"fadeIn","animation_delay":50,"margin_mobile":{"unit":"px","top":"0","right":"0","bottom":"10","left":"0","isLinked":false},"padding_mobile":{"unit":"px","top":"30","right":"30","bottom":"30","left":"30","isLinked":true}},"elements":[{"id":"6b133b78","settings":{"selected_icon":{"value":{"url":"https:\/\/hawaii.wprentals.org\/wp-content\/uploads\/2021\/11\/pool.svg","id":37037},"library":"svg"},"link":{"url":"\/features\/pool\/","is_external":"on","nofollow":"","custom_attributes":""},"align":"left","primary_color":"#39364E","hover_primary_color":"#E94259"},"elements":[],"isInner":false,"widgetType":"icon","elType":"widget"},{"id":"44d5cbc9","settings":{"title":"Heated pool","link":{"url":"\/features\/pool\/","is_external":"","nofollow":"","custom_attributes":""},"title_color":"#39364E","typography_typography":"custom","typography_font_family":"Roboto","typography_font_size":{"unit":"px","size":18,"sizes":[]},"typography_font_weight":"600"},"elements":[],"isInner":false,"widgetType":"heading","elType":"widget"}],"isInner":true,"elType":"column"},{"id":"77c2518a","settings":{"_column_size":20,"_inline_size":null,"_inline_size_tablet":43,"content_position":"center","space_between_widgets":5,"border_border":"solid","border_width":{"unit":"px","top":"1","right":"1","bottom":"1","left":"1","isLinked":true},"border_color":"#39364E05","border_radius":{"unit":"px","top":"5","right":"5","bottom":"5","left":"5","isLinked":true},"box_shadow_box_shadow_type":"yes","box_shadow_box_shadow":{"horizontal":0,"vertical":6,"blur":16,"spread":0,"color":"rgba(180.99999999999991, 127, 250, 0.09019607843137255)"},"margin":{"unit":"px","top":"0","right":"10","bottom":"0","left":"0","isLinked":false},"padding":{"unit":"px","top":"30","right":"30","bottom":"30","left":"30","isLinked":false},"padding_tablet":{"unit":"px","top":"15","right":"15","bottom":"15","left":"15","isLinked":true},"border_hover_border":"solid","border_hover_width":{"unit":"px","top":"1","right":"1","bottom":"1","left":"1","isLinked":true},"border_hover_color":"#39364E05","box_shadow_hover_box_shadow_type":"yes","box_shadow_hover_box_shadow":{"horizontal":0,"vertical":15,"blur":35,"spread":0,"color":"rgba(180.99999999999991, 127, 250, 0.09019607843137255)"},"animation":"fadeIn","animation_delay":50,"margin_mobile":{"unit":"px","top":"0","right":"0","bottom":"10","left":"0","isLinked":false},"padding_mobile":{"unit":"px","top":"30","right":"30","bottom":"30","left":"30","isLinked":true}},"elements":[{"id":"343056db","settings":{"selected_icon":{"value":{"url":"https:\/\/hawaii.wprentals.org\/wp-content\/uploads\/2021\/11\/kitchen.svg","id":37039},"library":"svg"},"link":{"url":"\/features\/kitchen\/","is_external":"on","nofollow":"","custom_attributes":""},"align":"left","primary_color":"#39364E","hover_primary_color":"#E94259"},"elements":[],"isInner":false,"widgetType":"icon","elType":"widget"},{"id":"4bf7bc24","settings":{"title":"Kitchen","link":{"url":"\/features\/kitchen\/","is_external":"on","nofollow":"","custom_attributes":""},"title_color":"#39364E","typography_typography":"custom","typography_font_family":"Roboto","typography_font_size":{"unit":"px","size":18,"sizes":[]},"typography_font_weight":"600"},"elements":[],"isInner":false,"widgetType":"heading","elType":"widget"}],"isInner":true,"elType":"column"},{"id":"615354b1","settings":{"_column_size":20,"_inline_size_tablet":43,"content_position":"center","space_between_widgets":5,"border_border":"solid","border_width":{"unit":"px","top":"1","right":"1","bottom":"1","left":"1","isLinked":true},"border_color":"#39364E05","border_radius":{"unit":"px","top":"5","right":"5","bottom":"5","left":"5","isLinked":true},"box_shadow_box_shadow_type":"yes","box_shadow_box_shadow":{"horizontal":0,"vertical":6,"blur":16,"spread":0,"color":"rgba(180.99999999999991, 127, 250, 0.09019607843137255)"},"margin":{"unit":"px","top":"0","right":"10","bottom":"0","left":"0","isLinked":false},"padding":{"unit":"px","top":"30","right":"30","bottom":"30","left":"30","isLinked":false},"padding_tablet":{"unit":"px","top":"15","right":"15","bottom":"15","left":"15","isLinked":true},"border_hover_border":"solid","border_hover_width":{"unit":"px","top":"1","right":"1","bottom":"1","left":"1","isLinked":true},"border_hover_color":"#39364E05","box_shadow_hover_box_shadow_type":"yes","box_shadow_hover_box_shadow":{"horizontal":0,"vertical":15,"blur":35,"spread":0,"color":"rgba(180.99999999999991, 127, 250, 0.09019607843137255)"},"animation":"fadeIn","animation_delay":50,"margin_mobile":{"unit":"px","top":"0","right":"0","bottom":"10","left":"0","isLinked":false},"padding_mobile":{"unit":"px","top":"30","right":"30","bottom":"30","left":"30","isLinked":true}},"elements":[{"id":"525ba300","settings":{"selected_icon":{"value":{"url":"https:\/\/hawaii.wprentals.org\/wp-content\/uploads\/2021\/11\/ac.svg","id":37040},"library":"svg"},"link":{"url":"\/features\/air-conditioner\/","is_external":"on","nofollow":"","custom_attributes":""},"align":"left","primary_color":"#39364E","hover_primary_color":"#E94259"},"elements":[],"isInner":false,"widgetType":"icon","elType":"widget"},{"id":"7950abe1","settings":{"title":"Air conditioning","link":{"url":"\/features\/air-conditioner\/","is_external":"on","nofollow":"","custom_attributes":""},"title_color":"#39364E","typography_typography":"custom","typography_font_family":"Roboto","typography_font_size":{"unit":"px","size":18,"sizes":[]},"typography_font_weight":"600"},"elements":[],"isInner":false,"widgetType":"heading","elType":"widget"}],"isInner":true,"elType":"column"},{"id":"fdbe8d2","settings":{"_column_size":20,"_inline_size":null,"_inline_size_tablet":43,"content_position":"center","space_between_widgets":5,"border_border":"solid","border_width":{"unit":"px","top":"1","right":"1","bottom":"1","left":"1","isLinked":true},"border_color":"#39364E05","border_radius":{"unit":"px","top":"5","right":"5","bottom":"5","left":"5","isLinked":true},"box_shadow_box_shadow_type":"yes","box_shadow_box_shadow":{"horizontal":0,"vertical":6,"blur":16,"spread":0,"color":"rgba(180.99999999999991, 127, 250, 0.09019607843137255)"},"margin":{"unit":"px","top":"0","right":"10","bottom":"0","left":"0","isLinked":false},"padding":{"unit":"px","top":"30","right":"30","bottom":"30","left":"30","isLinked":false},"padding_tablet":{"unit":"px","top":"15","right":"15","bottom":"15","left":"15","isLinked":true},"border_hover_border":"solid","border_hover_width":{"unit":"px","top":"1","right":"1","bottom":"1","left":"1","isLinked":true},"border_hover_color":"#39364E05","box_shadow_hover_box_shadow_type":"yes","box_shadow_hover_box_shadow":{"horizontal":0,"vertical":15,"blur":35,"spread":0,"color":"rgba(180.99999999999991, 127, 250, 0.09019607843137255)"},"animation":"fadeIn","animation_delay":50,"margin_mobile":{"unit":"px","top":"0","right":"0","bottom":"10","left":"0","isLinked":false},"padding_mobile":{"unit":"px","top":"30","right":"30","bottom":"30","left":"30","isLinked":true}},"elements":[{"id":"784b2044","settings":{"selected_icon":{"value":{"url":"https:\/\/hawaii.wprentals.org\/wp-content\/uploads\/2021\/11\/parking.svg","id":37038},"library":"svg"},"link":{"url":"\/features\/free-parking-on-premises\/","is_external":"on","nofollow":"","custom_attributes":""},"align":"left","primary_color":"#39364E","hover_primary_color":"#E94259"},"elements":[],"isInner":false,"widgetType":"icon","elType":"widget"},{"id":"5723a27b","settings":{"title":"Free parking","link":{"url":"\/features\/free-parking-on-premises\/","is_external":"on","nofollow":"","custom_attributes":""},"title_color":"#39364E","typography_typography":"custom","typography_font_family":"Roboto","typography_font_size":{"unit":"px","size":18,"sizes":[]},"typography_font_weight":"600"},"elements":[],"isInner":false,"widgetType":"heading","elType":"widget"}],"isInner":true,"elType":"column"},{"id":"4e9ce175","settings":{"_column_size":20,"_inline_size":null,"_inline_size_tablet":43,"content_position":"center","space_between_widgets":5,"border_border":"solid","border_width":{"unit":"px","top":"1","right":"1","bottom":"1","left":"1","isLinked":true},"border_color":"#39364E05","border_radius":{"unit":"px","top":"5","right":"5","bottom":"5","left":"5","isLinked":true},"box_shadow_box_shadow_type":"yes","box_shadow_box_shadow":{"horizontal":0,"vertical":6,"blur":16,"spread":0,"color":"rgba(180.99999999999991, 127, 250, 0.09019607843137255)"},"margin":{"unit":"px","top":"0","right":"10","bottom":"0","left":"0","isLinked":false},"padding":{"unit":"px","top":"30","right":"30","bottom":"30","left":"30","isLinked":false},"padding_tablet":{"unit":"px","top":"15","right":"15","bottom":"15","left":"15","isLinked":true},"border_hover_border":"solid","border_hover_width":{"unit":"px","top":"1","right":"1","bottom":"1","left":"1","isLinked":true},"border_hover_color":"#39364E05","box_shadow_hover_box_shadow_type":"yes","box_shadow_hover_box_shadow":{"horizontal":0,"vertical":15,"blur":35,"spread":0,"color":"rgba(180.99999999999991, 127, 250, 0.09019607843137255)"},"animation":"fadeIn","animation_delay":50,"margin_mobile":{"unit":"px","top":"0","right":"0","bottom":"10","left":"0","isLinked":false},"padding_mobile":{"unit":"px","top":"30","right":"30","bottom":"30","left":"30","isLinked":true}},"elements":[{"id":"7727d928","settings":{"selected_icon":{"value":{"url":"https:\/\/hawaii.wprentals.org\/wp-content\/uploads\/2021\/11\/wifi.svg","id":37036},"library":"svg"},"link":{"url":"\/features\/wireless-internet\/","is_external":"on","nofollow":"","custom_attributes":""},"align":"left","primary_color":"#39364E","hover_primary_color":"#E94259"},"elements":[],"isInner":false,"widgetType":"icon","elType":"widget"},{"id":"2ae3c105","settings":{"title":"Wifi","link":{"url":"\/features\/wireless-internet\/","is_external":"on","nofollow":"","custom_attributes":""},"title_color":"#39364E","typography_typography":"custom","typography_font_family":"Roboto","typography_font_size":{"unit":"px","size":18,"sizes":[]},"typography_font_weight":"600"},"elements":[],"isInner":false,"widgetType":"heading","elType":"widget"}],"isInner":true,"elType":"column"}],"isInner":true,"elType":"section"}],"isInner":false,"elType":"column"}],"isInner":false,"elType":"section"},{"id":"499a8d69","settings":{"margin":{"unit":"px","top":"120","right":0,"bottom":"120","left":0,"isLinked":true}},"elements":[{"id":"37766cb2","settings":{"_column_size":100,"_inline_size":null,"padding_tablet":{"unit":"px","top":"0","right":"0","bottom":"0","left":"0","isLinked":false},"padding_mobile":{"unit":"px","top":"0","right":"0","bottom":"0","left":"0","isLinked":false}},"elements":[{"id":"5dae462","settings":{"title":"Rentals for every style","title_color":"#39364E","typography_typography":"custom","typography_font_family":"Roboto","typography_font_size":{"unit":"px","size":25,"sizes":[]},"typography_font_weight":"600","_margin":{"unit":"px","top":"0","right":"0","bottom":"12","left":"0","isLinked":false},"_animation":"fadeIn","_animation_delay":50},"elements":[],"isInner":false,"widgetType":"heading","elType":"widget"},{"id":"4b521bcf","settings":{"wprentals_grid_type":"6","wprentals_design_type":"3","property_category":["bungalow","house","loft","villa"],"hide_empty_taxonomy":"0","items_no":"4","item_height":{"unit":"px","size":390,"sizes":[]},"item_border_radius":{"unit":"px","top":"5","right":"5","bottom":"5","left":"5","isLinked":true},"wpersidence_item_row_gap":{"unit":"px","size":0,"sizes":[]},"tax_title_typography":"custom","tax_title_font_size":{"unit":"px","size":20,"sizes":[]},"tax_title_font_weight":"600","tax_listings_typography":"custom","tax_listings_font_weight":"400","discover_listings_typography":"custom","discover_listings_font_weight":"400","_margin":{"unit":"px","top":"0","right":"0","bottom":"0","left":"8","isLinked":false},"_animation":"fadeIn","animation_duration":"slow","_animation_delay":50,"wpersidence_item_row_gap_mobile":{"unit":"px","size":10,"sizes":[]}},"elements":[],"isInner":false,"widgetType":"Wprentals_Grids","elType":"widget"}],"isInner":false,"elType":"column"}],"isInner":false,"elType":"section"},{"id":"33d0f8d7","settings":{"margin":{"unit":"px","top":"","right":0,"bottom":"","left":0,"isLinked":true},"stretch_section":"section-stretched","padding_tablet":{"unit":"px","top":"0","right":"0","bottom":"0","left":"15","isLinked":false}},"elements":[{"id":"9fdb570","settings":{"_column_size":100,"_inline_size":null},"elements":[{"id":"6531df6d","settings":{"title":"Clients testimonials","title_color":"#39364E","typography_typography":"custom","typography_font_family":"Roboto","typography_font_size":{"unit":"px","size":25,"sizes":[]},"typography_font_weight":"600","_margin":{"unit":"px","top":"0","right":"0","bottom":"12","left":"0","isLinked":false},"_animation":"fadeIn","_animation_delay":50},"elements":[],"isInner":false,"widgetType":"heading","elType":"widget"}],"isInner":false,"elType":"column"}],"isInner":false,"elType":"section"},{"id":"5ab5cec8","settings":{"stretch_section":"section-stretched","structure":"30","background_background":"classic","background_color":"#F7F4FB","shape_divider_top":"mountains","shape_divider_top_width":{"unit":"%","size":100,"sizes":[]},"shape_divider_top_height":{"unit":"px","size":238,"sizes":[]},"shape_divider_bottom":"mountains","shape_divider_bottom_width":{"unit":"%","size":100,"sizes":[]},"padding":{"unit":"px","top":"0","right":"0","bottom":"0","left":"0","isLinked":false},"padding_tablet":{"unit":"px","top":"0","right":"20","bottom":"0","left":"20","isLinked":false}},"elements":[{"id":"61e5bc86","settings":{"_column_size":33,"_inline_size":null,"animation":"fadeIn","animation_delay":50},"elements":[{"id":"db9e841","settings":{"client_name":" Gina Roscoe","title_client":"from Florida ","testimonial_text":"Excellent experience. We appreciated the kindness of the owner. We will do it again very soon for sure!","testimonial_type":"2","stars_client":"5","imagelinks":{"url":"https:\/\/hawaii.wprentals.org\/wp-content\/uploads\/2021\/11\/person4.jpg","id":36721,"alt":"","source":"library"},"_margin":{"unit":"px","top":"0","right":"0","bottom":"-20","left":"0","isLinked":false}},"elements":[],"isInner":false,"widgetType":"WpRentals_Testimonial","elType":"widget"},{"id":"41dc5888","settings":{"client_name":" Gina Roscoe","title_client":"from Florida ","testimonial_text":"Excellent experience. We appreciated the kindness of the owner. We will do it again!","testimonial_type":"2","stars_client":"5","imagelinks":{"url":"https:\/\/hawaii.wprentals.org\/wp-content\/uploads\/2021\/09\/woman3.jpg","id":36042,"alt":"","source":"library"}},"elements":[],"isInner":false,"widgetType":"WpRentals_Testimonial","elType":"widget"}],"isInner":false,"elType":"column"},{"id":"37227f0b","settings":{"_column_size":33,"_inline_size":null,"animation":"fadeIn","animation_delay":75},"elements":[{"id":"5ac08071","settings":{"client_name":" Jay Simon","title_client":"from New York","testimonial_text":"Absolutely loved this place, wonderful villa, wonderful beach and pool area. The place is really impressive.","testimonial_type":"2","stars_client":"5","imagelinks":{"url":"https:\/\/hawaii.wprentals.org\/wp-content\/uploads\/2021\/11\/person2.jpg","id":36719,"alt":"","source":"library"}},"elements":[],"isInner":false,"widgetType":"WpRentals_Testimonial","elType":"widget"},{"id":"609ee2a5","settings":{"client_name":" Gina Roscoe","title_client":"from Florida ","testimonial_text":"Excellent experience. We appreciated the kindness of the owner. We will do it again!","testimonial_type":"2","stars_client":"5","imagelinks":{"url":"https:\/\/hawaii.wprentals.org\/wp-content\/uploads\/2021\/09\/smile.jpg","id":36037,"alt":"","source":"library"}},"elements":[],"isInner":false,"widgetType":"WpRentals_Testimonial","elType":"widget"}],"isInner":false,"elType":"column"},{"id":"6f1787ae","settings":{"_column_size":33,"_inline_size":null,"animation":"fadeIn","animation_delay":100},"elements":[{"id":"434f48ac","settings":{"client_name":" Anna Simons","title_client":"from Portugal","testimonial_text":"The place is really impressive. I am in love with it, it is wonderful villa, wonderful beach and pool area.","testimonial_type":"2","stars_client":"5","imagelinks":{"url":"https:\/\/hawaii.wprentals.org\/wp-content\/uploads\/2021\/11\/agent3_f8f8f8.png","id":36717,"alt":"","source":"library"}},"elements":[],"isInner":false,"widgetType":"WpRentals_Testimonial","elType":"widget"},{"id":"4b8fa98d","settings":{"client_name":" Gina Roscoe","title_client":"from Florida ","testimonial_text":"Excellent experience. We appreciated the kindness of the owner. We will do it again!","testimonial_type":"2","stars_client":"5","imagelinks":{"url":"https:\/\/hawaii.wprentals.org\/wp-content\/uploads\/2021\/09\/profile2.jpg","id":36040,"alt":"","source":"library"}},"elements":[],"isInner":false,"widgetType":"WpRentals_Testimonial","elType":"widget"}],"isInner":false,"elType":"column"}],"isInner":false,"elType":"section"},{"id":"47b4c2e9","settings":{"structure":"30","margin":{"unit":"px","top":"120","right":0,"bottom":"120","left":0,"isLinked":true},"gap":"no","content_position":"bottom"},"elements":[{"id":"2034ad26","settings":{"_column_size":33,"_inline_size":49.64500000000000312638803734444081783294677734375,"space_between_widgets":0,"_inline_size_tablet":47,"background_background":"classic","background_color":"#6A4C4C","background_image":{"url":"https:\/\/hawaii.wprentals.org\/wp-content\/uploads\/2021\/11\/hawaii_girl-e1637151098580.jpeg","id":36979,"alt":"","source":"library"},"background_size":"cover","background_overlay_background":"gradient","background_overlay_color":"#FFFFFF00","background_overlay_color_b":"#161518F7","background_overlay_image":{"url":"https:\/\/hawaii.wprentals.org\/wp-content\/uploads\/2021\/11\/hawaii_girl-e1637151098580.jpeg","id":36979,"alt":"","source":"library"},"background_overlay_opacity":{"unit":"px","size":1,"sizes":[]},"background_color_b":"#1A1A1A","background_color_b_stop":{"unit":"%","size":72,"sizes":[]},"background_gradient_angle":{"unit":"deg","size":210,"sizes":[]},"background_position":"center center","background_repeat":"no-repeat","background_overlay_gradient_angle":{"unit":"deg","size":200,"sizes":[]},"background_overlay_size":"contain","border_radius":{"unit":"px","top":"15","right":"15","bottom":"15","left":"15","isLinked":true}},"elements":[{"id":"2bd9c3d3","settings":{"content_position":"bottom","padding":{"unit":"px","top":"0","right":"045","bottom":"45","left":"45","isLinked":false},"padding_mobile":{"unit":"px","top":"0","right":"0","bottom":"0","left":"0","isLinked":true}},"elements":[{"id":"6784bdb0","settings":{"_column_size":100,"_inline_size":null,"content_position":"bottom","align":"flex-end","padding_mobile":{"unit":"px","top":"250","right":"20","bottom":"45","left":"20","isLinked":false}},"elements":[{"id":"1b3004f6","settings":{"title":"Plan the perfect trip","title_color":"#FFFFFF","typography_typography":"custom","typography_font_family":"Roboto","typography_font_size":{"unit":"px","size":47,"sizes":[]},"typography_font_weight":"600","_padding":{"unit":"%","top":"0","right":"40","bottom":"0","left":"0","isLinked":false},"typography_font_size_mobile":{"unit":"px","size":49,"sizes":[]},"_padding_mobile":{"unit":"px","top":"0","right":"0","bottom":"0","left":"0","isLinked":false}},"elements":[],"isInner":false,"widgetType":"heading","elType":"widget"}],"isInner":true,"elType":"column"}],"isInner":true,"elType":"section"}],"isInner":false,"elType":"column"},{"id":"2859c84e","settings":{"_column_size":33,"_inline_size":8.733000000000000540012479177676141262054443359375,"_inline_size_tablet":10,"hide_tablet":"hidden-tablet","hide_mobile":"hidden-mobile"},"elements":[],"isInner":false,"elType":"column"},{"id":"3d91e980","settings":{"_column_size":33,"_inline_size":41.22999999999999687361196265555918216705322265625,"box_shadow_box_shadow_type":"yes","box_shadow_box_shadow":{"horizontal":0,"vertical":10,"blur":31,"spread":0,"color":"rgba(180.99999999999991, 127, 250, 0.09019607843137255)"},"padding":{"unit":"px","top":"30","right":"45","bottom":"30","left":"45","isLinked":false},"content_position":"center","border_radius":{"unit":"px","top":"15","right":"15","bottom":"15","left":"15","isLinked":true},"margin":{"unit":"px","top":"0","right":"0","bottom":"0","left":"0","isLinked":false},"_inline_size_tablet":43,"padding_tablet":{"unit":"px","top":"15","right":"15","bottom":"15","left":"15","isLinked":true},"padding_mobile":{"unit":"px","top":"30","right":"15","bottom":"30","left":"15","isLinked":false}},"elements":[{"id":"5036b980","settings":{"title":"Contact us to book your next trip","title_color":"#39364E","typography_typography":"custom","typography_font_family":"Roboto","typography_font_size":{"unit":"px","size":25,"sizes":[]},"typography_font_weight":"600","_margin":{"unit":"px","top":"0","right":"0","bottom":"12","left":"0","isLinked":false},"_animation":"fadeIn","_animation_delay":50,"typography_font_size_tablet":{"unit":"px","size":18,"sizes":[]}},"elements":[],"isInner":false,"widgetType":"heading","elType":"widget"},{"id":"1048c7b1","settings":{"form_fields":[{"_id":"name","field_type":"name","field_label":"Name","placeholder":"Name"},{"_id":"email","field_type":"email","required":"true","field_label":"Email","placeholder":"Email"},{"_id":"booking_from_date","field_type":"booking_from_date","required":"true","field_label":"Check-in","placeholder":"Check-in","width":"50"},{"field_type":"booking_to_date","required":"true","field_label":"Check-out","placeholder":"Check-out","width":"50","_id":"4e0c27c"},{"_id":"message","field_type":"message","field_label":"Message","placeholder":"Message"}],"gdpr_text":"I consent to the GDPR Terms","submit_button_text":"Send Email","email_subject":"New email from &quot;WpRentals booking theme demo&quot; ","submit_button_background_color":"#E94259","submit_button_background_hover_color":"#D13B50","_animation":"fadeIn","_animation_delay":50,"wpersidence_form_row_gap_tablet":{"unit":"px","size":0,"sizes":[]}},"elements":[],"isInner":false,"widgetType":"WpRentals_Contact_Form_Builder","elType":"widget"}],"isInner":false,"elType":"column"}],"isInner":false,"elType":"section"}],"page_settings":[],"version":"0.4","title":"Hawaii Homepage","type":"page"}