{"version":"0.4","title":"tab4","type":"section","content":[{"id":"2b010749","settings":{"gap":"no","structure":"20"},"elements":[{"id":"3c2e2769","settings":{"_column_size":50,"_inline_size":60.02799999999999869260136620141565799713134765625},"elements":[{"id":"47d708fe","settings":{"listing_id":"10","type":"type2"},"elements":[],"isInner":false,"widgetType":"Wprentals_Featured_Listing","elType":"widget"}],"isInner":false,"elType":"column"},{"id":"5ec48769","settings":{"_column_size":50,"_inline_size":39.97200000000000130739863379858434200286865234375,"space_between_widgets":25,"padding":{"unit":"%","top":"8","right":"0","bottom":"8","left":"15","isLinked":false},"padding_mobile":{"unit":"px","top":"60","right":"30","bottom":"30","left":"30","isLinked":false}},"elements":[{"id":"38ebdbb2","settings":{"title":"The most affordable listings","title_color":"#484848","typography_typography":"custom","typography_font_family":"Roboto","typography_font_size":{"unit":"px","size":29,"sizes":[]},"typography_font_weight":"600","typography_line_height":{"unit":"em","size":1.3000000000000000444089209850062616169452667236328125,"sizes":[]},"align_mobile":"center"},"elements":[],"isInner":false,"widgetType":"heading","elType":"widget"},{"id":"6bc7206a","settings":{"title":"Ibiza Rentals makes it easy and quick to rent properties in your favorite island. We guarantee:","title_color":"#808285","typography_typography":"custom","typography_font_family":"Roboto","typography_font_size":{"unit":"px","size":15,"sizes":[]},"typography_font_weight":"400","typography_line_height":{"unit":"em","size":1.5,"sizes":[]},"align_mobile":"center"},"elements":[],"isInner":false,"widgetType":"heading","elType":"widget"},{"id":"545ec7f4","settings":{"icon_list":[{"text":"Safety and security","_id":"98f9f59"},{"text":"No hidden fees","_id":"d1598f8"},{"text":"Personalized services","_id":"1ed482c"}],"space_between":{"unit":"px","size":8,"sizes":[]},"icon_color":"#E63264","text_color":"#808285","icon_typography_typography":"custom","icon_typography_font_family":"Roboto","icon_typography_font_size":{"unit":"px","size":15,"sizes":[]},"icon_typography_font_weight":"400","icon_align_mobile":"center"},"elements":[],"isInner":false,"widgetType":"icon-list","elType":"widget"},{"id":"275dd9c8","settings":{"text":"Book Now","size":"md","typography_typography":"custom","typography_font_size":{"unit":"px","size":14,"sizes":[]},"typography_font_weight":"500","background_color":"#E63264","text_padding":{"unit":"px","top":"15","right":"60","bottom":"15","left":"60","isLinked":false},"align_mobile":"center"},"elements":[],"isInner":false,"widgetType":"button","elType":"widget"}],"isInner":false,"elType":"column"}],"isInner":false,"elType":"section"}]}