{"content":[{"id":"10cbe5f7","settings":{"gap":"no","content_position":"middle","stretch_section":"section-stretched","background_background":"slideshow","background_slideshow_gallery":[{"id":27966,"url":"http:\/\/demo-install.wpestate.org\/wp-content\/uploads\/2020\/10\/island-image.jpg"},{"id":27967,"url":"http:\/\/demo-install.wpestate.org\/wp-content\/uploads\/2020\/10\/beach_aerial5.jpg"},{"id":27968,"url":"http:\/\/demo-install.wpestate.org\/wp-content\/uploads\/2020\/10\/beach_view-1.jpg"}],"background_overlay_background":"classic","background_overlay_color":"#020101CC","padding":{"unit":"%","top":"20","right":"20","bottom":"20","left":"20","isLinked":true},"background_slideshow_ken_burns":"yes","background_overlay_opacity":{"unit":"px","size":0.40000000000000002220446049250313080847263336181640625,"sizes":[]}},"elements":[{"id":"5038bd5d","settings":{"_column_size":100,"_inline_size":100,"padding":{"unit":"%","top":"0","right":"10","bottom":"0","left":"10","isLinked":false},"space_between_widgets":10},"elements":[{"id":"3054d4c0","settings":{"title":"Incredible Villas in Ibiza","align":"center","title_color":"#FFFFFF","typography_typography":"custom","typography_font_size":{"unit":"px","size":65,"sizes":[]},"typography_font_weight":"600","typography_font_size_mobile":{"unit":"px","size":44,"sizes":[]},"_animation":"fadeIn","_animation_delay":200},"elements":[],"isInner":false,"widgetType":"heading","elType":"widget"},{"id":"5e1a04de","settings":{"title":"Book a villa or a house in beautiful Ibiza","header_size":"p","align":"center","title_color":"#FFFFFF","typography_typography":"custom","typography_font_family":"Roboto","typography_font_size":{"unit":"px","size":19,"sizes":[]},"typography_font_weight":"400","_animation":"fadeIn","_animation_delay":400},"elements":[],"isInner":false,"widgetType":"heading","elType":"widget"},{"id":"40e62ea2","settings":{"space":{"unit":"px","size":40,"sizes":[]}},"elements":[],"isInner":false,"widgetType":"spacer","elType":"widget"},{"id":"2a00cf94","settings":[],"elements":[],"isInner":false,"widgetType":"Wprentals_Advanced_Search","elType":"widget"}],"isInner":false,"elType":"column"}],"isInner":false,"elType":"section"},{"id":"529536cf","settings":{"structure":"20","padding":{"unit":"px","top":"100","right":"0","bottom":"100","left":"0","isLinked":false},"margin_mobile":{"unit":"px","top":"0","right":0,"bottom":"0","left":0,"isLinked":false}},"elements":[{"id":"72100644","settings":{"_column_size":50,"_inline_size":null,"space_between_widgets":0,"margin":{"unit":"px","top":"0","right":"5","bottom":"0","left":"0","isLinked":false},"margin_mobile":{"unit":"px","top":"0","right":"0","bottom":"0","left":"0","isLinked":false},"padding_mobile":{"unit":"px","top":"0","right":"0","bottom":"0","left":"0","isLinked":false}},"elements":[{"id":"12c4d873","settings":{"gap":"no","background_background":"classic","background_color":"#FFFFFF","padding":{"unit":"px","top":"50","right":"50","bottom":"50","left":"50","isLinked":true},"margin":{"unit":"px","top":"0","right":0,"bottom":"30","left":0,"isLinked":false}},"elements":[{"id":"4059d83c","settings":{"_column_size":100,"_inline_size":null},"elements":[{"id":"639b5c88","settings":{"title":"Best Places to Visit","title_color":"#484848","typography_typography":"custom","typography_font_size":{"unit":"px","size":37,"sizes":[]},"typography_font_weight":"600","typography_line_height":{"unit":"em","size":1.399999999999999911182158029987476766109466552734375,"sizes":[]},"_animation":"fadeIn","_animation_delay":200},"elements":[],"isInner":false,"widgetType":"heading","elType":"widget"},{"id":"e551671","settings":{"title":"These are the best places to visit for your Ibiza holiday. Great restaurants, beautiful homes and villas, pristine beaches and family friendly playgrounds.","header_size":"p","align":"left","title_color":"#808285","typography_typography":"custom","typography_font_size":{"unit":"px","size":17,"sizes":[]},"typography_font_weight":"400","_animation":"fadeIn","_animation_delay":200},"elements":[],"isInner":false,"widgetType":"heading","elType":"widget"}],"isInner":true,"elType":"column"}],"isInner":true,"elType":"section"},{"id":"ca54104","settings":{"gap":"no","structure":"20"},"elements":[{"id":"72dc0b40","settings":{"_column_size":50,"_inline_size":null,"margin":{"unit":"px","top":"0","right":"15","bottom":"0","left":"0","isLinked":false},"_inline_size_tablet":100,"space_between_widgets":30,"margin_tablet":{"unit":"px","top":"0","right":"0","bottom":"0","left":"0","isLinked":false},"space_between_widgets_mobile":0,"padding_mobile":{"unit":"px","top":"0","right":"0","bottom":"0","left":"0","isLinked":false}},"elements":[{"id":"5e760c47","settings":{"place_id":"47","type":"type2","places_height":{"unit":"px","size":250,"sizes":[]},"_animation":"fadeIn","_animation_delay":200,"_padding_tablet":{"unit":"px","top":"0","right":"0","bottom":"0","left":"0","isLinked":false}},"elements":[],"isInner":false,"widgetType":"WpRentals_Featured_Place","elType":"widget"},{"id":"37b9de38","settings":{"place_id":"47","type":"type2","places_height":{"unit":"px","size":250,"sizes":[]},"_animation":"fadeIn","_animation_delay":200,"_padding_tablet":{"unit":"px","top":"0","right":"0","bottom":"0","left":"0","isLinked":false}},"elements":[],"isInner":false,"widgetType":"WpRentals_Featured_Place","elType":"widget"}],"isInner":true,"elType":"column"},{"id":"6348a013","settings":{"_column_size":50,"_inline_size":null,"margin":{"unit":"px","top":"0","right":"0","bottom":"0","left":"15","isLinked":false},"_inline_size_tablet":100,"margin_tablet":{"unit":"px","top":"30","right":"0","bottom":"0","left":"0","isLinked":false},"space_between_widgets_mobile":0,"margin_mobile":{"unit":"px","top":"0","right":"0","bottom":"0","left":"0","isLinked":false},"padding_mobile":{"unit":"px","top":"0","right":"0","bottom":"0","left":"0","isLinked":false}},"elements":[{"id":"78e48046","settings":{"place_id":"48","type":"type2","places_height":{"unit":"px","size":530,"sizes":[]},"_animation":"fadeIn","_animation_delay":200,"_padding_tablet":{"unit":"px","top":"0","right":"0","bottom":"0","left":"0","isLinked":false}},"elements":[],"isInner":false,"widgetType":"WpRentals_Featured_Place","elType":"widget"}],"isInner":true,"elType":"column"}],"isInner":true,"elType":"section"}],"isInner":false,"elType":"column"},{"id":"2e6cc360","settings":{"_column_size":50,"_inline_size":null,"margin":{"unit":"px","top":"0","right":"0","bottom":"0","left":"5","isLinked":false},"space_between_widgets":30,"space_between_widgets_mobile":0,"margin_mobile":{"unit":"px","top":"0","right":"0","bottom":"0","left":"0","isLinked":false},"padding_mobile":{"unit":"px","top":"0","right":"0","bottom":"0","left":"0","isLinked":false}},"elements":[{"id":"6a63ac99","settings":{"place_id":"47","type":"type2","places_height":{"unit":"px","size":528,"sizes":[]},"_animation":"fadeIn","_animation_delay":200},"elements":[],"isInner":false,"widgetType":"WpRentals_Featured_Place","elType":"widget"},{"id":"6834cdd3","settings":{"gap":"no","structure":"20","margin_tablet":{"unit":"px","top":"0","right":0,"bottom":"0","left":0,"isLinked":false},"padding_tablet":{"unit":"px","top":"0","right":"0","bottom":"0","left":"0","isLinked":false}},"elements":[{"id":"3f8459ec","settings":{"_column_size":50,"_inline_size":null,"margin":{"unit":"px","top":"0","right":"15","bottom":"0","left":"0","isLinked":false},"_inline_size_tablet":100,"margin_tablet":{"unit":"px","top":"0","right":"0","bottom":"0","left":"0","isLinked":false},"padding_tablet":{"unit":"px","top":"0","right":"0","bottom":"0","left":"0","isLinked":false}},"elements":[{"id":"5828457a","settings":{"place_id":"35","type":"type2","places_height":{"unit":"px","size":250,"sizes":[]},"_padding_tablet":{"unit":"px","top":"0","right":"0","bottom":"0","left":"0","isLinked":false},"_animation":"fadeIn","_animation_delay":200},"elements":[],"isInner":false,"widgetType":"WpRentals_Featured_Place","elType":"widget"}],"isInner":true,"elType":"column"},{"id":"1264daa9","settings":{"_column_size":50,"_inline_size":null,"margin":{"unit":"px","top":"0","right":"0","bottom":"0","left":"15","isLinked":false},"_inline_size_tablet":100,"margin_tablet":{"unit":"px","top":"30","right":"0","bottom":"0","left":"0","isLinked":false},"animation":"fadeIn","animation_delay":200,"space_between_widgets_mobile":0,"margin_mobile":{"unit":"px","top":"0","right":"0","bottom":"0","left":"0","isLinked":false},"padding_mobile":{"unit":"px","top":"0","right":"0","bottom":"0","left":"0","isLinked":false}},"elements":[{"id":"616daf95","settings":{"place_id":"46","type":"type2","places_height":{"unit":"px","size":250,"sizes":[]},"_padding_tablet":{"unit":"px","top":"0","right":"0","bottom":"0","left":"0","isLinked":false},"_animation":"fadeIn","_animation_delay":200},"elements":[],"isInner":false,"widgetType":"WpRentals_Featured_Place","elType":"widget"}],"isInner":true,"elType":"column"}],"isInner":true,"elType":"section"}],"isInner":false,"elType":"column"}],"isInner":false,"elType":"section"},{"id":"73006d49","settings":{"stretch_section":"section-stretched","background_background":"classic","background_color":"#FFFFFF","padding":{"unit":"px","top":"100","right":"0","bottom":"100","left":"0","isLinked":false}},"elements":[{"id":"32357029","settings":{"_column_size":100,"_inline_size":null},"elements":[{"id":"49b21c66","settings":{"structure":"30"},"elements":[{"id":"2b1c1abd","settings":{"_column_size":33,"_inline_size":22},"elements":[],"isInner":true,"elType":"column"},{"id":"6cdfa526","settings":{"_column_size":33,"_inline_size":55.332999999999998408384271897375583648681640625},"elements":[{"id":"468aca81","settings":{"title":"The Most Popular Villas","title_color":"#484848","typography_typography":"custom","typography_font_size":{"unit":"px","size":37,"sizes":[]},"typography_font_weight":"600","typography_line_height":{"unit":"em","size":1.399999999999999911182158029987476766109466552734375,"sizes":[]},"align":"center","_animation":"fadeIn","_animation_delay":200},"elements":[],"isInner":false,"widgetType":"heading","elType":"widget"},{"id":"782fce35","settings":{"title":"These are the most recent villas & holiday houses added on our website, and the best of them are highlighted with the featured status first. ","header_size":"p","align":"center","title_color":"#808285","typography_typography":"custom","typography_font_size":{"unit":"px","size":17,"sizes":[]},"typography_font_weight":"400","_animation":"fadeIn","_animation_delay":200},"elements":[],"isInner":false,"widgetType":"heading","elType":"widget"}],"isInner":true,"elType":"column"},{"id":"7cab247","settings":{"_column_size":33,"_inline_size":22},"elements":[],"isInner":true,"elType":"column"}],"isInner":true,"elType":"section"},{"id":"46d3296f","settings":{"space":{"unit":"px","size":30,"sizes":[]}},"elements":[],"isInner":false,"widgetType":"spacer","elType":"widget"},{"id":"3e9113c4","settings":{"number":"6","rownumber":3},"elements":[],"isInner":false,"widgetType":"Wprentals_Recent_Items","elType":"widget"}],"isInner":false,"elType":"column"}],"isInner":false,"elType":"section"},{"id":"482f55ed","settings":{"layout":"full_width","gap":"no","stretch_section":"section-stretched"},"elements":[{"id":"16d834d5","settings":{"_column_size":100,"_inline_size":null},"elements":[{"id":"4137a758","settings":{"article_id":"240","type":"type3"},"elements":[],"isInner":false,"widgetType":"Wprentals_Featured_Article","elType":"widget"}],"isInner":false,"elType":"column"}],"isInner":false,"elType":"section"},{"id":"794a21b7","settings":{"stretch_section":"section-stretched","layout":"full_width","background_background":"classic","background_color":"#FFFFFF","padding":{"unit":"px","top":"100","right":"0","bottom":"50","left":"0","isLinked":false}},"elements":[{"id":"4a95d835","settings":{"_column_size":100,"_inline_size":null},"elements":[{"id":"7660159c","settings":{"structure":"30"},"elements":[{"id":"53c1ed0f","settings":{"_column_size":33,"_inline_size":22},"elements":[],"isInner":true,"elType":"column"},{"id":"7be1a150","settings":{"_column_size":33,"_inline_size":55.332999999999998408384271897375583648681640625},"elements":[{"id":"2c13ecec","settings":{"title":"Why Book with Ibiza Rentals","title_color":"#484848","typography_typography":"custom","typography_font_size":{"unit":"px","size":37,"sizes":[]},"typography_font_weight":"600","typography_line_height":{"unit":"em","size":1.399999999999999911182158029987476766109466552734375,"sizes":[]},"align":"center","_animation":"fadeIn","_animation_delay":200},"elements":[],"isInner":false,"widgetType":"heading","elType":"widget"},{"id":"1c0e5b91","settings":{"title":"We have a superb selection of exotic, unusual properties that are hard to categorize but which are undoubtedly distinct.","header_size":"p","align":"center","title_color":"#808285","typography_typography":"custom","typography_font_size":{"unit":"px","size":17,"sizes":[]},"typography_font_weight":"400","_animation":"fadeIn","_animation_delay":300},"elements":[],"isInner":false,"widgetType":"heading","elType":"widget"}],"isInner":true,"elType":"column"},{"id":"1df270b0","settings":{"_column_size":33,"_inline_size":22},"elements":[],"isInner":true,"elType":"column"}],"isInner":true,"elType":"section"},{"id":"2c25225e","settings":{"space":{"unit":"px","size":30,"sizes":[]}},"elements":[],"isInner":false,"widgetType":"spacer","elType":"widget"},{"id":"1524e1a8","settings":{"tabs":[{"tab_title":"Personalized Service","tab_content":"","tab_icon":{"id":27969,"url":"http:\/\/demo-install.wpestate.org\/wp-content\/uploads\/2020\/10\/wellness.svg"},"template_tab":"27989","_id":"075e188"},{"tab_title":"Safe Rentals","tab_content":"","_id":"8f62254","tab_icon":{"id":27970,"url":"http:\/\/demo-install.wpestate.org\/wp-content\/uploads\/2020\/10\/first-aid.svg"},"template_tab":"27984"},{"tab_title":"Extra Services ","tab_content":"","tab_icon":{"id":27971,"url":"http:\/\/demo-install.wpestate.org\/wp-content\/uploads\/2020\/10\/chair_accessible.svg"},"_id":"681d1a2","template_tab":"27981"},{"tab_title":"Special Offers","tab_content":"","tab_icon":{"id":27972,"url":"http:\/\/demo-install.wpestate.org\/wp-content\/uploads\/2020\/10\/bedrooms.svg"},"_id":"fd717ce","template_tab":"27978"}],"tab_active_color":"#E63264"},"elements":[],"isInner":false,"widgetType":"WpRentals_Tabs","elType":"widget"}],"isInner":false,"elType":"column"}],"isInner":false,"elType":"section"},{"id":"1980145c","settings":{"stretch_section":"section-stretched","background_background":"classic","background_image":{"id":27973,"url":"http:\/\/demo-install.wpestate.org\/wp-content\/uploads\/2020\/10\/background_sea_elements.jpg"},"background_position":"top center","padding":{"unit":"px","top":"100","right":"0","bottom":"100","left":"0","isLinked":false}},"elements":[{"id":"239536d6","settings":{"_column_size":100,"_inline_size":null},"elements":[{"id":"18767b69","settings":{"structure":"30"},"elements":[{"id":"22c933a4","settings":{"_column_size":33,"_inline_size":22},"elements":[],"isInner":true,"elType":"column"},{"id":"1e7ee4d6","settings":{"_column_size":33,"_inline_size":55.332999999999998408384271897375583648681640625,"padding":{"unit":"px","top":"90","right":"0","bottom":"0","left":"0","isLinked":false}},"elements":[{"id":"6d93555c","settings":{"title":"Places for all Budgets","title_color":"#484848","typography_typography":"custom","typography_font_size":{"unit":"px","size":37,"sizes":[]},"typography_font_weight":"600","typography_line_height":{"unit":"em","size":1.399999999999999911182158029987476766109466552734375,"sizes":[]},"align":"center","_animation":"fadeIn","_animation_delay":200},"elements":[],"isInner":false,"widgetType":"heading","elType":"widget"},{"id":"526b063b","settings":{"title":"Check out the the most interesting properties from the most popular categories you can find for rent with Ibiza Rentals website","header_size":"p","align":"center","title_color":"#808285","typography_typography":"custom","typography_font_size":{"unit":"px","size":17,"sizes":[]},"typography_font_weight":"400","_animation":"fadeIn","_animation_delay":200},"elements":[],"isInner":false,"widgetType":"heading","elType":"widget"}],"isInner":true,"elType":"column"},{"id":"188635ed","settings":{"_column_size":33,"_inline_size":22},"elements":[],"isInner":true,"elType":"column"}],"isInner":true,"elType":"section"},{"id":"6b138026","settings":{"space":{"unit":"px","size":30,"sizes":[]}},"elements":[],"isInner":false,"widgetType":"spacer","elType":"widget"},{"id":"6d521266","settings":{"structure":"30"},"elements":[{"id":"b5deda7","settings":{"_column_size":33,"_inline_size":null},"elements":[{"id":"d2f6c25","settings":{"place_id":"11","type":"type3"},"elements":[],"isInner":false,"widgetType":"WpRentals_Featured_Place","elType":"widget"}],"isInner":true,"elType":"column"},{"id":"3ab9fad7","settings":{"_column_size":33,"_inline_size":null},"elements":[{"id":"5bc354f8","settings":{"place_id":"11","type":"type3"},"elements":[],"isInner":false,"widgetType":"WpRentals_Featured_Place","elType":"widget"}],"isInner":true,"elType":"column"},{"id":"7eb83680","settings":{"_column_size":33,"_inline_size":null},"elements":[{"id":"4f706b33","settings":{"place_id":"11","type":"type3"},"elements":[],"isInner":false,"widgetType":"WpRentals_Featured_Place","elType":"widget"}],"isInner":true,"elType":"column"}],"isInner":true,"elType":"section"}],"isInner":false,"elType":"column"}],"isInner":false,"elType":"section"},{"id":"406beddd","settings":{"layout":"full_width","stretch_section":"section-stretched","background_background":"classic","background_image":{"id":27975,"url":"http:\/\/demo-install.wpestate.org\/wp-content\/uploads\/2020\/10\/home_background.jpg"},"background_size":"cover","background_overlay_background":"classic","background_overlay_color":"#000000","background_overlay_opacity":{"unit":"px","size":0.82999999999999996003197111349436454474925994873046875,"sizes":[]},"padding":{"unit":"px","top":"150","right":"0","bottom":"150","left":"0","isLinked":false},"background_attachment":"fixed","css_filters_css_filter":"custom"},"elements":[{"id":"2042784b","settings":{"_column_size":100,"_inline_size":null},"elements":[{"id":"57b23700","settings":{"structure":"30"},"elements":[{"id":"111b32c5","settings":{"_column_size":33,"_inline_size":22},"elements":[],"isInner":true,"elType":"column"},{"id":"786861ba","settings":{"_column_size":33,"_inline_size":55.332999999999998408384271897375583648681640625,"padding":{"unit":"px","top":"0","right":"0","bottom":"0","left":"0","isLinked":false}},"elements":[{"id":"246c1fd6","settings":{"title":"Travel Reviews","title_color":"#FFFFFF","typography_typography":"custom","typography_font_size":{"unit":"px","size":37,"sizes":[]},"typography_font_weight":"600","typography_line_height":{"unit":"em","size":1.399999999999999911182158029987476766109466552734375,"sizes":[]},"align":"center","_animation":"fadeIn","_animation_delay":300},"elements":[],"isInner":false,"widgetType":"heading","elType":"widget"},{"id":"467a48","settings":{"title":"We are committed to making our clients happy with our services. Clients reviews stand as proof for the quality of service we offer daily.","header_size":"p","align":"center","title_color":"#FDFDFD","typography_typography":"custom","typography_font_size":{"unit":"px","size":17,"sizes":[]},"typography_font_weight":"400","_animation":"fadeIn","_animation_delay":200},"elements":[],"isInner":false,"widgetType":"heading","elType":"widget"},{"id":"248e7b3e","settings":{"space":{"unit":"px","size":30,"sizes":[]}},"elements":[],"isInner":false,"widgetType":"spacer","elType":"widget"}],"isInner":true,"elType":"column"},{"id":"52852391","settings":{"_column_size":33,"_inline_size":22},"elements":[],"isInner":true,"elType":"column"}],"isInner":true,"elType":"section"},{"id":"702a87f0","settings":{"structure":"30"},"elements":[{"id":"68a56e3","settings":{"_column_size":33,"_inline_size":null},"elements":[{"id":"6ff6001e","settings":{"client_name":"Jose Mourinho","title_client":"happy customer","imagelinks":{"id":27974,"url":"http:\/\/demo-install.wpestate.org\/wp-content\/uploads\/2020\/10\/Faye-e1526385057801-1-2.jpg"},"testimonial_text":"This is Photoshop's version of Lorem Ipsum. Proin gravida nibh vel velit auctor aliquet. Aenean sollicitudin, lorem quis bibendum auctor, nisi elit.","testimonial_type":"2","stars_client":"5"},"elements":[],"isInner":false,"widgetType":"WpRentals_Testimonial","elType":"widget"}],"isInner":true,"elType":"column"},{"id":"10793942","settings":{"_column_size":33,"_inline_size":null},"elements":[{"id":"6b701b2d","settings":{"client_name":"Jose Mourinho","title_client":"happy customer","imagelinks":{"id":27974,"url":"http:\/\/demo-install.wpestate.org\/wp-content\/uploads\/2020\/10\/Faye-e1526385057801-1-2.jpg"},"testimonial_text":"This is Photoshop's version of Lorem Ipsum. Proin gravida nibh vel velit auctor aliquet. Aenean sollicitudin, lorem quis bibendum auctor, nisi elit.","testimonial_type":"2","stars_client":"5"},"elements":[],"isInner":false,"widgetType":"WpRentals_Testimonial","elType":"widget"}],"isInner":true,"elType":"column"},{"id":"79f2f66e","settings":{"_column_size":33,"_inline_size":null},"elements":[{"id":"6959b48e","settings":{"client_name":"Jose Mourinho","title_client":"happy customer","imagelinks":{"id":27974,"url":"http:\/\/demo-install.wpestate.org\/wp-content\/uploads\/2020\/10\/Faye-e1526385057801-1-2.jpg"},"testimonial_text":"This is Photoshop's version of Lorem Ipsum. Proin gravida nibh vel velit auctor aliquet. Aenean sollicitudin, lorem quis bibendum auctor, nisi elit.","testimonial_type":"2","stars_client":"5"},"elements":[],"isInner":false,"widgetType":"WpRentals_Testimonial","elType":"widget"}],"isInner":true,"elType":"column"}],"isInner":true,"elType":"section"}],"isInner":false,"elType":"column"}],"isInner":false,"elType":"section"},{"id":"3e3503ec","settings":{"stretch_section":"section-stretched","background_background":"classic","padding":{"unit":"px","top":"100","right":"0","bottom":"100","left":"0","isLinked":false}},"elements":[{"id":"1609f349","settings":{"_column_size":100,"_inline_size":null},"elements":[{"id":"3fc72277","settings":{"structure":"30"},"elements":[{"id":"165d2f88","settings":{"_column_size":33,"_inline_size":22},"elements":[],"isInner":true,"elType":"column"},{"id":"1046c13f","settings":{"_column_size":33,"_inline_size":55.332999999999998408384271897375583648681640625},"elements":[{"id":"fc0e671","settings":{"title":"Ibiza Activities","title_color":"#484848","typography_typography":"custom","typography_font_size":{"unit":"px","size":37,"sizes":[]},"typography_font_weight":"600","typography_line_height":{"unit":"em","size":1.399999999999999911182158029987476766109466552734375,"sizes":[]},"align":"center","_animation":"fadeIn","_animation_delay":200},"elements":[],"isInner":false,"widgetType":"heading","elType":"widget"},{"id":"69e9e56b","settings":{"title":"Learn about what you can do in Ibiza, tips on how to travel on a budget around the world, and more useful info for travelers.","header_size":"p","align":"center","title_color":"#808285","typography_typography":"custom","typography_font_size":{"unit":"px","size":17,"sizes":[]},"typography_font_weight":"400","_animation":"fadeIn","_animation_delay":200},"elements":[],"isInner":false,"widgetType":"heading","elType":"widget"},{"id":"1355a34d","settings":{"space":{"unit":"px","size":30,"sizes":[]}},"elements":[],"isInner":false,"widgetType":"spacer","elType":"widget"}],"isInner":true,"elType":"column"},{"id":"4c990bae","settings":{"_column_size":33,"_inline_size":22},"elements":[],"isInner":true,"elType":"column"}],"isInner":true,"elType":"section"},{"id":"499348dd","settings":{"type":"articles","number":3,"rownumber":3},"elements":[],"isInner":false,"widgetType":"Wprentals_Recent_Items","elType":"widget"}],"isInner":false,"elType":"column"}],"isInner":false,"elType":"section"}],"page_settings":[],"version":"0.4","title":"Homepage Ibiza Elementor","type":"page"}