{"version":"0.4","title":"tab3","type":"section","content":[{"id":"3df5334e","settings":{"gap":"no","structure":"20"},"elements":[{"id":"4a2ffed8","settings":{"_column_size":50,"_inline_size":39.97200000000000130739863379858434200286865234375,"space_between_widgets":25,"padding":{"unit":"%","top":"8","right":"15","bottom":"8","left":"0","isLinked":false},"padding_mobile":{"unit":"px","top":"30","right":"30","bottom":"60","left":"30","isLinked":false}},"elements":[{"id":"6464482e","settings":{"title":"Chair Accessible Listings","title_color":"#484848","typography_typography":"custom","typography_font_family":"Roboto","typography_font_size":{"unit":"px","size":29,"sizes":[]},"typography_font_weight":"600","typography_line_height":{"unit":"em","size":1.3000000000000000444089209850062616169452667236328125,"sizes":[]},"align_mobile":"center"},"elements":[],"isInner":false,"widgetType":"heading","elType":"widget"},{"id":"5ef80350","settings":{"title":"Ibiza Rentals makes it easy and quick to rent properties in your favorite island. We guarantee:","title_color":"#808285","typography_typography":"custom","typography_font_family":"Roboto","typography_font_size":{"unit":"px","size":15,"sizes":[]},"typography_font_weight":"400","typography_line_height":{"unit":"em","size":1.5,"sizes":[]},"align_mobile":"center"},"elements":[],"isInner":false,"widgetType":"heading","elType":"widget"},{"id":"71f685c1","settings":{"icon_list":[{"text":"Safety and security","_id":"98f9f59"},{"text":"No hidden fees","_id":"d1598f8"},{"text":"Personalized services","_id":"1ed482c"}],"space_between":{"unit":"px","size":8,"sizes":[]},"icon_color":"#E63264","text_color":"#808285","icon_typography_typography":"custom","icon_typography_font_family":"Roboto","icon_typography_font_size":{"unit":"px","size":15,"sizes":[]},"icon_typography_font_weight":"400","icon_align_mobile":"center"},"elements":[],"isInner":false,"widgetType":"icon-list","elType":"widget"},{"id":"362981","settings":{"text":"Book Now","size":"md","typography_typography":"custom","typography_font_size":{"unit":"px","size":14,"sizes":[]},"typography_font_weight":"500","background_color":"#E63264","text_padding":{"unit":"px","top":"15","right":"60","bottom":"15","left":"60","isLinked":false},"align_mobile":"center"},"elements":[],"isInner":false,"widgetType":"button","elType":"widget"}],"isInner":false,"elType":"column"},{"id":"21db2e02","settings":{"_column_size":50,"_inline_size":60.02799999999999869260136620141565799713134765625},"elements":[{"id":"a7195b7","settings":{"image":{"url":"http:\/\/rentals1.wpestate.info\/wp-content\/uploads\/2020\/10\/chair_accessible_beach_800.jpeg","id":28104},"image_size":"custom","image_custom_dimension":{"width":"675","height":"370"}},"elements":[],"isInner":false,"widgetType":"image","elType":"widget"}],"isInner":false,"elType":"column"}],"isInner":false,"elType":"section"}]}