{"version":"0.4","title":"tab2","type":"section","content":[{"id":"2f3b6675","settings":{"gap":"no","structure":"20"},"elements":[{"id":"41ead558","settings":{"_column_size":50,"_inline_size":60.02799999999999869260136620141565799713134765625,"padding_mobile":{"unit":"px","top":"3","right":"3","bottom":"3","left":"3","isLinked":true}},"elements":[{"id":"450eae8f","settings":{"image":{"url":"http:\/\/rentals1.wpestate.info\/wp-content\/uploads\/2020\/10\/people4.jpg","id":28098},"image_size":"custom","image_custom_dimension":{"width":"675","height":"370"}},"elements":[],"isInner":false,"widgetType":"image","elType":"widget"}],"isInner":false,"elType":"column"},{"id":"4fabb2ab","settings":{"_column_size":50,"_inline_size":39.97200000000000130739863379858434200286865234375,"space_between_widgets":25,"padding":{"unit":"%","top":"8","right":"0","bottom":"8","left":"15","isLinked":false},"padding_mobile":{"unit":"px","top":"60","right":"30","bottom":"30","left":"30","isLinked":false}},"elements":[{"id":"2b49f0b6","settings":{"title":"Travel Safe in Ibiza","title_color":"#484848","typography_typography":"custom","typography_font_family":"Roboto","typography_font_size":{"unit":"px","size":29,"sizes":[]},"typography_font_weight":"600","typography_line_height":{"unit":"em","size":1.3000000000000000444089209850062616169452667236328125,"sizes":[]},"align_mobile":"center"},"elements":[],"isInner":false,"widgetType":"heading","elType":"widget"},{"id":"7a776f1d","settings":{"title":"Ibiza Rentals makes it easy and quick to rent properties in your favorite island. We guarantee:","title_color":"#808285","typography_typography":"custom","typography_font_family":"Roboto","typography_font_size":{"unit":"px","size":15,"sizes":[]},"typography_font_weight":"400","typography_line_height":{"unit":"em","size":1.5,"sizes":[]},"align_mobile":"center"},"elements":[],"isInner":false,"widgetType":"heading","elType":"widget"},{"id":"4ba12a52","settings":{"icon_list":[{"text":"Safety and security","_id":"98f9f59"},{"text":"No hidden fees","_id":"d1598f8"},{"text":"Personalized services","_id":"1ed482c"}],"space_between":{"unit":"px","size":8,"sizes":[]},"icon_color":"#E63264","text_color":"#808285","icon_typography_typography":"custom","icon_typography_font_family":"Roboto","icon_typography_font_size":{"unit":"px","size":15,"sizes":[]},"icon_typography_font_weight":"400","icon_align_mobile":"center"},"elements":[],"isInner":false,"widgetType":"icon-list","elType":"widget"},{"id":"5cd48367","settings":{"text":"Book Now","size":"md","typography_typography":"custom","typography_font_size":{"unit":"px","size":14,"sizes":[]},"typography_font_weight":"500","background_color":"#E63264","text_padding":{"unit":"px","top":"15","right":"60","bottom":"15","left":"60","isLinked":false},"align_mobile":"center"},"elements":[],"isInner":false,"widgetType":"button","elType":"widget"}],"isInner":false,"elType":"column"}],"isInner":false,"elType":"section"}]}