{"content":[{"id":"1a00f858","settings":{"height":"min-height","custom_height":{"unit":"vh","size":64,"sizes":[]},"column_position":"stretch","background_background":"classic","background_position":"center right","background_repeat":"no-repeat","background_size":"cover","_title":"Hero","background_size_tablet":"cover","custom_height_tablet":{"unit":"vh","size":55,"sizes":[]},"custom_height_mobile":{"unit":"vh","size":"","sizes":[]},"padding_mobile":{"unit":"px","top":"30","right":"30","bottom":"30","left":"30","isLinked":""},"gap":"no","gap_columns_custom":{"unit":"px","size":15,"sizes":[]},"stretch_section":"section-stretched","background_color":"#1E2E31","background_image":{"url":"https:\/\/iceland.wprentals.org\/wp-content\/uploads\/2015\/04\/3.jpeg","id":39166,"alt":"","source":"library"},"background_xpos":{"unit":"vw","size":27,"sizes":[]},"padding":{"unit":"%","top":"","right":"","bottom":"","left":"","isLinked":false},"background_xpos_tablet":{"unit":"vw","size":0,"sizes":[]},"background_xpos_mobile":{"unit":"vw","size":0,"sizes":[]},"background_overlay_background":"classic","background_overlay_image":{"url":"","id":"","alt":"","source":"library"},"background_overlay_position":"bottom left","background_overlay_xpos":{"unit":"px","size":-124,"sizes":[]},"background_overlay_ypos":{"unit":"px","size":207,"sizes":[]},"background_overlay_repeat":"no-repeat","background_overlay_opacity":{"unit":"px","size":0.65000000000000002220446049250313080847263336181640625,"sizes":[]},"padding_tablet":{"unit":"%","top":"","right":"","bottom":"","left":"","isLinked":true},"content_width":{"unit":"px","size":700,"sizes":[]},"background_overlay_color":"#1E2E31","margin":{"unit":"px","top":"-55","right":0,"bottom":"0","left":0,"isLinked":false},"margin_tablet":{"unit":"px","top":"60","right":0,"bottom":"0","left":0,"isLinked":false}},"elements":[{"id":"184032c3","settings":{"_column_size":100,"content_position":"center","padding":{"unit":"%","top":"","right":"","bottom":"","left":"","isLinked":""},"background_background":"classic","_inline_size":null,"padding_tablet":{"unit":"px","top":"30","right":"30","bottom":"30","left":"30","isLinked":"1"},"space_between_widgets":"30","space_between_widgets_tablet":"15","padding_mobile":{"unit":"px","top":"0","right":"0","bottom":"0","left":"0","isLinked":""},"margin":{"unit":"px","top":"0","right":"0","bottom":"0","left":"0","isLinked":false}},"elements":[{"id":"706f7e00","settings":{"gap":"no"},"elements":[{"id":"2cee8533","settings":{"_column_size":100,"_inline_size":null},"elements":[{"id":"64f69d96","settings":{"title":"GET TO KNOW","title_color":"#FFFFFF","typography_typography":"custom","typography_font_family":"Roboto","typography_font_size":{"unit":"px","size":14,"sizes":[]},"typography_font_weight":"700","typography_text_transform":"capitalize","header_size":"h3","align_mobile":"center","typography_line_height":{"unit":"px","size":24,"sizes":[]},"typography_letter_spacing":{"unit":"px","size":5,"sizes":[]},"align":"center"},"elements":[],"isInner":false,"widgetType":"heading","elType":"widget"},{"id":"51756866","settings":{"title":"ABOUT US","title_color":"#FFFFFF","typography_typography":"custom","typography_font_family":"Lora","typography_font_size":{"unit":"px","size":60,"sizes":[]},"typography_font_weight":"300","header_size":"h1","typography_text_transform":"capitalize","motion_fx_blur_range":{"unit":"%","size":"","sizes":{"start":"20","end":"73"}},"typography_line_height":{"unit":"em","size":1.0500000000000000444089209850062616169452667236328125,"sizes":[]},"align_mobile":"center","align":"center"},"elements":[],"isInner":false,"widgetType":"heading","elType":"widget"},{"id":"6b053263","settings":{"title":"Iceland Rentals is proud to offer assistance with everything you need to plan your next holiday to the Europe\u2019s most beautiful island destination.","header_size":"p","title_color":"#FFFFFF","typography_typography":"custom","typography_font_family":"Roboto","typography_font_size":{"unit":"px","size":17,"sizes":[]},"typography_font_weight":"300","_margin_mobile":{"unit":"px","top":"0","right":"0","bottom":"0","left":"0","isLinked":"1"},"_padding":{"unit":"%","top":"0","right":"0","bottom":"0","left":"0","isLinked":""},"align_mobile":"center","_padding_mobile":{"unit":"px","top":"0","right":"0","bottom":"0","left":"0","isLinked":false},"typography_line_height":{"unit":"px","size":28,"sizes":[]},"align":"center"},"elements":[],"isInner":false,"widgetType":"heading","elType":"widget"}],"isInner":true,"elType":"column"}],"isInner":true,"elType":"section"}],"isInner":"","elType":"column"}],"isInner":"","elType":"section"},{"id":"4ee18aa6","settings":{"structure":"20","_title":"Question 1","padding_tablet":{"unit":"px","top":"0","right":"50","bottom":"0","left":"50","isLinked":""},"reverse_order_tablet":"reverse-tablet","padding_mobile":{"unit":"px","top":"0","right":"0","bottom":"0","left":"0","isLinked":""},"margin":{"unit":"px","top":"100","right":0,"bottom":"100","left":0,"isLinked":false},"height":"min-height","custom_height":{"unit":"px","size":550,"sizes":[]},"column_position":"stretch","content_position":"middle"},"elements":[{"id":"538368a2","settings":{"_column_size":"50","padding":{"unit":"px","top":"0","right":"0","bottom":"0","left":"0","isLinked":"1"},"_inline_size_tablet":"100","content_position_tablet":"center","content_position_mobile":"center","padding_tablet":{"unit":"px","top":"50","right":"0","bottom":"0","left":"0","isLinked":""},"padding_mobile":{"unit":"px","top":"0","right":"0","bottom":"0","left":"0","isLinked":"1"},"content_position":"center","background_background":"classic","background_image":{"id":39138,"url":"https:\/\/iceland.wprentals.org\/wp-content\/uploads\/2022\/11\/campervan.jpeg","alt":"","source":"library"},"background_motion_fx_motion_fx_scrolling":"yes","background_motion_fx_translateY_effect":"yes","background_motion_fx_translateY_direction":"negative","background_motion_fx_translateY_speed":{"unit":"px","size":"2.5","sizes":[]},"background_repeat":"no-repeat","background_position":"center center","margin_tablet":{"unit":"px","top":"50","right":"0","bottom":"0","left":"0","isLinked":false},"margin_mobile":{"unit":"px","top":"0","right":"0","bottom":"0","left":"0","isLinked":true},"animation":"fadeInLeft"},"elements":[{"id":"67767105","settings":{"space_tablet":{"unit":"px","size":383,"sizes":[]},"space_mobile":{"unit":"px","size":437,"sizes":[]}},"elements":[],"isInner":false,"widgetType":"spacer","elType":"widget"}],"isInner":"","elType":"column"},{"id":"59b78101","settings":{"_column_size":"50","content_position":"center","padding":{"unit":"px","top":"30","right":"50","bottom":"30","left":"90","isLinked":""},"_inline_size_tablet":"100","margin_mobile":{"unit":"px","top":"50","right":"0","bottom":"0","left":"0","isLinked":""},"padding_tablet":{"unit":"px","top":"0","right":"0","bottom":"0","left":"0","isLinked":"1"}},"elements":[{"id":"3099f983","settings":{"title":"Passionate People","header_size":"p","align_mobile":"center","title_color":"#83A9C5","typography_typography":"custom","typography_font_family":"Roboto","typography_font_size":{"unit":"px","size":14,"sizes":[]},"typography_font_weight":"700","typography_text_transform":"capitalize","typography_line_height":{"unit":"px","size":24,"sizes":[]},"typography_letter_spacing":{"unit":"px","size":5,"sizes":[]},"_animation":"fadeIn"},"elements":[],"isInner":false,"widgetType":"heading","elType":"widget"},{"id":"3a1e4014","settings":{"title":"What is Iceland Rentals, and where do all these campervans come from?","align":"left","align_mobile":"center","title_color":"#1E2E31","typography_typography":"custom","typography_font_family":"Lora","typography_font_size":{"unit":"px","size":30,"sizes":[]},"typography_font_weight":"300","typography_text_transform":"capitalize","typography_line_height":{"unit":"em","size":1.25,"sizes":[]},"_animation":"fadeIn"},"elements":[],"isInner":false,"widgetType":"heading","elType":"widget"},{"id":"324b4ff1","settings":{"title":"You can choose from over 2000 campers on Iceland Rentals giving you plenty of opportunities to find the ideal one for you! These campervans are mostly hired out by private individuals across Iceland. Rentals has built up a large community of cheerful, friendly and adventurous campervan owners who are eager to share their motorhome with those looking to experience a holiday in one.","header_size":"p","title_color":"#7A7A7A","typography_typography":"custom","typography_font_family":"Roboto","typography_font_size":{"unit":"px","size":15,"sizes":[]},"typography_font_weight":"300","typography_line_height":{"unit":"em","size":1.600000000000000088817841970012523233890533447265625,"sizes":[]},"align_mobile":"center","_animation":"fadeIn"},"elements":[],"isInner":false,"widgetType":"heading","elType":"widget"},{"id":"1a13566","settings":{"text":"Explore featured listings","size":"md","selected_icon":{"value":"fas fa-caret-right","library":"fa-solid"},"icon_align":"right","icon_indent":{"unit":"px","size":"10","sizes":[]},"typography_typography":"custom","typography_font_family":"Roboto","typography_font_size":{"unit":"px","size":15,"sizes":[]},"typography_font_weight":"500","button_text_color":"#FFFFFF","background_color":"#83A9C5","border_radius":{"unit":"px","top":"30","right":"30","bottom":"30","left":"30","isLinked":"1"},"align":"left","button_background_hover_color":"#7598B1","hover_color":"#FFFFFF","align_tablet":"left","link":{"url":"\/motorhome-and-campervan-hire-in-iceland\/","is_external":"on","nofollow":""},"align_mobile":"center","_animation":"fadeIn"},"elements":[],"isInner":false,"widgetType":"button","elType":"widget"}],"isInner":"","elType":"column"}],"isInner":"","elType":"section"},{"id":"5484a7c","settings":{"structure":"50"},"elements":[{"id":"33d3d336","settings":{"_column_size":20,"_inline_size":null},"elements":[{"id":"75b235f3","settings":{"ending_number":10,"suffix":"K","title":"Bookings","number_color":"#83A9C5","typography_number_typography":"custom","typography_number_font_family":"Lora","typography_number_font_weight":"500","typography_number_font_size":{"unit":"px","size":55,"sizes":[]},"typography_title_typography":"custom","typography_title_font_family":"Roboto","typography_title_font_size":{"unit":"px","size":14,"sizes":[]},"typography_title_font_weight":"500","typography_title_line_height":{"unit":"px","size":45,"sizes":[]},"typography_title_letter_spacing":{"unit":"px","size":5,"sizes":[]}},"elements":[],"isInner":false,"widgetType":"counter","elType":"widget"}],"isInner":false,"elType":"column"},{"id":"4f7dc77","settings":{"_column_size":20,"_inline_size":null},"elements":[{"id":"53f7e93f","settings":{"ending_number":99,"title":"Motor Homes","number_color":"#83A9C5","typography_number_typography":"custom","typography_number_font_family":"Lora","typography_number_font_weight":"500","suffix":"+","typography_number_font_size":{"unit":"px","size":55,"sizes":[]},"typography_title_typography":"custom","typography_title_font_family":"Roboto","typography_title_font_size":{"unit":"px","size":14,"sizes":[]},"typography_title_font_weight":"500","typography_title_line_height":{"unit":"px","size":45,"sizes":[]},"typography_title_letter_spacing":{"unit":"px","size":5,"sizes":[]}},"elements":[],"isInner":false,"widgetType":"counter","elType":"widget"}],"isInner":false,"elType":"column"},{"id":"3d09e244","settings":{"_column_size":20,"_inline_size":null},"elements":[{"id":"47b3ba1","settings":{"title":"Customers","number_color":"#83A9C5","typography_number_typography":"custom","typography_number_font_family":"Lora","typography_number_font_weight":"500","ending_number":5,"suffix":"k","typography_number_font_size":{"unit":"px","size":55,"sizes":[]},"typography_title_typography":"custom","typography_title_font_family":"Roboto","typography_title_font_size":{"unit":"px","size":14,"sizes":[]},"typography_title_font_weight":"500","typography_title_line_height":{"unit":"px","size":45,"sizes":[]},"typography_title_letter_spacing":{"unit":"px","size":5,"sizes":[]}},"elements":[],"isInner":false,"widgetType":"counter","elType":"widget"}],"isInner":false,"elType":"column"},{"id":"64477ff6","settings":{"_column_size":20,"_inline_size":null},"elements":[{"id":"4b5c2c85","settings":{"title":"Rental Offices","number_color":"#83A9C5","typography_number_typography":"custom","typography_number_font_family":"Lora","typography_number_font_weight":"500","ending_number":4,"typography_number_font_size":{"unit":"px","size":55,"sizes":[]},"typography_title_typography":"custom","typography_title_font_family":"Roboto","typography_title_font_size":{"unit":"px","size":14,"sizes":[]},"typography_title_font_weight":"500","typography_title_line_height":{"unit":"px","size":45,"sizes":[]},"typography_title_letter_spacing":{"unit":"px","size":5,"sizes":[]}},"elements":[],"isInner":false,"widgetType":"counter","elType":"widget"}],"isInner":false,"elType":"column"},{"id":"79c93f71","settings":{"_column_size":20,"_inline_size":null},"elements":[{"id":"7c5feb94","settings":{"title":"Business Years","number_color":"#83A9C5","typography_number_typography":"custom","typography_number_font_family":"Lora","typography_number_font_weight":"500","ending_number":10,"suffix":"+","typography_number_font_size":{"unit":"px","size":55,"sizes":[]},"typography_title_typography":"custom","typography_title_font_family":"Roboto","typography_title_font_size":{"unit":"px","size":14,"sizes":[]},"typography_title_font_weight":"500","typography_title_line_height":{"unit":"px","size":45,"sizes":[]},"typography_title_letter_spacing":{"unit":"px","size":5,"sizes":[]}},"elements":[],"isInner":false,"widgetType":"counter","elType":"widget"}],"isInner":false,"elType":"column"}],"isInner":false,"elType":"section"},{"id":"572c889d","settings":{"structure":"20","margin":{"unit":"px","top":"100","right":0,"bottom":"0","left":0,"isLinked":""},"padding":{"unit":"px","top":"0","right":"20","bottom":"0","left":"0","isLinked":""},"_title":"Questions 2+3","margin_tablet":{"unit":"px","top":"0","right":"0","bottom":"0","left":"0","isLinked":"1"},"padding_tablet":{"unit":"px","top":"50","right":"50","bottom":"0","left":"50","isLinked":""},"padding_mobile":{"unit":"px","top":"0","right":"0","bottom":"0","left":"0","isLinked":""},"content_position":"middle","height":"min-height","custom_height":{"unit":"px","size":550,"sizes":[]},"column_position":"stretch","margin_mobile":{"unit":"px","top":"100","right":0,"bottom":"100","left":0,"isLinked":true}},"elements":[{"id":"5acec6c6","settings":{"_column_size":50,"_inline_size":null,"space_between_widgets":20,"padding":{"unit":"px","top":"0","right":"90","bottom":"0","left":"0","isLinked":""},"_inline_size_tablet":"100","margin_tablet":{"unit":"px","top":"0","right":"0","bottom":"50","left":"0","isLinked":""},"padding_tablet":{"unit":"px","top":"0","right":"0","bottom":"0","left":"0","isLinked":"1"}},"elements":[{"id":"718b73ba","settings":{"title":"How it works","header_size":"p","align_mobile":"center","title_color":"#83A9C5","typography_typography":"custom","typography_font_family":"Roboto","typography_font_size":{"unit":"px","size":14,"sizes":[]},"typography_font_weight":"700","typography_text_transform":"capitalize","typography_line_height":{"unit":"px","size":24,"sizes":[]},"typography_letter_spacing":{"unit":"px","size":5,"sizes":[]},"_animation":"fadeIn"},"elements":[],"isInner":false,"widgetType":"heading","elType":"widget"},{"id":"5bfbbf04","settings":{"title":"How we Help You rent a Motorhome from our site","align":"left","align_mobile":"center","title_color":"#1E2E31","typography_typography":"custom","typography_font_family":"Lora","typography_font_size":{"unit":"px","size":30,"sizes":[]},"typography_font_weight":"300","typography_text_transform":"capitalize","typography_line_height":{"unit":"em","size":1.25,"sizes":[]},"_animation":"fadeIn"},"elements":[],"isInner":false,"widgetType":"heading","elType":"widget"},{"id":"41f51457","settings":{"selected_icon":{"value":"","library":""},"title_text":" Find the perfect Motorhome","description_text":"Choose from the largest fleet in Iceland and look through the listings added to our site.","text_align":"left","title_bottom_space":{"unit":"px","size":15,"sizes":[]},"title_color":"#1E2E31","title_typography_typography":"custom","title_typography_font_family":"Lora","title_typography_font_size":{"unit":"px","size":18,"sizes":[]},"title_typography_font_weight":"500","title_typography_line_height":{"unit":"em","size":"1.5","sizes":[]},"description_color":"#7A7A7A","description_typography_typography":"custom","description_typography_font_family":"Roboto","description_typography_font_size":{"unit":"px","size":15,"sizes":[]},"description_typography_font_weight":"300","title_typography_font_size_mobile":{"unit":"px","size":"20","sizes":[]},"text_align_mobile":"center","_animation":"fadeIn"},"elements":[],"isInner":false,"widgetType":"icon-box","elType":"widget"},{"id":"638f4e03","settings":{"selected_icon":{"value":"","library":""},"title_text":"Personal Contact","description_text":"Use Contact Owner button to arrange a viewing of the motorhome and even go for a test drive.","text_align":"left","title_bottom_space":{"unit":"px","size":15,"sizes":[]},"title_color":"#1E2E31","title_typography_typography":"custom","title_typography_font_family":"Lora","title_typography_font_size":{"unit":"px","size":18,"sizes":[]},"title_typography_font_weight":"500","title_typography_line_height":{"unit":"em","size":"1.5","sizes":[]},"description_color":"#7A7A7A","description_typography_typography":"custom","description_typography_font_family":"Roboto","description_typography_font_size":{"unit":"px","size":15,"sizes":[]},"description_typography_font_weight":"300","title_typography_font_size_mobile":{"unit":"px","size":"20","sizes":[]},"text_align_mobile":"center","_animation":"fadeIn"},"elements":[],"isInner":false,"widgetType":"icon-box","elType":"widget"},{"id":"32f3c212","settings":{"selected_icon":{"value":"","library":""},"title_text":"Book your Motorhome","description_text":"Send a booking request and owner will approve it. If a deposit is needed, you can pay it through secure merchants to admin.","text_align":"left","title_bottom_space":{"unit":"px","size":15,"sizes":[]},"title_color":"#1E2E31","title_typography_typography":"custom","title_typography_font_family":"Lora","title_typography_font_size":{"unit":"px","size":18,"sizes":[]},"title_typography_font_weight":"500","title_typography_line_height":{"unit":"em","size":"1.5","sizes":[]},"description_color":"#7A7A7A","description_typography_typography":"custom","description_typography_font_family":"Roboto","description_typography_font_size":{"unit":"px","size":15,"sizes":[]},"description_typography_font_weight":"300","title_typography_font_size_mobile":{"unit":"px","size":"20","sizes":[]},"text_align_mobile":"center","_animation":"fadeIn"},"elements":[],"isInner":false,"widgetType":"icon-box","elType":"widget"}],"isInner":"","elType":"column"},{"id":"7992a0b4","settings":{"_column_size":50,"_inline_size":null,"_inline_size_tablet":100,"background_background":"classic","background_image":{"url":"https:\/\/iceland.wprentals.org\/wp-content\/uploads\/2022\/11\/roadcar-scaled-e1667987423367.jpeg","id":39375,"alt":"","source":"library"},"background_position":"center center","background_repeat":"no-repeat","background_size":"cover","margin":{"unit":"px","top":"0","right":"0","bottom":"0","left":"10","isLinked":false},"margin_tablet":{"unit":"px","top":"0","right":"0","bottom":"0","left":"0","isLinked":false},"animation":"fadeInRight"},"elements":[{"id":"2dd48a36","settings":{"title":"","header_size":"p"},"elements":[],"isInner":false,"widgetType":"heading","elType":"widget"},{"id":"720b4218","settings":{"space_tablet":{"unit":"px","size":383,"sizes":[]},"space_mobile":{"unit":"px","size":336,"sizes":[]}},"elements":[],"isInner":false,"widgetType":"spacer","elType":"widget"}],"isInner":false,"elType":"column"}],"isInner":"","elType":"section"},{"id":"4a7088bd","settings":{"layout":"full_width","height":"min-height","custom_height":{"unit":"px","size":474,"sizes":[]},"stretch_section":"section-stretched","background_background":"classic","background_color":"#1E2E31","background_image":{"url":"https:\/\/iceland.wprentals.org\/wp-content\/uploads\/2015\/04\/ext4.jpeg","id":39300,"alt":"","source":"library"},"background_overlay_background":"classic","background_overlay_color":"#1E2E31","background_overlay_image":{"url":"","id":"","alt":"","source":"library"},"background_overlay_position":"top center","background_overlay_repeat":"no-repeat","background_overlay_opacity":{"unit":"px","size":0.65000000000000002220446049250313080847263336181640625,"sizes":[]},"margin":{"unit":"px","top":"100","right":0,"bottom":"0","left":0,"isLinked":false},"background_position":"center center","background_repeat":"no-repeat","background_size":"cover","column_position":"top","margin_mobile":{"unit":"px","top":"0100","right":0,"bottom":"0","left":0,"isLinked":false}},"elements":[{"id":"7753a13f","settings":{"_column_size":100,"_inline_size":null},"elements":[{"id":"14522bca","settings":{"title":"Clients Testimonials","header_size":"p","align":"center","align_mobile":"center","title_color":"#83A9C5","typography_typography":"custom","typography_font_family":"Roboto","typography_font_size":{"unit":"px","size":14,"sizes":[]},"typography_font_weight":"700","typography_text_transform":"capitalize","typography_line_height":{"unit":"px","size":24,"sizes":[]},"typography_letter_spacing":{"unit":"px","size":5,"sizes":[]},"_padding":{"unit":"px","top":"100","right":"0","bottom":"0","left":"0","isLinked":false},"_animation":"fadeIn"},"elements":[],"isInner":false,"widgetType":"heading","elType":"widget"},{"id":"60e042f6","settings":{"title":"Read About Peoples Experiences<br> On Iceland Rentals Website","title_color":"#FFFFFF","typography_typography":"custom","typography_font_family":"Lora","typography_font_size":{"unit":"px","size":30,"sizes":[]},"typography_font_weight":"300","typography_line_height":{"unit":"em","size":1.25,"sizes":[]},"motion_fx_blur_range":{"unit":"%","size":"","sizes":{"start":"20","end":"73"}},"align_mobile":"center","align":"center","typography_text_transform":"capitalize","_animation":"fadeIn"},"elements":[],"isInner":false,"widgetType":"heading","elType":"widget"}],"isInner":false,"elType":"column"}],"isInner":false,"elType":"section"},{"id":"325f6adc","settings":{"layout":"full_width","custom_height":{"unit":"px","size":474,"sizes":[]},"stretch_section":"section-stretched","background_background":"classic","background_image":{"url":"","id":"","alt":"","source":"library"},"background_overlay_background":"classic","background_overlay_image":{"url":"","id":"","alt":"","source":"library"},"background_overlay_position":"top center","background_overlay_repeat":"no-repeat","background_overlay_opacity":{"unit":"px","size":0.65000000000000002220446049250313080847263336181640625,"sizes":[]},"margin":{"unit":"px","top":"-210","right":0,"bottom":"0","left":0,"isLinked":false},"background_position":"center center","background_repeat":"no-repeat","background_size":"cover"},"elements":[{"id":"ccb9a8b","settings":{"_column_size":100,"_inline_size":null,"margin_tablet":{"unit":"px","top":"55","right":"0","bottom":"0","left":"0","isLinked":false},"margin_mobile":{"unit":"px","top":"70","right":"0","bottom":"6","left":"0","isLinked":false},"padding_tablet":{"unit":"px","top":"0","right":"60","bottom":"0","left":"60","isLinked":false},"padding_mobile":{"unit":"px","top":"0","right":"20","bottom":"0","left":"20","isLinked":false}},"elements":[{"id":"3ea130cf","settings":{"list":[{"testimonial_title":"Very easy process!","testimonial_text":"<p>\u201cThe whole booking process was straightforward and easy. She was even available to take calls whilst we were away. We had a great time and wouldn't hesitate in recommending Jacqui and shall be planning our next trip soon\u201c<\/p>","_id":"fb547f3","testimonial_job":"from Portugal","testimonial_stars":"5","testimonial_name":"Anna Simmons","testimonial_image":{"id":38767,"url":"https:\/\/iceland.wprentals.org\/wp-content\/uploads\/2022\/11\/slide1.jpeg","alt":"","source":"library"}},{"testimonial_title":"Hassle free holiday!","testimonial_text":"<p>\u201cRichard has been the perfect hirer - friendly, welcoming and very clear in explaining how it all works - he made our first campervanning experience easy and fun and not half as scary as I was imagining. Thanks Richard!\u201c<\/p>","testimonial_job":"from Spain","testimonial_stars":"5","testimonial_name":"Donna Gilmore","testimonial_image":{"id":38768,"url":"https:\/\/iceland.wprentals.org\/wp-content\/uploads\/2022\/11\/testimonial_slider2-e1641906256343.jpeg"},"_id":"5bbd4ce"},{"testimonial_title":"Efficient and quick!","testimonial_text":"<p>\u201cI don\u2019t think I can say enough to properly convey the wonderful experience we had renting the campervan from David and Richard! The customer service was wonderful, we will absolutely be utilizing them again for a holiday\u201c<\/p>","testimonial_job":"from Portugal","testimonial_stars":"5","testimonial_name":"Jane Simon","testimonial_image":{"id":38769,"url":"https:\/\/iceland.wprentals.org\/wp-content\/uploads\/2022\/11\/woman-e1641906455622.jpeg"},"_id":"a4c88d7"}],"testimonial_content_typography":"custom","testimonial_content_font_family":"Roboto","testimonial_content_font_size":{"unit":"px","size":15,"sizes":[]},"testimonial_content_font_weight":"300","testimonial_postion_typography":"custom","testimonial_postion_font_family":"Roboto","testimonial_postion_font_size":{"unit":"px","size":15,"sizes":[]},"testimonial_postion_font_weight":"400","testimonial_postion_line_height":{"unit":"em","size":1.899999999999999911182158029987476766109466552734375,"sizes":[]},"content_color":"#5D6475","name_color":"#83A9C5","item_testimonial_job":"#83A9C54D","arrow_color":"#FFFFFF","arrow_bck_color":"#83A9C5","arrow_color_hover":"#83A9C5","arrow_bck_color_hover":"#FFFFFF","bullet_color":"#83A9C547","bullet_color_active":"#83A9C5","_animation_delay":50,"arrow_border_radius":{"unit":"px","top":"100","right":"100","bottom":"100","left":"100","isLinked":true},"testimonial_title_typography":"custom","testimonial_title_font_family":"Lora","testimonial_title_font_size":{"unit":"px","size":22,"sizes":[]},"testimonial_title_font_weight":"500","title_color":"#1E2E31","testimonial_content_line_height":{"unit":"px","size":26,"sizes":[]},"_margin":{"unit":"px","top":"0","right":"0","bottom":"0","left":"0","isLinked":false},"_z_index":9999},"elements":[],"isInner":false,"widgetType":"WpRentals_Testimonial_Slider","elType":"widget"}],"isInner":false,"elType":"column"}],"isInner":false,"elType":"section"},{"id":"73887e06","settings":{"margin":{"unit":"px","top":"100","right":0,"bottom":"0","left":0,"isLinked":""},"_title":"featured owners","margin_tablet":{"unit":"px","top":"100","right":0,"bottom":"0","left":0,"isLinked":""},"margin_mobile":{"unit":"px","top":"100","right":0,"bottom":"0","left":0,"isLinked":""},"padding_mobile":{"unit":"px","top":"0","right":"10","bottom":"0","left":"10","isLinked":""},"padding_tablet":{"unit":"px","top":"0","right":"0","bottom":"0","left":"0","isLinked":false},"gap":"no","stretch_section":"section-stretched"},"elements":[{"id":"68127c4f","settings":{"_column_size":100,"content_position":"center","padding":{"unit":"px","top":"0","right":"0","bottom":"0","left":"0","isLinked":""},"_inline_size_tablet":"100","padding_tablet":{"unit":"px","top":"0","right":"0","bottom":"0","left":"0","isLinked":""},"padding_mobile":{"unit":"px","top":"0","right":"0","bottom":"0","left":"0","isLinked":"1"},"_inline_size":null,"margin_tablet":{"unit":"px","top":"0","right":"0","bottom":"50","left":"0","isLinked":false},"_title":"properties list title"},"elements":[{"id":"27718595","settings":{"title":"Featured Van Owners","header_size":"p","align":"center","align_mobile":"center","title_color":"#83A9C5","typography_typography":"custom","typography_font_family":"Roboto","typography_font_size":{"unit":"px","size":14,"sizes":[]},"typography_font_weight":"700","typography_text_transform":"capitalize","typography_line_height":{"unit":"px","size":24,"sizes":[]},"typography_letter_spacing":{"unit":"px","size":5,"sizes":[]},"_animation":"fadeIn"},"elements":[],"isInner":false,"widgetType":"heading","elType":"widget"},{"id":"6a3d5d8f","settings":{"title":"Rent a Motorhome from<br>Van Owners with Experience","title_color":"#1E2E31","typography_typography":"custom","typography_font_family":"Lora","typography_font_size":{"unit":"px","size":30,"sizes":[]},"typography_font_weight":"300","typography_line_height":{"unit":"em","size":1.25,"sizes":[]},"motion_fx_blur_range":{"unit":"%","size":"","sizes":{"start":"20","end":"73"}},"align_mobile":"center","align":"center","typography_text_transform":"capitalize","_animation":"fadeIn"},"elements":[],"isInner":false,"widgetType":"heading","elType":"widget"},{"id":"684f84f3","settings":{"structure":"30","margin":{"unit":"px","top":"5","right":0,"bottom":"0","left":0,"isLinked":false}},"elements":[{"id":"52abc18e","settings":{"_column_size":33,"_inline_size":null},"elements":[{"id":"1815ad16","settings":{"owner_id":"39082","design_type":"2","notes":"Superhost & Identify Verified","_animation":"fadeIn"},"elements":[],"isInner":false,"widgetType":"Wprentals_Featured_Owner","elType":"widget"}],"isInner":true,"elType":"column"},{"id":"7b6082ed","settings":{"_column_size":33,"_inline_size":null,"animation":"fadeIn"},"elements":[{"id":"bf50035","settings":{"owner_id":"39081","design_type":"2","notes":"Superhost & Identify Verified"},"elements":[],"isInner":false,"widgetType":"Wprentals_Featured_Owner","elType":"widget"}],"isInner":true,"elType":"column"},{"id":"67842a0c","settings":{"_column_size":33,"_inline_size":null,"animation":"fadeIn"},"elements":[{"id":"5d927afc","settings":{"owner_id":"39083","design_type":"2","notes":"Superhost & Identify Verified"},"elements":[],"isInner":false,"widgetType":"Wprentals_Featured_Owner","elType":"widget"}],"isInner":true,"elType":"column"}],"isInner":true,"elType":"section"}],"isInner":"","elType":"column"}],"isInner":"","elType":"section"},{"id":"30879d41","settings":{"structure":"20","margin":{"unit":"px","top":"100","right":0,"bottom":"70","left":0,"isLinked":""},"padding":{"unit":"px","top":"0","right":"15","bottom":"0","left":"15","isLinked":""},"_title":"Questions 2+3","margin_tablet":{"unit":"px","top":"0","right":"0","bottom":"0","left":"0","isLinked":"1"},"padding_tablet":{"unit":"px","top":"50","right":"50","bottom":"0","left":"50","isLinked":""},"padding_mobile":{"unit":"px","top":"0","right":"30","bottom":"0","left":"30","isLinked":""},"content_position":"middle","height":"min-height","custom_height":{"unit":"px","size":550,"sizes":[]},"column_position":"stretch","stretch_section":"section-stretched"},"elements":[{"id":"6781111","settings":{"_column_size":50,"_inline_size":null,"space_between_widgets":20,"padding":{"unit":"px","top":"0","right":"90","bottom":"0","left":"0","isLinked":""},"_inline_size_tablet":"100","margin_tablet":{"unit":"px","top":"0","right":"0","bottom":"50","left":"0","isLinked":""},"padding_tablet":{"unit":"px","top":"0","right":"0","bottom":"0","left":"0","isLinked":"1"}},"elements":[{"id":"f235974","settings":{"title":"Contact Us","header_size":"p","align_mobile":"center","title_color":"#83A9C5","typography_typography":"custom","typography_font_family":"Roboto","typography_font_size":{"unit":"px","size":14,"sizes":[]},"typography_font_weight":"700","typography_text_transform":"capitalize","typography_line_height":{"unit":"px","size":24,"sizes":[]},"typography_letter_spacing":{"unit":"px","size":5,"sizes":[]},"_animation":"fadeIn"},"elements":[],"isInner":false,"widgetType":"heading","elType":"widget"},{"id":"1d4048b4","settings":{"title":"Established by Campervan Enthusiasts","align":"left","align_mobile":"center","title_color":"#1E2E31","typography_typography":"custom","typography_font_family":"Lora","typography_font_size":{"unit":"px","size":30,"sizes":[]},"typography_font_weight":"300","typography_text_transform":"capitalize","typography_line_height":{"unit":"em","size":1.25,"sizes":[]},"_animation":"fadeIn"},"elements":[],"isInner":false,"widgetType":"heading","elType":"widget"},{"id":"43e6ef51","settings":{"title":"You can choose from over 2000 campers on Iceland Rentals giving you plenty of opportunities to find the ideal one for you! These campervans are mostly hired out by private individuals across Iceland. <br><br>Rentals has built up a large community of cheerful, friendly and adventurous campervan owners who are eager to share their motorhome with those looking to experience a holiday in one.","header_size":"p","title_color":"#7A7A7A","typography_typography":"custom","typography_font_family":"Roboto","typography_font_size":{"unit":"px","size":15,"sizes":[]},"typography_font_weight":"300","typography_line_height":{"unit":"em","size":1.600000000000000088817841970012523233890533447265625,"sizes":[]},"align_mobile":"center","_animation":"fadeIn"},"elements":[],"isInner":false,"widgetType":"heading","elType":"widget"},{"id":"47e2fd4a","settings":{"text":"Contact us today","size":"md","selected_icon":{"value":"fas fa-caret-right","library":"fa-solid"},"icon_align":"right","icon_indent":{"unit":"px","size":"10","sizes":[]},"typography_typography":"custom","typography_font_family":"Roboto","typography_font_size":{"unit":"px","size":15,"sizes":[]},"typography_font_weight":"500","button_text_color":"#FFFFFF","background_color":"#83A9C5","border_radius":{"unit":"px","top":"30","right":"30","bottom":"30","left":"30","isLinked":"1"},"align":"left","button_background_hover_color":"#7598B1","hover_color":"#FFFFFF","align_tablet":"left","link":{"url":"contact-us\/","is_external":"on","nofollow":""},"align_mobile":"center","_animation":"fadeIn"},"elements":[],"isInner":false,"widgetType":"button","elType":"widget"}],"isInner":"","elType":"column"},{"id":"6b47e589","settings":{"_column_size":50,"_inline_size":null,"box_shadow_box_shadow":{"horizontal":0,"vertical":2,"blur":11,"spread":0,"color":"rgba(180.99999999999991, 127, 250, 0.1)"},"z_index":999,"border_radius_mobile":{"unit":"px","top":"0","right":"0","bottom":"0","left":"0","isLinked":true},"background_background":"classic","background_color":"#83A9C52B","background_image":{"url":"","id":"","alt":"","source":"library"},"background_position":"bottom right","background_repeat":"no-repeat","background_overlay_background":"classic","background_overlay_image":{"url":"","id":"","alt":"","source":"library"},"background_overlay_position":"bottom center","background_overlay_repeat":"no-repeat","background_overlay_opacity":{"unit":"px","size":0.340000000000000024424906541753443889319896697998046875,"sizes":[]},"box_shadow_box_shadow_type":"yes","margin":{"unit":"px","top":"0","right":"0","bottom":"0","left":"25","isLinked":false},"padding":{"unit":"px","top":"0","right":"50","bottom":"0","left":"50","isLinked":false},"_inline_size_tablet":100,"border_radius":{"unit":"px","top":"3","right":"3","bottom":"3","left":"3","isLinked":true},"margin_tablet":{"unit":"px","top":"0","right":"0","bottom":"0","left":"0","isLinked":false},"padding_tablet":{"unit":"px","top":"50","right":"50","bottom":"50","left":"50","isLinked":true},"padding_mobile":{"unit":"px","top":"31","right":"31","bottom":"31","left":"31","isLinked":true}},"elements":[{"id":"65460313","settings":[],"elements":[{"id":"31b69334","settings":{"_column_size":100,"_inline_size":null},"elements":[{"id":"5dd47a25","settings":{"form_fields":[{"_id":"name","field_type":"name","field_label":"Name","placeholder":"Name","width":"50"},{"field_type":"address","field_label":"Pickup Location","placeholder":"Pickup Location","width":"50","_id":"f4205cc"},{"field_type":"phone","field_label":"Phone Number","placeholder":"Phone Number","width":"50","required":"true","_id":"3cc94ea"},{"_id":"email","field_type":"email","required":"true","field_label":"Email","placeholder":"Email","width":"50"},{"_id":"booking_from_date","field_type":"booking_from_date","required":"true","field_label":"Check-in","placeholder":"Check-in","width":"50"},{"field_type":"booking_to_date","required":"true","field_label":"Check-out","placeholder":"Check-out","width":"50","_id":"4e0c27c"},{"_id":"message","field_type":"message","field_label":"Message","placeholder":"Message"}],"gdpr_text":"I consent to the GDPR Terms","submit_button_text":"Send Email","email_subject":"New email from &quot;WpRentals booking theme demo&quot; ","submit_button_background_color":"#83A9C5","submit_button_background_hover_color":"#7598B1","_animation_delay":50,"wpersidence_form_row_gap_tablet":{"unit":"px","size":0,"sizes":[]},"wpersidence_form_row_gap":{"unit":"px","size":0,"sizes":[]},"wpresidence_form_label_typography_typography":"custom","wpresidence_form_label_typography_font_family":"Roboto","wpresidence_form_label_typography_font_size":{"unit":"px","size":14,"sizes":[]},"wpresidence_form_label_typography_font_weight":"400","wpresidence_field_text_color":"#7A7A7A","wpresidence_field_typography_typography":"custom","wpresidence_field_typography_font_family":"Roboto","wpresidence_field_typography_font_size":{"unit":"px","size":14,"sizes":[]},"wpresidence_field_typography_font_weight":"300","form_field_show_labels":"","wpresidence_field_background_color":"#FFFFFF","wpresidence_field_border_color":"#83A9C52B","field_border_radius":{"unit":"px","top":"5","right":"5","bottom":"5","left":"5","isLinked":true},"submit_ button_border_radius":{"unit":"px","top":"30","right":"30","bottom":"30","left":"30","isLinked":true},"has_gdpr_agreement":"yes","wpersidence_form_column_gap":{"unit":"px","size":15,"sizes":[]}},"elements":[],"isInner":false,"widgetType":"WpRentals_Contact_Form_Builder","elType":"widget"}],"isInner":true,"elType":"column"}],"isInner":true,"elType":"section"}],"isInner":false,"elType":"column"}],"isInner":"","elType":"section"}],"page_settings":[],"version":"0.4","title":"About Iceland","type":"page"}