{"content":[{"id":"45f6fb80","settings":{"layout":"full_width","height":"min-height","custom_height":{"unit":"px","size":94,"sizes":[]},"stretch_section":"section-stretched","background_background":"classic","background_color":"#1E2E31","hide_mobile":"hidden-mobile"},"elements":[{"id":"3d263edf","settings":{"_column_size":100,"_inline_size":null},"elements":[],"isInner":false,"elType":"column"}],"isInner":false,"elType":"section"},{"id":"e238975","settings":{"height":"min-height","custom_height":{"unit":"vh","size":64,"sizes":[]},"column_position":"stretch","background_background":"classic","background_position":"center right","background_repeat":"no-repeat","background_size":"contain","_title":"Hero","background_size_tablet":"cover","custom_height_tablet":{"unit":"vh","size":75,"sizes":[]},"custom_height_mobile":{"unit":"vh","size":67,"sizes":[]},"padding_mobile":{"unit":"px","top":"30","right":"30","bottom":"30","left":"30","isLinked":true},"gap":"no","gap_columns_custom":{"unit":"px","size":15,"sizes":[]},"stretch_section":"section-stretched","background_color":"#1E2E31","background_image":{"url":"https:\/\/iceland.wprentals.org\/wp-content\/uploads\/2022\/11\/header2.webp","id":38663,"alt":"","source":"library"},"background_xpos":{"unit":"vw","size":27,"sizes":[]},"padding":{"unit":"%","top":"","right":"","bottom":"","left":"","isLinked":false},"background_xpos_tablet":{"unit":"vw","size":0,"sizes":[]},"background_xpos_mobile":{"unit":"vw","size":0,"sizes":[]},"background_overlay_background":"classic","background_overlay_image":{"url":"https:\/\/iceland.wprentals.org\/wp-content\/uploads\/2022\/11\/mountains2-450.png","id":38738,"alt":"","source":"library"},"background_overlay_position":"bottom left","background_overlay_xpos":{"unit":"px","size":-124,"sizes":[]},"background_overlay_ypos":{"unit":"px","size":207,"sizes":[]},"background_overlay_repeat":"no-repeat","background_overlay_opacity":{"unit":"px","size":0,"sizes":[]},"padding_tablet":{"unit":"%","top":"","right":"","bottom":"","left":"","isLinked":true},"margin_mobile":{"unit":"px","top":"0","right":0,"bottom":"0","left":0,"isLinked":true}},"elements":[{"id":"11c61fcc","settings":{"_column_size":100,"content_position":"center","padding":{"unit":"%","top":"","right":"","bottom":"","left":"","isLinked":""},"background_background":"classic","_inline_size":null,"padding_tablet":{"unit":"px","top":"30","right":"30","bottom":"30","left":"30","isLinked":"1"},"space_between_widgets":"30","space_between_widgets_tablet":"15","padding_mobile":{"unit":"px","top":"0","right":"0","bottom":"0","left":"0","isLinked":""},"margin":{"unit":"px","top":"0","right":"0","bottom":"0","left":"-15","isLinked":false},"margin_mobile":{"unit":"px","top":"0","right":"0","bottom":"0","left":"0","isLinked":false}},"elements":[{"id":"7bbea3be","settings":{"gap":"no","structure":"20","margin_mobile":{"unit":"px","top":"0","right":0,"bottom":"0","left":0,"isLinked":false},"padding_tablet":{"unit":"px","top":"0","right":"0","bottom":"0","left":"30","isLinked":false},"padding_mobile":{"unit":"px","top":"0","right":"0","bottom":"0","left":"0","isLinked":false}},"elements":[{"id":"74a00cdf","settings":{"_column_size":50,"_inline_size":null,"margin_mobile":{"unit":"px","top":"0","right":"0","bottom":"0","left":"0","isLinked":false},"padding_mobile":{"unit":"px","top":"0","right":"0","bottom":"0","left":"0","isLinked":false}},"elements":[{"id":"78b7bddd","settings":{"title":"Exclusive &amp; Affordable","title_color":"#83A9C5","typography_typography":"custom","typography_font_family":"Roboto","typography_font_size":{"unit":"px","size":14,"sizes":[]},"typography_font_weight":"700","typography_text_transform":"capitalize","header_size":"h3","align_mobile":"center","typography_line_height":{"unit":"px","size":24,"sizes":[]},"typography_letter_spacing":{"unit":"px","size":5,"sizes":[]}},"elements":[],"isInner":false,"widgetType":"heading","elType":"widget"},{"id":"739646a8","settings":{"title":"Experience the Charm Of Iceland","title_color":"#FFFFFF","typography_typography":"custom","typography_font_family":"Lora","typography_font_size":{"unit":"px","size":60,"sizes":[]},"typography_font_weight":"300","header_size":"h1","typography_text_transform":"capitalize","typography_font_size_tablet":{"unit":"px","size":"45","sizes":[]},"motion_fx_blur_range":{"unit":"%","size":"","sizes":{"start":"20","end":"73"}},"typography_line_height":{"unit":"em","size":1.0500000000000000444089209850062616169452667236328125,"sizes":[]},"align_mobile":"center"},"elements":[],"isInner":false,"widgetType":"heading","elType":"widget"},{"id":"201b04bc","settings":{"title":"Iceland Rentals is proud to offer assistance with everything you need to plan your next holiday to the Europe\u2019s most beautiful island destination.","header_size":"p","title_color":"#FFFFFF","typography_typography":"custom","typography_font_family":"Roboto","typography_font_size":{"unit":"px","size":17,"sizes":[]},"typography_font_weight":"300","_margin_mobile":{"unit":"px","top":"0","right":"0","bottom":"0","left":"0","isLinked":"1"},"_padding":{"unit":"%","top":"0","right":"15","bottom":"0","left":"0","isLinked":""},"align_mobile":"center","_padding_mobile":{"unit":"px","top":"0","right":"0","bottom":"0","left":"0","isLinked":false},"typography_line_height":{"unit":"px","size":28,"sizes":[]}},"elements":[],"isInner":false,"widgetType":"heading","elType":"widget"}],"isInner":true,"elType":"column"},{"id":"174dcb2","settings":{"_column_size":50,"_inline_size":null},"elements":[],"isInner":true,"elType":"column"}],"isInner":true,"elType":"section"}],"isInner":"","elType":"column"}],"isInner":"","elType":"section"},{"id":"332e7c92","settings":{"margin":{"unit":"%","top":"0","right":0,"bottom":"0","left":0,"isLinked":false},"margin_mobile":{"unit":"%","top":"0","right":0,"bottom":"0","left":0,"isLinked":false},"padding":{"unit":"px","top":"0","right":"0","bottom":"0","left":"0","isLinked":false},"padding_mobile":{"unit":"%","top":"0","right":"0","bottom":"0","left":"0","isLinked":""},"height":"min-height","custom_height":{"unit":"vh","size":"","sizes":[]},"custom_height_tablet":{"unit":"vh","size":"","sizes":[]},"custom_height_mobile":{"unit":"vh","size":"","sizes":[]},"column_position":"stretch","background_background":"classic","background_position":"center right","background_repeat":"no-repeat","background_size":"contain","background_size_tablet":"cover","margin_tablet":{"unit":"%","top":"","right":"","bottom":"","left":"","isLinked":true},"_title":"search","content_position":"middle","stretch_section":"section-stretched","structure":"20","background_color":"#1E2E31","gap":"no","padding_tablet":{"unit":"px","top":"0","right":"0","bottom":"0","left":"0","isLinked":true}},"elements":[{"id":"649301d8","settings":{"_column_size":50,"_inline_size":10.614000000000000767386154620908200740814208984375,"margin":{"unit":"px","top":"0","right":"0","bottom":"0","left":"-15","isLinked":false},"margin_tablet":{"unit":"px","top":"0","right":"0","bottom":"0","left":"0","isLinked":false},"padding_mobile":{"unit":"px","top":"40","right":"0","bottom":"0","left":"0","isLinked":false},"hide_tablet":"hidden-tablet"},"elements":[{"id":"3419bb5c","settings":{"title":"Search  a motorhome","title_color":"#FFFFFF","typography_typography":"custom","typography_font_family":"Lora","typography_font_weight":"500","typography_text_transform":"capitalize","typography_line_height":{"unit":"px","size":23,"sizes":[]},"align_mobile":"center"},"elements":[],"isInner":false,"widgetType":"heading","elType":"widget"}],"isInner":false,"elType":"column"},{"id":"7d32a300","settings":{"_column_size":50,"space_between_widgets":"15","background_background":"classic","box_shadow_box_shadow":{"horizontal":"0","vertical":10,"blur":"30","spread":"0","color":"rgba(180.99999999999991, 127, 250, 0.1)"},"margin":{"unit":"px","top":"0","right":"0","bottom":"0","left":"0","isLinked":""},"margin_tablet":{"unit":"px","top":"0","right":"0","bottom":"0","left":"0","isLinked":"1"},"padding":{"unit":"px","top":"50","right":"0","bottom":"50","left":"30","isLinked":""},"padding_tablet":{"unit":"px","top":"30","right":"40","bottom":"30","left":"40","isLinked":false},"padding_mobile":{"unit":"px","top":"20","right":"20","bottom":"30","left":"20","isLinked":false},"border_radius":{"unit":"px","top":"3","right":"3","bottom":"3","left":"3","isLinked":true},"_inline_size":89.385999999999995679900166578590869903564453125,"_inline_size_tablet":100},"elements":[{"id":"48900b9","settings":{"form_fields":[{"field_type":"check_in","field_label":"Check In","placeholder":"Add Dates","width":"25","icon":{"value":"far fa-calendar-alt","library":"fa-regular"},"_id":"dbf07f7","custom_id":"field_dbf07f7"},{"_id":"0db3c4e","field_type":"check_out","field_label":"Check Out","placeholder":"Add Dates","icon":{"value":"far fa-calendar-alt","library":"fa-regular"},"width":"25"},{"_id":"097341d","field_type":"guest_no","field_how":"greater","field_label":"Guests","placeholder":"Add Guests","icon":{"value":"far fa-user","library":"fa-regular"},"width":"25"}],"form_field_show_exra_details":"","form_field_show_section_title":"","form_field_section_title_text":"Advanced Search","submit_button_text":"Search","submit_button_width":"25","search_icon_button":{"value":{"url":"https:\/\/iceland.wprentals.org\/wp-content\/uploads\/2022\/11\/search.svg","id":38690},"library":"svg"},"wprentals_form_label_spacing":{"unit":"px","size":"","sizes":[]},"wprentals_form_label_color":"#232222","wprentals_form_label_typography_typography":"custom","wprentals_form_label_typography_font_family":"Roboto","wprentals_form_label_typography_font_size":{"unit":"px","size":13,"sizes":[]},"wprentals_form_label_typography_font_weight":"600","form_wrapper-content_padding":{"unit":"px","top":"0","right":"0","bottom":"0","left":"0","isLinked":false},"form_border_radius":{"unit":"px","top":"3","right":"3","bottom":"3","left":"3","isLinked":true},"box_shadow_form_box_shadow":{"horizontal":9,"vertical":0,"blur":10,"spread":0,"color":"rgba(0,0,0,0.5)"},"wprentals_field_text_color":"#635E5E","wprentals_field_typography_typography":"custom","wprentals_field_typography_font_family":"Roboto","wprentals_field_typography_font_size":{"unit":"px","size":15,"sizes":[]},"wprentals_field_typography_font_weight":"500","tab-wprentals_field_padding-color":{"unit":"px","top":"12","right":"15","bottom":"13","left":"34","isLinked":false},"field_border_width":{"unit":"px","top":"01","right":"01","bottom":"01","left":"01","isLinked":true},"submit_button_background_color":"#83A9C5","submit_ button_border_radius":{"unit":"px","top":"30","right":"30","bottom":"30","left":"30","isLinked":true},"search_icon_padding":{"unit":"px","top":"0","right":"10","bottom":"0","left":"0","isLinked":false},"wprentals_form_label_spacing_postion":{"unit":"px","top":"2","right":"0","bottom":"0","left":"18","isLinked":false},"wpersidence_form_row_gap":{"unit":"px","size":0,"sizes":[]},"submit_button_text_color":"#FFFFFF","icon_primary_color":"#FFFFFF","submit_button_text_padding":{"unit":"px","top":"0","right":"0","bottom":"0","left":"0","isLinked":true},"_margin":{"unit":"px","top":"0","right":"-20","bottom":"0","left":"0","isLinked":false},"wprentals_field_background_color":"#FFFFFF00","submit_button_background_hover_color":"#7598B1","submit_button_width_mobile":"1","wpersidence_form_row_gap_mobile":{"unit":"px","size":10,"sizes":[]},"form_wrapper-content_padding_mobile":{"unit":"px","top":"20","right":"10","bottom":"10","left":"10","isLinked":false},"form_border_radius_mobile":{"unit":"px","top":"10","right":"10","bottom":"10","left":"10","isLinked":true},"submit_ button_border_radius_mobile":{"unit":"px","top":"100","right":"100","bottom":"100","left":"100","isLinked":true},"_z_index":99,"form_field_show_labels":"","wprentals_field_text_color1":"#FFFFFF","wprentals_field_background_icon_color":"#83A9C5","submit_button_typography_typography":"custom","submit_button_typography_font_family":"Roboto","submit_button_typography_font_weight":"500","submit_button_typography_line_height":{"unit":"em","size":"","sizes":[]},"submit_button_hover_color":"#FFFFFF","wprentals_form_back_color":"#7A7A7A00","wprentals_field_border_color":"#C5C4C466","field_border_radius":{"unit":"px","top":"29","right":"29","bottom":"29","left":"29","isLinked":true},"submit_button_typography_font_size":{"unit":"px","size":15,"sizes":[]},"_margin_mobile":{"unit":"px","top":"0","right":"0","bottom":"0","left":"0","isLinked":false},"_padding_mobile":{"unit":"px","top":"0","right":"0","bottom":"0","left":"0","isLinked":false},"wpersidence_form_column_gap_mobile":{"unit":"px","size":0,"sizes":[]}},"elements":[],"isInner":false,"widgetType":"Wprentals_Search_Form_Builder","elType":"widget"}],"isInner":"","elType":"column"}],"isInner":"","elType":"section"},{"id":"d0eec55","settings":{"gap":"no","padding":{"unit":"px","top":"100","right":"0","bottom":"100","left":"0","isLinked":false}},"elements":[{"id":"54002d9","settings":{"_column_size":100,"_inline_size":null},"elements":[{"id":"18d107b6","settings":[],"elements":[{"id":"5170d4fa","settings":{"_column_size":100,"_inline_size":null},"elements":[{"id":"10bea93e","settings":{"title":"Your Motorhome<br>\nHire Adventure Starts Here","title_color":"#1E2E31","typography_typography":"custom","typography_font_family":"Lora","typography_font_size":{"unit":"px","size":54,"sizes":[]},"typography_font_weight":"300","typography_line_height":{"unit":"em","size":1.0500000000000000444089209850062616169452667236328125,"sizes":[]},"typography_font_size_tablet":{"unit":"px","size":"45","sizes":[]},"motion_fx_blur_range":{"unit":"%","size":"","sizes":{"start":"20","end":"73"}},"align_mobile":"center","align":"center","typography_text_transform":"capitalize","_animation":"fadeIn"},"elements":[],"isInner":false,"widgetType":"heading","elType":"widget"}],"isInner":true,"elType":"column"}],"isInner":true,"elType":"section"},{"id":"7d68261c","settings":{"gap":"no","structure":"30","padding":{"unit":"px","top":"100","right":"0","bottom":"0","left":"0","isLinked":false},"height_inner":"min-height","custom_height_inner":{"unit":"px","size":554,"sizes":[]},"padding_mobile":{"unit":"px","top":"60","right":"0","bottom":"0","left":"0","isLinked":false}},"elements":[{"id":"d581295","settings":{"_column_size":33,"_inline_size":49.6640000000000014779288903810083866119384765625,"padding":{"unit":"px","top":"80","right":"100","bottom":"80","left":"0","isLinked":false},"padding_tablet":{"unit":"px","top":"0","right":"10","bottom":"0","left":"40","isLinked":false},"padding_mobile":{"unit":"px","top":"0","right":"0","bottom":"0","left":"0","isLinked":false}},"elements":[{"id":"4507ea37","settings":{"title":"Unique experience","header_size":"p","align_mobile":"center","title_color":"#83A9C5","typography_typography":"custom","typography_font_family":"Roboto","typography_font_size":{"unit":"px","size":14,"sizes":[]},"typography_font_weight":"700","typography_text_transform":"capitalize","typography_line_height":{"unit":"px","size":24,"sizes":[]},"typography_letter_spacing":{"unit":"px","size":5,"sizes":[]},"_animation":"fadeIn"},"elements":[],"isInner":false,"widgetType":"heading","elType":"widget"},{"id":"261b2f88","settings":{"title":"Rent an RV from a <br>local owner in Iceland","align":"left","align_mobile":"center","title_color":"#1E2E31","typography_typography":"custom","typography_font_family":"Lora","typography_font_size":{"unit":"px","size":30,"sizes":[]},"typography_font_weight":"300","typography_text_transform":"capitalize","typography_line_height":{"unit":"em","size":1.25,"sizes":[]},"_animation":"fadeIn"},"elements":[],"isInner":false,"widgetType":"heading","elType":"widget"},{"id":"7287ca","settings":{"title":"Be inspired by our extensive range of motorhomes available for hire, all of which are well-equipped to cater for you and your family\u2019s holiday adventure. Whether you are looking for a short break or a more extensive tour further afield, we have the perfect motorhome for you.","header_size":"p","title_color":"#7A7A7A","typography_typography":"custom","typography_font_family":"Roboto","typography_font_size":{"unit":"px","size":15,"sizes":[]},"typography_font_weight":"300","typography_line_height":{"unit":"em","size":1.600000000000000088817841970012523233890533447265625,"sizes":[]},"align_mobile":"center","_animation":"fadeIn"},"elements":[],"isInner":false,"widgetType":"heading","elType":"widget"},{"id":"2af50fbe","settings":{"title":"We cannot wait to rent one of our motorhomes to you and with safety and hygiene top of our priority list, you can holiday with us in confidence.","header_size":"p","title_color":"#7A7A7A","typography_typography":"custom","typography_font_family":"Roboto","typography_font_size":{"unit":"px","size":15,"sizes":[]},"typography_font_weight":"300","typography_line_height":{"unit":"em","size":1.600000000000000088817841970012523233890533447265625,"sizes":[]},"align_mobile":"center","_animation":"fadeIn"},"elements":[],"isInner":false,"widgetType":"heading","elType":"widget"},{"id":"4e721a80","settings":{"text":"Explore featured listings","size":"md","selected_icon":{"value":"fas fa-caret-right","library":"fa-solid"},"icon_align":"right","icon_indent":{"unit":"px","size":"10","sizes":[]},"typography_typography":"custom","typography_font_family":"Roboto","typography_font_size":{"unit":"px","size":15,"sizes":[]},"typography_font_weight":"500","button_text_color":"#FFFFFF","background_color":"#83A9C5","border_radius":{"unit":"px","top":"30","right":"30","bottom":"30","left":"30","isLinked":"1"},"align":"left","button_background_hover_color":"#7598B1","hover_color":"#FFFFFF","align_tablet":"left","link":{"url":"\/motorhome-and-campervan-hire-in-iceland\/","is_external":"on","nofollow":""},"align_mobile":"center","_animation":"fadeIn"},"elements":[],"isInner":false,"widgetType":"button","elType":"widget"}],"isInner":true,"elType":"column"},{"id":"688bda20","settings":{"_column_size":33,"_inline_size":25,"content_position":"top","background_background":"classic","background_image":{"url":"https:\/\/iceland.wprentals.org\/wp-content\/uploads\/2022\/11\/ppl-van-e1667470907264.jpeg","id":38887,"alt":"","source":"library"},"background_position":"bottom center","background_repeat":"no-repeat","background_size":"cover","margin":{"unit":"px","top":"0","right":"5","bottom":"0","left":"0","isLinked":false},"border_radius":{"unit":"px","top":"5","right":"5","bottom":"5","left":"5","isLinked":true},"hide_tablet":"hidden-tablet","hide_mobile":"hidden-mobile","animation":"fadeIn"},"elements":[{"id":"6c573efd","settings":{"title":"","header_size":"p"},"elements":[],"isInner":false,"widgetType":"heading","elType":"widget"}],"isInner":true,"elType":"column"},{"id":"4568acf6","settings":{"_column_size":33,"_inline_size":25,"space_between_widgets":10,"background_background":"classic","background_image":{"url":"","id":"","alt":"","source":"library"},"margin":{"unit":"px","top":"0","right":"0","bottom":"0","left":"5","isLinked":false},"_inline_size_tablet":50,"margin_tablet":{"unit":"px","top":"0","right":"0","bottom":"0","left":"0","isLinked":false},"margin_mobile":{"unit":"px","top":"45","right":"0","bottom":"0","left":"0","isLinked":false},"animation":"fadeIn"},"elements":[{"id":"f8bcef4","settings":{"image":{"url":"https:\/\/iceland.wprentals.org\/wp-content\/uploads\/2022\/11\/down-the-road-copy.jpeg","id":38914,"alt":"","source":"library"},"image_size":"medium","image_custom_dimension":{"width":"","height":"300"},"align":"center","image_border_radius":{"unit":"px","top":"5","right":"5","bottom":"5","left":"5","isLinked":true}},"elements":[],"isInner":false,"widgetType":"image","elType":"widget"},{"id":"761ad589","settings":{"image":{"url":"https:\/\/iceland.wprentals.org\/wp-content\/uploads\/2022\/11\/nature.jpeg","id":38905,"alt":"","source":"library"},"image_size":"medium","image_border_radius":{"unit":"px","top":"5","right":"5","bottom":"5","left":"5","isLinked":true}},"elements":[],"isInner":false,"widgetType":"image","elType":"widget"}],"isInner":true,"elType":"column"}],"isInner":true,"elType":"section"}],"isInner":false,"elType":"column"}],"isInner":false,"elType":"section"},{"id":"74e3798c","settings":{"structure":"50"},"elements":[{"id":"1b2ec997","settings":{"_column_size":20,"_inline_size":null},"elements":[{"id":"26fef4bc","settings":{"ending_number":10,"suffix":"K","title":"Bookings","number_color":"#83A9C5","typography_number_typography":"custom","typography_number_font_family":"Lora","typography_number_font_weight":"500","typography_number_font_size":{"unit":"px","size":55,"sizes":[]},"typography_title_typography":"custom","typography_title_font_family":"Roboto","typography_title_font_size":{"unit":"px","size":14,"sizes":[]},"typography_title_font_weight":"500","typography_title_line_height":{"unit":"px","size":45,"sizes":[]},"typography_title_letter_spacing":{"unit":"px","size":5,"sizes":[]}},"elements":[],"isInner":false,"widgetType":"counter","elType":"widget"}],"isInner":false,"elType":"column"},{"id":"29b51333","settings":{"_column_size":20,"_inline_size":null},"elements":[{"id":"2784a3a1","settings":{"ending_number":99,"title":"Motor Homes","number_color":"#83A9C5","typography_number_typography":"custom","typography_number_font_family":"Lora","typography_number_font_weight":"500","suffix":"+","typography_number_font_size":{"unit":"px","size":55,"sizes":[]},"typography_title_typography":"custom","typography_title_font_family":"Roboto","typography_title_font_size":{"unit":"px","size":14,"sizes":[]},"typography_title_font_weight":"500","typography_title_line_height":{"unit":"px","size":45,"sizes":[]},"typography_title_letter_spacing":{"unit":"px","size":5,"sizes":[]}},"elements":[],"isInner":false,"widgetType":"counter","elType":"widget"}],"isInner":false,"elType":"column"},{"id":"1875371f","settings":{"_column_size":20,"_inline_size":null},"elements":[{"id":"3bd46324","settings":{"title":"Customers","number_color":"#83A9C5","typography_number_typography":"custom","typography_number_font_family":"Lora","typography_number_font_weight":"500","ending_number":5,"suffix":"k","typography_number_font_size":{"unit":"px","size":55,"sizes":[]},"typography_title_typography":"custom","typography_title_font_family":"Roboto","typography_title_font_size":{"unit":"px","size":14,"sizes":[]},"typography_title_font_weight":"500","typography_title_line_height":{"unit":"px","size":45,"sizes":[]},"typography_title_letter_spacing":{"unit":"px","size":5,"sizes":[]}},"elements":[],"isInner":false,"widgetType":"counter","elType":"widget"}],"isInner":false,"elType":"column"},{"id":"30b2fe82","settings":{"_column_size":20,"_inline_size":null},"elements":[{"id":"6824998","settings":{"title":"Rental Offices","number_color":"#83A9C5","typography_number_typography":"custom","typography_number_font_family":"Lora","typography_number_font_weight":"500","ending_number":4,"typography_number_font_size":{"unit":"px","size":55,"sizes":[]},"typography_title_typography":"custom","typography_title_font_family":"Roboto","typography_title_font_size":{"unit":"px","size":14,"sizes":[]},"typography_title_font_weight":"500","typography_title_line_height":{"unit":"px","size":45,"sizes":[]},"typography_title_letter_spacing":{"unit":"px","size":5,"sizes":[]}},"elements":[],"isInner":false,"widgetType":"counter","elType":"widget"}],"isInner":false,"elType":"column"},{"id":"437aeb7b","settings":{"_column_size":20,"_inline_size":null},"elements":[{"id":"4206123e","settings":{"title":"Business Years","number_color":"#83A9C5","typography_number_typography":"custom","typography_number_font_family":"Lora","typography_number_font_weight":"500","ending_number":10,"suffix":"+","typography_number_font_size":{"unit":"px","size":55,"sizes":[]},"typography_title_typography":"custom","typography_title_font_family":"Roboto","typography_title_font_size":{"unit":"px","size":14,"sizes":[]},"typography_title_font_weight":"500","typography_title_line_height":{"unit":"px","size":45,"sizes":[]},"typography_title_letter_spacing":{"unit":"px","size":5,"sizes":[]}},"elements":[],"isInner":false,"widgetType":"counter","elType":"widget"}],"isInner":false,"elType":"column"}],"isInner":false,"elType":"section"},{"id":"2d4c1ecf","settings":{"height":"min-height","custom_height":{"unit":"px","size":690,"sizes":[]},"column_position":"stretch","background_background":"classic","background_position":"center right","background_repeat":"no-repeat","background_size":"contain","_title":"background row","background_size_tablet":"cover","custom_height_tablet":{"unit":"vh","size":75,"sizes":[]},"custom_height_mobile":{"unit":"vh","size":"","sizes":[]},"padding_mobile":{"unit":"px","top":"30","right":"0","bottom":"0","left":"0","isLinked":""},"gap":"no","gap_columns_custom":{"unit":"px","size":15,"sizes":[]},"stretch_section":"section-stretched","background_color":"#FFFFFF","background_image":{"url":"","id":"","alt":"","source":"library"},"background_xpos":{"unit":"vw","size":27,"sizes":[]},"padding":{"unit":"%","top":"","right":"","bottom":"","left":"","isLinked":false},"background_xpos_tablet":{"unit":"vw","size":0,"sizes":[]},"background_xpos_mobile":{"unit":"vw","size":0,"sizes":[]},"background_overlay_background":"classic","background_overlay_image":{"url":"","id":"","alt":"","source":"library"},"background_overlay_position":"bottom left","background_overlay_xpos":{"unit":"px","size":-124,"sizes":[]},"background_overlay_ypos":{"unit":"px","size":207,"sizes":[]},"background_overlay_repeat":"no-repeat","background_overlay_opacity":{"unit":"px","size":0.05000000000000000277555756156289135105907917022705078125,"sizes":[]},"padding_tablet":{"unit":"%","top":"","right":"","bottom":"","left":"","isLinked":true},"layout":"full_width","structure":"20","margin":{"unit":"px","top":"0100","right":0,"bottom":"0","left":0,"isLinked":false}},"elements":[{"id":"66c912a3","settings":{"_column_size":50,"content_position":"center","padding":{"unit":"%","top":"","right":"","bottom":"","left":"","isLinked":""},"background_background":"classic","_inline_size":null,"padding_tablet":{"unit":"px","top":"30","right":"30","bottom":"30","left":"30","isLinked":"1"},"space_between_widgets":"30","space_between_widgets_tablet":"15","padding_mobile":{"unit":"px","top":"0","right":"0","bottom":"0","left":"0","isLinked":""},"margin":{"unit":"px","top":"0","right":"0","bottom":"0","left":"-15","isLinked":false},"background_color":"#1E2E31","background_overlay_background":"classic","background_overlay_image":{"url":"https:\/\/iceland.wprentals.org\/wp-content\/uploads\/2022\/11\/mountains2-450.png","id":38738,"alt":"","source":"library"},"background_overlay_position":"bottom left","background_overlay_repeat":"no-repeat","background_overlay_opacity":{"unit":"px","size":0.05000000000000000277555756156289135105907917022705078125,"sizes":[]},"border_radius":{"unit":"px","top":"0","right":"5","bottom":"5","left":"0","isLinked":false}},"elements":[{"id":"350b8234","settings":{"title":""},"elements":[],"isInner":false,"widgetType":"heading","elType":"widget"}],"isInner":"","elType":"column"},{"id":"51ce922b","settings":{"_column_size":50,"_inline_size":null},"elements":[],"isInner":false,"elType":"column"}],"isInner":"","elType":"section"},{"id":"4fc9d9c8","settings":{"gap":"no","stretch_section":"section-stretched","background_background":"classic","background_overlay_background":"classic","background_overlay_attachment":"fixed","background_overlay_repeat":"no-repeat","background_overlay_size":"cover","background_overlay_opacity":{"unit":"px","size":0.0200000000000000004163336342344337026588618755340576171875,"sizes":[]},"margin":{"unit":"px","top":"-635","right":0,"bottom":"0","left":0,"isLinked":false},"layout":"full_width","height":"min-height","custom_height":{"unit":"px","size":580,"sizes":[]},"background_color":"#02010100","_title":"Why Section"},"elements":[{"id":"74cdc2bb","settings":{"_column_size":100,"_inline_size":null,"box_shadow_box_shadow":{"horizontal":0,"vertical":11,"blur":100,"spread":0,"color":"rgba(0, 0, 0, 0.07)"},"z_index":999,"border_radius":{"unit":"px","top":"10","right":"10","bottom":"10","left":"10","isLinked":true},"border_radius_mobile":{"unit":"px","top":"0","right":"0","bottom":"0","left":"0","isLinked":true}},"elements":[{"id":"cc7856d","settings":{"gap":"no","structure":"20","margin":{"unit":"px","top":"0","right":0,"bottom":"0","left":0,"isLinked":false},"content_width":{"unit":"px","size":1360,"sizes":[]}},"elements":[{"id":"4cf79892","settings":{"_column_size":50,"_inline_size":61.81700000000000017053025658242404460906982421875,"background_background":"classic","background_image":{"id":38841,"url":"https:\/\/iceland.wprentals.org\/wp-content\/uploads\/2022\/11\/motor-home-on-the-road-e1667470222710.jpeg","alt":"","source":"library"},"background_position":"center center","background_repeat":"no-repeat","background_size":"cover","border_radius":{"unit":"px","top":"0","right":"5","bottom":"5","left":"0","isLinked":false},"content_position":"center","align":"center","padding_mobile":{"unit":"px","top":"100","right":"0","bottom":"100","left":"0","isLinked":false},"background_bg_width":{"unit":"vw","size":87,"sizes":[]},"background_bg_width_tablet":{"unit":"vw","size":"","sizes":[]},"background_bg_width_mobile":{"unit":"vw","size":"","sizes":[]},"margin":{"unit":"px","top":"0","right":"0","bottom":"0","left":"0","isLinked":false},"_inline_size_tablet":50},"elements":[{"id":"35806079","settings":{"icon":{"value":{"id":"38003","url":"https:\/\/iceland.wprentals.org\/wp-content\/uploads\/2022\/05\/play.svg"},"library":"svg"},"video_type":"vimeo","video_id":"80667788","width":{"unit":"px","size":29,"sizes":[]},"icon_padding":{"unit":"px","top":"30","right":"30","bottom":"30","left":"30","isLinked":true},"unit_color":"#FFFFFFD9","unit_color_icon":"#83A9C5","unit_color_hover":"#83A9C5","unit_color_icon_hover":"#FFFFFF","button_border_width":{"unit":"px","top":"0","right":"0","bottom":"0","left":"0","isLinked":true},"button_border_radius":{"unit":"px","top":"100","right":"100","bottom":"100","left":"100","isLinked":true},"border_color_icon":"#FFFFFFD9","border_color_icon_hover":"#FFFFFF","_element_width":"auto"},"elements":[],"isInner":false,"widgetType":"WpRentals_Video_Player","elType":"widget"}],"isInner":true,"elType":"column"},{"id":"2cb00872","settings":{"_column_size":50,"_inline_size":37.9189999999999969304553815163671970367431640625,"background_background":"classic","background_image":{"url":"","id":"","alt":"","source":"library"},"background_overlay_background":"classic","background_overlay_opacity":{"unit":"px","size":0.89000000000000001332267629550187848508358001708984375,"sizes":[]},"padding":{"unit":"px","top":"60","right":"60","bottom":"60","left":"80","isLinked":false},"space_between_widgets":20,"background_color":"#FFFFFF","border_radius":{"unit":"em","top":"","right":"","bottom":"","left":"","isLinked":false},"border_radius_mobile":{"unit":"px","top":"0","right":"0","bottom":"0","left":"0","isLinked":true},"padding_tablet":{"unit":"px","top":"70","right":"45","bottom":"70","left":"65","isLinked":false},"border_radius_tablet":{"unit":"em","top":"","right":"","bottom":"","left":"","isLinked":true},"_inline_size_tablet":50,"padding_mobile":{"unit":"px","top":"45","right":"45","bottom":"45","left":"45","isLinked":true}},"elements":[{"id":"40f583b8","settings":{"title":"Secure Payments","header_size":"p","align_mobile":"center","title_color":"#83A9C5","typography_typography":"custom","typography_font_family":"Roboto","typography_font_size":{"unit":"px","size":14,"sizes":[]},"typography_font_weight":"700","typography_text_transform":"capitalize","typography_line_height":{"unit":"px","size":24,"sizes":[]},"typography_letter_spacing":{"unit":"px","size":5,"sizes":[]},"_animation":"fadeIn"},"elements":[],"isInner":false,"widgetType":"heading","elType":"widget"},{"id":"7c1bc276","settings":{"title":"Why Rent a Motorhome From Iceland Rentals","align":"left","title_color":"#1E2E31","typography_typography":"custom","typography_font_family":"Lora","typography_font_size":{"unit":"px","size":30,"sizes":[]},"typography_font_weight":"300","align_mobile":"center","typography_text_transform":"capitalize","typography_line_height":{"unit":"em","size":1.25,"sizes":[]},"_animation":"fadeIn"},"elements":[],"isInner":false,"widgetType":"heading","elType":"widget"},{"id":"7e6cf488","settings":{"title":"You can choose from over 20 campers, giving you plenty of opportunities to find the ideal one for you! These campervans are mostly hired out by private individuals across Iceland.","header_size":"p","title_color":"#7A7A7A","typography_typography":"custom","typography_font_family":"Roboto","typography_font_size":{"unit":"px","size":15,"sizes":[]},"typography_font_weight":"300","typography_line_height":{"unit":"em","size":1.600000000000000088817841970012523233890533447265625,"sizes":[]},"align_mobile":"center","_animation":"fadeIn"},"elements":[],"isInner":false,"widgetType":"heading","elType":"widget"},{"id":"608cac98","settings":{"title":"Iceland Rentals has created a large group of cheerful, friendly and adventurous campervan owners who are eager to share their motorhome with those looking to experience a holiday in one","header_size":"p","title_color":"#7A7A7A","typography_typography":"custom","typography_font_family":"Roboto","typography_font_size":{"unit":"px","size":15,"sizes":[]},"typography_font_weight":"300","typography_line_height":{"unit":"em","size":1.600000000000000088817841970012523233890533447265625,"sizes":[]},"align_mobile":"center","_animation":"fadeIn"},"elements":[],"isInner":false,"widgetType":"heading","elType":"widget"},{"id":"3341138a","settings":{"text":"Find an ideal campervan","size":"md","selected_icon":{"value":"fas fa-caret-right","library":"fa-solid"},"icon_align":"right","icon_indent":{"unit":"px","size":"10","sizes":[]},"typography_typography":"custom","typography_font_family":"Roboto","typography_font_size":{"unit":"px","size":15,"sizes":[]},"typography_font_weight":"500","button_text_color":"#FFFFFF","background_color":"#83A9C5","border_radius":{"unit":"px","top":"30","right":"30","bottom":"30","left":"30","isLinked":"1"},"align":"left","button_background_hover_color":"#7598B1","hover_color":"#FFFFFF","align_tablet":"left","link":{"url":"\/motorhome-and-campervan-hire-in-iceland\/","is_external":"on","nofollow":""},"align_mobile":"center","_animation":"fadeIn"},"elements":[],"isInner":false,"widgetType":"button","elType":"widget"}],"isInner":true,"elType":"column"}],"isInner":true,"elType":"section"}],"isInner":false,"elType":"column"}],"isInner":false,"elType":"section"},{"id":"87985ed","settings":{"margin":{"unit":"px","top":"190","right":0,"bottom":"45","left":0,"isLinked":""},"_title":"properties list title","margin_tablet":{"unit":"px","top":"100","right":0,"bottom":"0","left":0,"isLinked":""},"margin_mobile":{"unit":"px","top":"70","right":0,"bottom":"0","left":0,"isLinked":""},"padding_mobile":{"unit":"px","top":"0","right":"0","bottom":"0","left":"0","isLinked":""},"content_width_tablet":{"unit":"px","size":500,"sizes":[]},"padding_tablet":{"unit":"px","top":"0","right":"0","bottom":"0","left":"0","isLinked":false}},"elements":[{"id":"229b127b","settings":{"_column_size":100,"content_position":"center","padding":{"unit":"px","top":"0","right":"0","bottom":"0","left":"0","isLinked":""},"_inline_size_tablet":"100","padding_tablet":{"unit":"px","top":"0","right":"0","bottom":"0","left":"0","isLinked":""},"padding_mobile":{"unit":"px","top":"0","right":"0","bottom":"0","left":"0","isLinked":"1"},"_inline_size":null,"margin_tablet":{"unit":"px","top":"0","right":"0","bottom":"50","left":"0","isLinked":false},"_title":"properties list title"},"elements":[{"id":"6a4f1c16","settings":{"title":"Unique Campervans","header_size":"p","align":"center","align_mobile":"center","title_color":"#83A9C5","typography_typography":"custom","typography_font_family":"Roboto","typography_font_size":{"unit":"px","size":14,"sizes":[]},"typography_font_weight":"700","typography_text_transform":"capitalize","typography_line_height":{"unit":"px","size":24,"sizes":[]},"typography_letter_spacing":{"unit":"px","size":5,"sizes":[]},"_animation":"fadeIn"},"elements":[],"isInner":false,"widgetType":"heading","elType":"widget"},{"id":"6cbf45ca","settings":{"title":"Choose from our selection<br> of different berth motorhomes","title_color":"#1E2E31","typography_typography":"custom","typography_font_family":"Lora","typography_font_size":{"unit":"px","size":30,"sizes":[]},"typography_font_weight":"300","typography_line_height":{"unit":"em","size":1.25,"sizes":[]},"motion_fx_blur_range":{"unit":"%","size":"","sizes":{"start":"20","end":"73"}},"align_mobile":"center","align":"center","typography_text_transform":"capitalize","_animation":"fadeIn"},"elements":[],"isInner":false,"widgetType":"heading","elType":"widget"}],"isInner":"","elType":"column"}],"isInner":"","elType":"section"},{"id":"6f6e232f","settings":{"margin":{"unit":"px","top":"0","right":0,"bottom":"0","left":0,"isLinked":false},"padding_tablet":{"unit":"px","top":"0","right":"0","bottom":"0","left":"0","isLinked":false},"padding_mobile":{"unit":"px","top":"0","right":"0","bottom":"0","left":"0","isLinked":false},"gap":"no","_title":"listings","layout":"full_width","stretch_section":"section-stretched"},"elements":[{"id":"22e790bc","settings":{"_column_size":100,"_inline_size":null,"margin_tablet":{"unit":"px","top":"0","right":"0","bottom":"0","left":"0","isLinked":false},"padding_mobile":{"unit":"px","top":"0","right":"0","bottom":"0","left":"0","isLinked":false}},"elements":[{"id":"38e546c7","settings":[],"elements":[{"id":"712857ce","settings":{"_column_size":100,"_inline_size":null},"elements":[{"id":"109605f1","settings":{"form_fields":[{"_id":"name","field_type":"5","field_label":"Vans","include_terms":"yes","icon":{"value":{"url":"https:\/\/iceland.wprentals.org\/wp-content\/uploads\/2022\/11\/trailer2.svg","id":39547},"library":"svg"}},{"field_type":"24","field_label":"Overcabs","include_terms":"","icon":{"value":{"url":"https:\/\/iceland.wprentals.org\/wp-content\/uploads\/2022\/11\/overcab.svg","id":39542},"library":"svg"},"_id":"5d1a8cb"},{"field_type":"7","field_label":"Fully-Integrated","include_terms":"","icon":{"value":{"url":"https:\/\/iceland.wprentals.org\/wp-content\/uploads\/2022\/11\/van2.svg","id":39545},"library":"svg"},"_id":"4055a94"},{"field_type":"7","field_label":"\tTrailer","include_terms":"","icon":{"value":{"url":"https:\/\/iceland.wprentals.org\/wp-content\/uploads\/2022\/11\/car.svg","id":39543},"library":"svg"},"_id":"1391e03"},{"field_type":"23","field_label":"Semi-Integrated","include_terms":"","icon":{"value":{"url":"https:\/\/iceland.wprentals.org\/wp-content\/uploads\/2022\/05\/car3.svg","id":37998},"library":"svg"},"_id":"8f71894"}],"number":"6","rownumber":3,"align":"center","form_wrapper-content_padding":{"unit":"px","top":"015","right":"35","bottom":"15","left":"35","isLinked":false},"tab_item_margin":{"unit":"px","top":"0","right":"10","bottom":"30","left":"0","isLinked":false},"tab_item_border_radius":{"unit":"px","top":"30","right":"30","bottom":"30","left":"30","isLinked":true},"tab_item_back_color":"#FFFFFF","tab_item_font_color":"#1E2E31","tab_item_back_selected_color":"#83A9C52B","tab_item_active_font_color":"#83A9C5","tab_item_typo_typography":"custom","tab_item_typo_font_size":{"unit":"px","size":15,"sizes":[]},"tab_item_icon_margin":{"unit":"px","top":"-3","right":"10","bottom":"0","left":"0","isLinked":false},"tab_item_icon_font_color":"#1E2E31","tab_item_icon_active_font_color":"#83A9C5","item_icon_size":{"unit":"px","size":18,"sizes":[]},"_margin":{"unit":"px","top":"0","right":"0","bottom":"0","left":"0","isLinked":false},"_animation":"fadeIn"},"elements":[],"isInner":false,"widgetType":"Wprentals_Recent_Items_Top_Bar_v1","elType":"widget"}],"isInner":true,"elType":"column"}],"isInner":true,"elType":"section"},{"id":"18f31b3a","settings":{"title":"","title_color":"#1E2E31","typography_typography":"custom","typography_font_family":"Lora","typography_font_size":{"unit":"px","size":54,"sizes":[]},"typography_font_weight":"300","typography_line_height":{"unit":"em","size":1.0500000000000000444089209850062616169452667236328125,"sizes":[]},"typography_font_size_tablet":{"unit":"px","size":"45","sizes":[]},"typography_font_size_mobile":{"unit":"px","size":"45","sizes":[]},"motion_fx_blur_range":{"unit":"%","size":"","sizes":{"start":"20","end":"73"}},"align_mobile":"center","align":"center","typography_text_transform":"capitalize"},"elements":[],"isInner":false,"widgetType":"heading","elType":"widget"}],"isInner":false,"elType":"column"}],"isInner":false,"elType":"section"},{"id":"494584af","settings":{"margin":{"unit":"px","top":"50","right":0,"bottom":"0","left":0,"isLinked":""},"_title":"featured items slider","margin_tablet":{"unit":"px","top":"60","right":0,"bottom":"0","left":0,"isLinked":""},"margin_mobile":{"unit":"px","top":"70","right":0,"bottom":"0","left":0,"isLinked":""},"padding_mobile":{"unit":"px","top":"0","right":"0","bottom":"0","left":"0","isLinked":""},"padding_tablet":{"unit":"px","top":"0","right":"0","bottom":"0","left":"0","isLinked":false}},"elements":[{"id":"46c9019c","settings":{"_column_size":100,"content_position":"center","padding":{"unit":"px","top":"0","right":"0","bottom":"0","left":"0","isLinked":""},"_inline_size_tablet":"100","padding_tablet":{"unit":"px","top":"0","right":"0","bottom":"0","left":"0","isLinked":""},"padding_mobile":{"unit":"px","top":"0","right":"0","bottom":"0","left":"0","isLinked":"1"},"_inline_size":null,"margin_tablet":{"unit":"px","top":"0","right":"0","bottom":"50","left":"0","isLinked":false},"_title":"column"},"elements":[{"id":"6179582b","settings":{"title":"Featured Motorhomes","header_size":"p","align":"center","align_mobile":"center","title_color":"#83A9C5","typography_typography":"custom","typography_font_family":"Roboto","typography_font_size":{"unit":"px","size":14,"sizes":[]},"typography_font_weight":"700","typography_text_transform":"capitalize","typography_line_height":{"unit":"px","size":24,"sizes":[]},"typography_letter_spacing":{"unit":"px","size":5,"sizes":[]},"_animation":"fadeIn"},"elements":[],"isInner":false,"widgetType":"heading","elType":"widget"},{"id":"5254c3ea","settings":{"title":"Choose from our selection of<br>Featured motorhomes","title_color":"#1E2E31","typography_typography":"custom","typography_font_family":"Lora","typography_font_size":{"unit":"px","size":30,"sizes":[]},"typography_font_weight":"300","typography_line_height":{"unit":"em","size":1.25,"sizes":[]},"motion_fx_blur_range":{"unit":"%","size":"","sizes":{"start":"20","end":"73"}},"align_mobile":"center","align":"center","typography_text_transform":"capitalize","_animation":"fadeIn"},"elements":[],"isInner":false,"widgetType":"heading","elType":"widget"},{"id":"52f57234","settings":{"margin":{"unit":"px","top":"25","right":0,"bottom":"0","left":0,"isLinked":false},"margin_mobile":{"unit":"px","top":"40","right":0,"bottom":"0","left":0,"isLinked":false}},"elements":[{"id":"60e72a7b","settings":{"_column_size":100,"_inline_size":null},"elements":[{"id":"7fe57de6","settings":{"show_featured_only":"yes","wprentals_field_typography_title_typography":"custom","wprentals_field_typography_title_font_family":"Lora","wprentals_field_typography_title_font_size":{"unit":"px","size":22,"sizes":[]},"wprentals_field_typography_title_font_weight":"500","wprentals_field_typography_title_line_height":{"unit":"em","size":1.3000000000000000444089209850062616169452667236328125,"sizes":[]},"wprentals_field_typography_price_typography":"custom","wprentals_field_typography_price_font_family":"Roboto","wprentals_field_typography_price_font_size":{"unit":"px","size":15,"sizes":[]},"wprentals_field_typography_price_font_weight":"400","wprentals_field_typography_price_line_height":{"unit":"px","size":22,"sizes":[]},"wprentals_field_typography_location_typography":"custom","wprentals_field_typography_location_font_family":"Roboto","wprentals_field_typography_location_font_size":{"unit":"px","size":15,"sizes":[]},"wprentals_field_typography_location_font_weight":"400","wprentals_field_typography_content_typography":"custom","wprentals_field_typography_content_font_family":"Roboto","wprentals_field_typography_content_font_size":{"unit":"px","size":15,"sizes":[]},"wprentals_field_typography_content_font_weight":"300","wpestate_properties_slider_v1_single_details_typography":"custom","wpestate_properties_slider_v1_single_details_font_family":"Roboto","wpestate_properties_slider_v1_single_details_font_size":{"unit":"px","size":15,"sizes":[]},"wpestate_properties_slider_v1_single_details_font_weight":"300","wpestate_properties_slider_v1_single_details_line_height":{"unit":"px","size":17,"sizes":[]},"wprentals_field_typography_agent_typography":"custom","wprentals_field_typography_agent_font_family":"Roboto","wprentals_field_typography_agent_font_size":{"unit":"px","size":15,"sizes":[]},"wprentals_field_typography_agent_font_weight":"500","image_border_radius":{"unit":"px","top":"5","right":"5","bottom":"5","left":"5","isLinked":true},"owner_size":{"unit":"px","size":40,"sizes":[]},"title_font_color":"#1E2E31","price_font_color":"#83A9C5","contentx_font_color":"#5D6475","wprentals_field_color_location":"#5D6475","agent_font_color":"#5D6475","icon_font_color":"#83A9C5","wprentals_field_color_owner_name":"#1E2E31","arrow_border_radius":{"unit":"px","top":"100","right":"100","bottom":"100","left":"100","isLinked":true},"arrow_color":"#FFFFFF","arrow_bck_color":"#83A9C5","arrow_color_hover":"#83A9C5","arrow_bck_color_hover":"#FFFFFF","bullet_color":"#83A9C547","bullet_color_active":"#83A9C5","_animation":"fadeIn","_animation_delay":50,"icon size":{"unit":"px","size":16,"sizes":[]},"category_ids":[],"number":"3"},"elements":[],"isInner":false,"widgetType":"Wprentals_Properties_Slider","elType":"widget"}],"isInner":true,"elType":"column"}],"isInner":true,"elType":"section"}],"isInner":"","elType":"column"}],"isInner":"","elType":"section"},{"id":"1ecffd2e","settings":{"margin":{"unit":"px","top":"100","right":0,"bottom":"0","left":0,"isLinked":""},"_title":"featured owners","margin_tablet":{"unit":"px","top":"70","right":0,"bottom":"0","left":0,"isLinked":""},"margin_mobile":{"unit":"px","top":"70","right":0,"bottom":"0","left":0,"isLinked":""},"padding_mobile":{"unit":"px","top":"0","right":"0","bottom":"0","left":"0","isLinked":""},"padding_tablet":{"unit":"px","top":"0","right":"0","bottom":"0","left":"0","isLinked":false}},"elements":[{"id":"5e3d790","settings":{"_column_size":100,"content_position":"center","padding":{"unit":"px","top":"0","right":"0","bottom":"0","left":"0","isLinked":""},"_inline_size_tablet":"100","padding_tablet":{"unit":"px","top":"0","right":"0","bottom":"0","left":"0","isLinked":""},"padding_mobile":{"unit":"px","top":"0","right":"0","bottom":"0","left":"0","isLinked":"1"},"_inline_size":null,"margin_tablet":{"unit":"px","top":"0","right":"0","bottom":"50","left":"0","isLinked":false},"_title":"properties list title"},"elements":[{"id":"194435fc","settings":{"title":"Featured Van Owners","header_size":"p","align":"center","align_mobile":"center","title_color":"#83A9C5","typography_typography":"custom","typography_font_family":"Roboto","typography_font_size":{"unit":"px","size":14,"sizes":[]},"typography_font_weight":"700","typography_text_transform":"capitalize","typography_line_height":{"unit":"px","size":24,"sizes":[]},"typography_letter_spacing":{"unit":"px","size":5,"sizes":[]},"_animation":"fadeIn"},"elements":[],"isInner":false,"widgetType":"heading","elType":"widget"},{"id":"7d750090","settings":{"title":"Rent a Motorhome from<br>Van Owners with Experience","title_color":"#1E2E31","typography_typography":"custom","typography_font_family":"Lora","typography_font_size":{"unit":"px","size":30,"sizes":[]},"typography_font_weight":"300","typography_line_height":{"unit":"em","size":1.25,"sizes":[]},"motion_fx_blur_range":{"unit":"%","size":"","sizes":{"start":"20","end":"73"}},"align_mobile":"center","align":"center","typography_text_transform":"capitalize","_animation":"fadeIn"},"elements":[],"isInner":false,"widgetType":"heading","elType":"widget"},{"id":"7c897f0a","settings":{"structure":"30","margin":{"unit":"px","top":"5","right":0,"bottom":"0","left":0,"isLinked":false},"animation":"fadeIn"},"elements":[{"id":"672f69b0","settings":{"_column_size":33,"_inline_size":null},"elements":[{"id":"1d538846","settings":{"owner_id":"39082","design_type":"2","notes":"Superhost & Identify Verified"},"elements":[],"isInner":false,"widgetType":"Wprentals_Featured_Owner","elType":"widget"}],"isInner":true,"elType":"column"},{"id":"43425905","settings":{"_column_size":33,"_inline_size":null},"elements":[{"id":"79454660","settings":{"owner_id":"39081","design_type":"2","notes":"Superhost & Identify Verified"},"elements":[],"isInner":false,"widgetType":"Wprentals_Featured_Owner","elType":"widget"}],"isInner":true,"elType":"column"},{"id":"41d3a4c1","settings":{"_column_size":33,"_inline_size":null},"elements":[{"id":"12877087","settings":{"owner_id":"39083","design_type":"2","notes":"Superhost & Identify Verified"},"elements":[],"isInner":false,"widgetType":"Wprentals_Featured_Owner","elType":"widget"}],"isInner":true,"elType":"column"}],"isInner":true,"elType":"section"}],"isInner":"","elType":"column"}],"isInner":"","elType":"section"},{"id":"7dbd22eb","settings":{"layout":"full_width","height":"min-height","custom_height":{"unit":"px","size":474,"sizes":[]},"stretch_section":"section-stretched","background_background":"classic","background_color":"#1E2E31","background_image":{"url":"https:\/\/iceland.wprentals.org\/wp-content\/uploads\/2022\/11\/home-bg-e1667831522718.webp","id":39256,"alt":"","source":"library"},"background_overlay_background":"classic","background_overlay_color":"#1E2E31","background_overlay_image":{"url":"","id":"","alt":"","source":"library"},"background_overlay_position":"top center","background_overlay_repeat":"no-repeat","background_overlay_opacity":{"unit":"px","size":0.65000000000000002220446049250313080847263336181640625,"sizes":[]},"margin":{"unit":"px","top":"100","right":0,"bottom":"0","left":0,"isLinked":false},"background_position":"center center","background_repeat":"no-repeat","background_size":"cover","margin_tablet":{"unit":"px","top":"0","right":0,"bottom":"0","left":0,"isLinked":false}},"elements":[{"id":"6fe4b713","settings":{"_column_size":100,"_inline_size":null},"elements":[],"isInner":false,"elType":"column"}],"isInner":false,"elType":"section"},{"id":"1bf54982","settings":{"content_width":{"unit":"px","size":1000,"sizes":[]},"background_background":"classic","margin":{"unit":"px","top":"-314","right":0,"bottom":"0","left":0,"isLinked":false},"padding":{"unit":"px","top":"0","right":"0","bottom":"0","left":"0","isLinked":false}},"elements":[{"id":"2311f58b","settings":{"_column_size":100,"_inline_size":null,"background_background":"classic","background_color":"#FFFFFF","border_radius":{"unit":"px","top":"5","right":"5","bottom":"5","left":"5","isLinked":true},"box_shadow_box_shadow_type":"yes","box_shadow_box_shadow":{"horizontal":0,"vertical":2,"blur":11,"spread":0,"color":"rgba(180.99999999999991, 127, 250, 0.1)"},"padding":{"unit":"px","top":"100","right":"45","bottom":"60","left":"45","isLinked":false},"padding_mobile":{"unit":"px","top":"30","right":"30","bottom":"30","left":"30","isLinked":true}},"elements":[{"id":"b994f0f","settings":{"title":"Motorhomes Categories","header_size":"p","align":"center","align_mobile":"center","title_color":"#83A9C5","typography_typography":"custom","typography_font_family":"Roboto","typography_font_size":{"unit":"px","size":14,"sizes":[]},"typography_font_weight":"700","typography_text_transform":"capitalize","typography_line_height":{"unit":"px","size":24,"sizes":[]},"typography_letter_spacing":{"unit":"px","size":5,"sizes":[]},"_animation":"fadeIn"},"elements":[],"isInner":false,"widgetType":"heading","elType":"widget"},{"id":"7e93fea1","settings":{"title":"Find a Vehicle by Category<br> and Plan Your Iceland Holiday","title_color":"#1E2E31","typography_typography":"custom","typography_font_family":"Lora","typography_font_size":{"unit":"px","size":30,"sizes":[]},"typography_font_weight":"300","typography_line_height":{"unit":"em","size":1.25,"sizes":[]},"motion_fx_blur_range":{"unit":"%","size":"","sizes":{"start":"20","end":"73"}},"align_mobile":"center","align":"center","typography_text_transform":"capitalize","_animation":"fadeIn"},"elements":[],"isInner":false,"widgetType":"heading","elType":"widget"},{"id":"6da1d476","settings":{"form_fields":[{"_id":"name","field_type":"property_category","field_label":"Motorhome Type","icon":{"value":{"url":"https:\/\/iceland.wprentals.org\/wp-content\/uploads\/2022\/11\/camper.svg","id":38977},"library":"svg"}},{"field_type":"property_action_category","field_label":"Vehicle Seats","icon":{"value":{"url":"https:\/\/iceland.wprentals.org\/wp-content\/uploads\/2021\/09\/wifi-2.svg","id":36409},"library":"svg"},"_id":"8c99b4e"},{"field_type":"property_city","field_label":"Vehicle City","icon":{"value":{"url":"https:\/\/iceland.wprentals.org\/wp-content\/uploads\/2021\/08\/location-1.svg","id":35425},"library":"svg"},"_id":"c00abc0"},{"field_type":"property_area","field_label":"Vehicle Area","icon":{"value":{"url":"https:\/\/iceland.wprentals.org\/wp-content\/uploads\/2021\/08\/pam-tree-1.svg","id":35988},"library":"svg"},"_id":"c66d4f1"},{"field_type":"property_features","field_label":"Features","icon":{"value":{"url":"https:\/\/iceland.wprentals.org\/wp-content\/uploads\/2021\/09\/laptop_friendly-1.svg","id":36418},"library":"svg"},"_id":"0391c00"}],"place_per_row":"4","align":"right","form_wrapper-content_padding":{"unit":"px","top":"015","right":"35","bottom":"15","left":"35","isLinked":false},"tab_item_margin":{"unit":"px","top":"0","right":"0","bottom":"0","left":"0","isLinked":false},"tab_item_back_color":"#FFFFFF","tab_item_font_color":"#1E2E31","tab_item_icon_margin":{"unit":"px","top":"0","right":"10","bottom":"0","left":"0","isLinked":false},"tab_item_icon_font_color":"#1E2E31","item_icon_size":{"unit":"px","size":15,"sizes":[]},"_margin":{"unit":"px","top":"40","right":"0","bottom":"0","left":"0","isLinked":false},"show_zero_terms":"","tab_item_border_radius":{"unit":"px","top":"30","right":"30","bottom":"30","left":"30","isLinked":true},"tab_item_back_selected_color":"#83A9C52B","tab_item_active_font_color":"#83A9C5","tab_item_icon_active_font_color":"#83A9C5","wpersidence_tab_content_element_margin":{"unit":"px","top":"0","right":"0","bottom":"10","left":"0","isLinked":false},"tab_item_typo_typography":"custom","tab_item_typo_font_size":{"unit":"px","size":15,"sizes":[]},"tab_content_font_color":"#1E2E31","tab_content_sec_row_font_color":"#7A7A7A","tax_title_typography":"custom","tax_title_font_size":{"unit":"px","size":15,"sizes":[]},"tax_title_Sec_row_typography":"custom","tax_title_Sec_row_font_size":{"unit":"px","size":15,"sizes":[]},"tax_title_Sec_row_font_weight":"300","_animation":"fadeIn"},"elements":[],"isInner":false,"widgetType":"Wprentals_Display_Categories_As_Tabs","elType":"widget"}],"isInner":false,"elType":"column"}],"isInner":false,"elType":"section"},{"id":"6541409b","settings":{"height":"min-height","custom_height":{"unit":"px","size":690,"sizes":[]},"column_position":"stretch","background_background":"classic","background_position":"center right","background_repeat":"no-repeat","background_size":"contain","_title":"background row","background_size_tablet":"cover","custom_height_tablet":{"unit":"vh","size":75,"sizes":[]},"custom_height_mobile":{"unit":"vh","size":"","sizes":[]},"padding_mobile":{"unit":"px","top":"30","right":"0","bottom":"0","left":"0","isLinked":""},"gap":"no","gap_columns_custom":{"unit":"px","size":15,"sizes":[]},"stretch_section":"section-stretched","background_color":"#FFFFFF","background_image":{"url":"","id":"","alt":"","source":"library"},"background_xpos":{"unit":"vw","size":27,"sizes":[]},"padding":{"unit":"%","top":"","right":"","bottom":"","left":"","isLinked":false},"background_xpos_tablet":{"unit":"vw","size":0,"sizes":[]},"background_xpos_mobile":{"unit":"vw","size":0,"sizes":[]},"background_overlay_background":"classic","background_overlay_image":{"url":"","id":"","alt":"","source":"library"},"background_overlay_position":"bottom left","background_overlay_xpos":{"unit":"px","size":-124,"sizes":[]},"background_overlay_ypos":{"unit":"px","size":207,"sizes":[]},"background_overlay_repeat":"no-repeat","background_overlay_opacity":{"unit":"px","size":0.05000000000000000277555756156289135105907917022705078125,"sizes":[]},"padding_tablet":{"unit":"%","top":"","right":"","bottom":"","left":"","isLinked":true},"layout":"full_width","structure":"20","margin":{"unit":"px","top":"100","right":0,"bottom":"0","left":0,"isLinked":false}},"elements":[{"id":"3fd8b1eb","settings":{"_column_size":50,"_inline_size":null},"elements":[],"isInner":false,"elType":"column"},{"id":"5433d4c8","settings":{"_column_size":50,"content_position":"center","padding":{"unit":"%","top":"","right":"","bottom":"","left":"","isLinked":""},"background_background":"classic","_inline_size":null,"padding_tablet":{"unit":"px","top":"30","right":"30","bottom":"30","left":"30","isLinked":"1"},"space_between_widgets":"30","space_between_widgets_tablet":"15","padding_mobile":{"unit":"px","top":"0","right":"0","bottom":"0","left":"0","isLinked":""},"margin":{"unit":"px","top":"0","right":"0","bottom":"0","left":"-15","isLinked":false},"background_color":"#1E2E31","background_overlay_background":"classic","background_overlay_image":{"url":"https:\/\/iceland.wprentals.org\/wp-content\/uploads\/2022\/11\/mountains2-450.png","id":38738,"alt":"","source":"library"},"background_overlay_position":"bottom right","background_overlay_repeat":"no-repeat","background_overlay_opacity":{"unit":"px","size":0.05000000000000000277555756156289135105907917022705078125,"sizes":[]},"border_radius":{"unit":"px","top":"0","right":"5","bottom":"5","left":"0","isLinked":false}},"elements":[{"id":"31e516ed","settings":{"title":""},"elements":[],"isInner":false,"widgetType":"heading","elType":"widget"}],"isInner":"","elType":"column"}],"isInner":"","elType":"section"},{"id":"8e6bee7","settings":{"gap":"no","stretch_section":"section-stretched","background_background":"classic","background_overlay_background":"classic","background_overlay_attachment":"fixed","background_overlay_repeat":"no-repeat","background_overlay_size":"cover","background_overlay_opacity":{"unit":"px","size":0.0200000000000000004163336342344337026588618755340576171875,"sizes":[]},"margin":{"unit":"px","top":"-630","right":0,"bottom":"0","left":0,"isLinked":false},"layout":"full_width","height":"min-height","custom_height":{"unit":"px","size":580,"sizes":[]},"background_color":"#02010100","_title":"categories section"},"elements":[{"id":"2e33a7fd","settings":{"_column_size":100,"_inline_size":null,"box_shadow_box_shadow":{"horizontal":0,"vertical":11,"blur":100,"spread":0,"color":"rgba(0, 0, 0, 0.07)"},"z_index":999,"border_radius":{"unit":"px","top":"10","right":"10","bottom":"10","left":"10","isLinked":true},"border_radius_mobile":{"unit":"px","top":"0","right":"0","bottom":"0","left":"0","isLinked":true}},"elements":[{"id":"726da7a7","settings":{"gap":"no","structure":"40","margin":{"unit":"px","top":"0","right":0,"bottom":"0","left":0,"isLinked":false},"content_width":{"unit":"px","size":1502,"sizes":[]}},"elements":[{"id":"35ae7cae","settings":{"_column_size":25,"_inline_size":40.5319999999999964757080306299030780792236328125,"background_background":"classic","background_image":{"url":"","id":"","alt":"","source":"library"},"background_overlay_background":"classic","background_overlay_opacity":{"unit":"px","size":0.89000000000000001332267629550187848508358001708984375,"sizes":[]},"padding":{"unit":"px","top":"60","right":"100","bottom":"60","left":"110","isLinked":false},"space_between_widgets":20,"background_color":"#FFFFFF","border_radius":{"unit":"em","top":"","right":"","bottom":"","left":"","isLinked":false},"border_radius_mobile":{"unit":"px","top":"0","right":"0","bottom":"0","left":"0","isLinked":true},"padding_tablet":{"unit":"px","top":"70","right":"45","bottom":"70","left":"45","isLinked":false},"border_radius_tablet":{"unit":"em","top":"","right":"","bottom":"","left":"","isLinked":true}},"elements":[{"id":"51a82875","settings":{"title":"Popular Campervans","header_size":"p","align_mobile":"center","title_color":"#83A9C5","typography_typography":"custom","typography_font_family":"Roboto","typography_font_size":{"unit":"px","size":14,"sizes":[]},"typography_font_weight":"700","typography_text_transform":"capitalize","typography_line_height":{"unit":"px","size":24,"sizes":[]},"typography_letter_spacing":{"unit":"px","size":5,"sizes":[]},"_animation":"fadeIn"},"elements":[],"isInner":false,"widgetType":"heading","elType":"widget"},{"id":"74b3e138","settings":{"title":"A truly unique holiday with Iceland Rentals","align":"left","title_color":"#1E2E31","typography_typography":"custom","typography_font_family":"Lora","typography_font_size":{"unit":"px","size":30,"sizes":[]},"typography_font_weight":"300","align_mobile":"center","typography_text_transform":"capitalize","typography_line_height":{"unit":"em","size":1.25,"sizes":[]},"_animation":"fadeIn"},"elements":[],"isInner":false,"widgetType":"heading","elType":"widget"},{"id":"842bf69","settings":{"title":"Imagine waking up in an A class motorhome with home from home comforts around you, taking a nice warm shower, putting the kettle on and stepping outside to a beautiful lake or the mountains. ","header_size":"p","title_color":"#7A7A7A","typography_typography":"custom","typography_font_family":"Roboto","typography_font_size":{"unit":"px","size":15,"sizes":[]},"typography_font_weight":"300","typography_line_height":{"unit":"em","size":1.600000000000000088817841970012523233890533447265625,"sizes":[]},"align_mobile":"center","_animation":"fadeIn"},"elements":[],"isInner":false,"widgetType":"heading","elType":"widget"},{"id":"190f2d83","settings":{"title":"Wherever your location you are guaranteed to wake up feeling fully rested and energised, ready to explore your new surroundings around Iceland and its beautiful natural sightseeings.","header_size":"p","title_color":"#7A7A7A","typography_typography":"custom","typography_font_family":"Roboto","typography_font_size":{"unit":"px","size":15,"sizes":[]},"typography_font_weight":"300","typography_line_height":{"unit":"em","size":1.600000000000000088817841970012523233890533447265625,"sizes":[]},"align_mobile":"center","_animation":"fadeIn"},"elements":[],"isInner":false,"widgetType":"heading","elType":"widget"},{"id":"17d342bd","settings":{"text":"Explore all listings","size":"md","selected_icon":{"value":"fas fa-caret-right","library":"fa-solid"},"icon_align":"right","icon_indent":{"unit":"px","size":"10","sizes":[]},"typography_typography":"custom","typography_font_family":"Roboto","typography_font_size":{"unit":"px","size":15,"sizes":[]},"typography_font_weight":"500","button_text_color":"#FFFFFF","background_color":"#83A9C5","border_radius":{"unit":"px","top":"30","right":"30","bottom":"30","left":"30","isLinked":"1"},"align":"left","button_background_hover_color":"#7598B1","hover_color":"#FFFFFF","align_tablet":"left","link":{"url":"\/motorhome-and-campervan-hire-in-iceland\/","is_external":"on","nofollow":""},"align_mobile":"center","_animation":"fadeIn"},"elements":[],"isInner":false,"widgetType":"button","elType":"widget"}],"isInner":true,"elType":"column"},{"id":"d3404f1","settings":{"_column_size":25,"_inline_size":20.667000000000001591615728102624416351318359375,"background_background":"classic","background_image":{"id":"","url":"","alt":"","source":"library"},"background_position":"center center","background_repeat":"no-repeat","background_size":"cover","border_radius":{"unit":"px","top":"0","right":"5","bottom":"5","left":"0","isLinked":false},"content_position":"center","align":"center","padding_mobile":{"unit":"px","top":"0","right":"0","bottom":"0","left":"0","isLinked":true},"background_bg_width":{"unit":"vw","size":87,"sizes":[]},"background_bg_width_tablet":{"unit":"vw","size":"","sizes":[]},"background_bg_width_mobile":{"unit":"vw","size":"","sizes":[]},"margin":{"unit":"px","top":"0","right":"5","bottom":"0","left":"5","isLinked":false},"margin_mobile":{"unit":"px","top":"15","right":"15","bottom":"15","left":"15","isLinked":true}},"elements":[{"id":"7321ac74","settings":{"place_id":"6","places_height":{"unit":"px","size":500,"sizes":[]},"item_border_radius":{"unit":"px","top":"5","right":"5","bottom":"5","left":"5","isLinked":true},"type":"type3","places_label":"Book now","tax_title_typography":"custom","tax_title_font_family":"Lora","tax_title_font_size":{"unit":"px","size":22,"sizes":[]},"tax_tagline_typography":"custom","tax_tagline_font_size":{"unit":"px","size":1,"sizes":[]},"tax_tagline_font_weight":"400","tax_tagline_letter_spacing":{"unit":"px","size":5,"sizes":[]},"tax_listings_typography":"custom","tax_listings_font_weight":"400","tax_listings_letter_spacing":{"unit":"px","size":0,"sizes":[]},"discover_listings_typography":"custom","discover_listings_font_size":{"unit":"px","size":0,"sizes":[]},"discover_listings_font_weight":"600"},"elements":[],"isInner":false,"widgetType":"WpRentals_Featured_Place","elType":"widget"}],"isInner":true,"elType":"column"},{"id":"38f7dfe2","settings":{"_column_size":25,"_inline_size":19.667000000000001591615728102624416351318359375,"background_background":"classic","background_image":{"id":"","url":"","alt":"","source":"library"},"background_position":"center center","background_repeat":"no-repeat","background_size":"cover","border_radius":{"unit":"px","top":"0","right":"5","bottom":"5","left":"0","isLinked":false},"content_position":"center","align":"center","padding_mobile":{"unit":"px","top":"0","right":"0","bottom":"0","left":"0","isLinked":false},"background_bg_width":{"unit":"vw","size":87,"sizes":[]},"background_bg_width_tablet":{"unit":"vw","size":"","sizes":[]},"background_bg_width_mobile":{"unit":"vw","size":"","sizes":[]},"margin":{"unit":"px","top":"0","right":"5","bottom":"0","left":"5","isLinked":false},"margin_mobile":{"unit":"px","top":"15","right":"15","bottom":"15","left":"15","isLinked":true}},"elements":[{"id":"eeb0ccf","settings":{"place_id":"24","places_height":{"unit":"px","size":500,"sizes":[]},"item_border_radius":{"unit":"px","top":"5","right":"5","bottom":"5","left":"5","isLinked":true},"type":"type3","places_label":"Book now","tax_title_typography":"custom","tax_title_font_family":"Lora","tax_title_font_size":{"unit":"px","size":22,"sizes":[]},"tax_tagline_typography":"custom","tax_tagline_font_size":{"unit":"px","size":1,"sizes":[]},"tax_tagline_font_weight":"400","tax_tagline_letter_spacing":{"unit":"px","size":5,"sizes":[]},"tax_listings_typography":"custom","tax_listings_font_weight":"400","tax_listings_letter_spacing":{"unit":"px","size":0,"sizes":[]},"discover_listings_typography":"custom","discover_listings_font_size":{"unit":"px","size":0,"sizes":[]},"discover_listings_font_weight":"600"},"elements":[],"isInner":false,"widgetType":"WpRentals_Featured_Place","elType":"widget"}],"isInner":true,"elType":"column"},{"id":"345c5938","settings":{"_column_size":25,"_inline_size":19.111999999999998323119143606163561344146728515625,"background_background":"classic","background_image":{"id":"","url":"","alt":"","source":"library"},"background_position":"center center","background_repeat":"no-repeat","background_size":"cover","border_radius":{"unit":"px","top":"0","right":"5","bottom":"5","left":"0","isLinked":false},"content_position":"center","align":"center","background_bg_width":{"unit":"vw","size":87,"sizes":[]},"background_bg_width_tablet":{"unit":"vw","size":"","sizes":[]},"background_bg_width_mobile":{"unit":"vw","size":"","sizes":[]},"margin":{"unit":"px","top":"0","right":"5","bottom":"0","left":"5","isLinked":false},"margin_mobile":{"unit":"px","top":"15","right":"15","bottom":"15","left":"15","isLinked":true}},"elements":[{"id":"46542607","settings":{"place_id":"5","places_height":{"unit":"px","size":500,"sizes":[]},"item_border_radius":{"unit":"px","top":"5","right":"5","bottom":"5","left":"5","isLinked":true},"type":"type3","places_label":"Book now","tax_title_typography":"custom","tax_title_font_family":"Lora","tax_title_font_size":{"unit":"px","size":22,"sizes":[]},"tax_tagline_typography":"custom","tax_tagline_font_size":{"unit":"px","size":1,"sizes":[]},"tax_tagline_font_weight":"400","tax_tagline_letter_spacing":{"unit":"px","size":5,"sizes":[]},"tax_listings_typography":"custom","tax_listings_font_weight":"400","tax_listings_letter_spacing":{"unit":"px","size":0,"sizes":[]},"discover_listings_typography":"custom","discover_listings_font_size":{"unit":"px","size":0,"sizes":[]},"discover_listings_font_weight":"600"},"elements":[],"isInner":false,"widgetType":"WpRentals_Featured_Place","elType":"widget"}],"isInner":true,"elType":"column"}],"isInner":true,"elType":"section"}],"isInner":false,"elType":"column"}],"isInner":false,"elType":"section"},{"id":"2d13cf89","settings":{"margin":{"unit":"px","top":"150","right":0,"bottom":"0","left":0,"isLinked":""},"_title":"blog","margin_tablet":{"unit":"px","top":"0","right":0,"bottom":"0","left":0,"isLinked":""},"margin_mobile":{"unit":"px","top":"100","right":0,"bottom":"0","left":0,"isLinked":""},"padding_mobile":{"unit":"px","top":"0","right":"0","bottom":"0","left":"0","isLinked":""},"padding_tablet":{"unit":"px","top":"0","right":"0","bottom":"0","left":"0","isLinked":false}},"elements":[{"id":"5431045c","settings":{"_column_size":100,"content_position":"center","padding":{"unit":"px","top":"0","right":"0","bottom":"0","left":"0","isLinked":""},"_inline_size_tablet":"100","padding_tablet":{"unit":"px","top":"0","right":"0","bottom":"0","left":"0","isLinked":""},"padding_mobile":{"unit":"px","top":"0","right":"0","bottom":"0","left":"0","isLinked":"1"},"_inline_size":null,"margin_tablet":{"unit":"px","top":"0","right":"0","bottom":"50","left":"0","isLinked":false},"_title":"colum"},"elements":[{"id":"794dda82","settings":{"title":"Rentals Articles","header_size":"p","align":"center","align_mobile":"center","title_color":"#83A9C5","typography_typography":"custom","typography_font_family":"Roboto","typography_font_size":{"unit":"px","size":14,"sizes":[]},"typography_font_weight":"700","typography_text_transform":"capitalize","typography_line_height":{"unit":"px","size":24,"sizes":[]},"typography_letter_spacing":{"unit":"px","size":5,"sizes":[]},"_animation":"fadeIn"},"elements":[],"isInner":false,"widgetType":"heading","elType":"widget"},{"id":"5e1ef66a","settings":{"title":"Inspiring Iceland Information<br>For your next holiday ","title_color":"#1E2E31","typography_typography":"custom","typography_font_family":"Lora","typography_font_size":{"unit":"px","size":30,"sizes":[]},"typography_font_weight":"300","typography_line_height":{"unit":"em","size":1.25,"sizes":[]},"motion_fx_blur_range":{"unit":"%","size":"","sizes":{"start":"20","end":"73"}},"align_mobile":"center","align":"center","typography_text_transform":"capitalize","_animation":"fadeIn"},"elements":[],"isInner":false,"widgetType":"heading","elType":"widget"},{"id":"3f71e9c8","settings":{"type":"articles","number":"6","rownumber":3,"_margin":{"unit":"px","top":"25","right":"0","bottom":"0","left":"0","isLinked":false}},"elements":[],"isInner":false,"widgetType":"Wprentals_Recent_Items","elType":"widget"}],"isInner":"","elType":"column"}],"isInner":"","elType":"section"},{"id":"33c9addb","settings":{"gap":"no","stretch_section":"section-stretched","background_background":"classic","background_overlay_background":"classic","background_overlay_attachment":"fixed","background_overlay_repeat":"no-repeat","background_overlay_size":"cover","background_overlay_opacity":{"unit":"px","size":0.0200000000000000004163336342344337026588618755340576171875,"sizes":[]},"margin":{"unit":"px","top":"100","right":0,"bottom":"100","left":0,"isLinked":false},"content_position":"middle","structure":"20","margin_tablet":{"unit":"px","top":"0","right":0,"bottom":"0","left":0,"isLinked":false}},"elements":[{"id":"413b985b","settings":{"_column_size":50,"_inline_size":null,"space_between_widgets":30,"background_background":"classic","background_color":"#1E2E31","background_image":{"url":"","id":"","alt":"","source":"library"},"background_overlay_background":"classic","background_overlay_image":{"url":"https:\/\/iceland.wprentals.org\/wp-content\/uploads\/2022\/11\/mountains2.png","id":38726,"alt":"","source":"library"},"background_overlay_position":"bottom center","background_overlay_repeat":"no-repeat","background_overlay_opacity":{"unit":"px","size":0.05000000000000000277555756156289135105907917022705078125,"sizes":[]},"border_radius":{"unit":"px","top":"5","right":"5","bottom":"5","left":"5","isLinked":true},"border_radius_mobile":{"unit":"px","top":"0","right":"0","bottom":"0","left":"0","isLinked":true},"margin":{"unit":"px","top":"0","right":"25","bottom":"0","left":"0","isLinked":false},"padding":{"unit":"px","top":"90","right":"50","bottom":"90","left":"50","isLinked":false},"padding_tablet":{"unit":"px","top":"70","right":"45","bottom":"70","left":"45","isLinked":false},"margin_tablet":{"unit":"px","top":"0","right":"0","bottom":"0","left":"0","isLinked":false}},"elements":[{"id":"4524157a","settings":{"title":"Contact Information","header_size":"p","align_mobile":"center","title_color":"#83A9C5","typography_typography":"custom","typography_font_family":"Roboto","typography_font_size":{"unit":"px","size":14,"sizes":[]},"typography_font_weight":"700","typography_text_transform":"capitalize","typography_line_height":{"unit":"px","size":24,"sizes":[]},"typography_letter_spacing":{"unit":"px","size":5,"sizes":[]},"_animation":"fadeIn"},"elements":[],"isInner":false,"widgetType":"heading","elType":"widget"},{"id":"2df4e305","settings":{"title":"Contact us to Add your Caravan or Rent a Motorhome","align":"left","title_color":"#FFFFFF","typography_typography":"custom","typography_font_family":"Lora","typography_font_size":{"unit":"px","size":30,"sizes":[]},"typography_font_weight":"300","align_mobile":"center","typography_text_transform":"capitalize","typography_line_height":{"unit":"em","size":1.25,"sizes":[]},"_animation":"fadeIn"},"elements":[],"isInner":false,"widgetType":"heading","elType":"widget"},{"id":"140cf0c0","settings":{"title":"Our experts would love to contribute their expertise and insights and help you today. Contact us to help you plan your next holiday, either looking to add your RV or to rent one.","header_size":"p","title_color":"#FFFFFF","typography_typography":"custom","typography_font_family":"Roboto","typography_font_size":{"unit":"px","size":15,"sizes":[]},"typography_font_weight":"300","typography_line_height":{"unit":"em","size":1.600000000000000088817841970012523233890533447265625,"sizes":[]},"align_mobile":"center","_animation":"fadeIn"},"elements":[],"isInner":false,"widgetType":"heading","elType":"widget"},{"id":"18586d5c","settings":{"title":"\nAt WpRentals we cannot wait to rent one of our motorhomes to you and with safety and hygiene top of our priority list, you can holiday with us in confidence.\u200b","header_size":"p","title_color":"#FFFFFF","typography_typography":"custom","typography_font_family":"Roboto","typography_font_size":{"unit":"px","size":15,"sizes":[]},"typography_font_weight":"300","typography_line_height":{"unit":"em","size":1.600000000000000088817841970012523233890533447265625,"sizes":[]},"align_mobile":"center","_animation":"fadeIn"},"elements":[],"isInner":false,"widgetType":"heading","elType":"widget"}],"isInner":false,"elType":"column"},{"id":"655a9a3d","settings":{"_column_size":50,"_inline_size":null,"box_shadow_box_shadow":{"horizontal":0,"vertical":2,"blur":11,"spread":0,"color":"rgba(180.99999999999991, 127, 250, 0.1)"},"z_index":999,"border_radius_mobile":{"unit":"px","top":"0","right":"0","bottom":"0","left":"0","isLinked":true},"background_background":"classic","background_color":"#83A9C52B","background_image":{"url":"","id":"","alt":"","source":"library"},"background_position":"bottom right","background_repeat":"no-repeat","background_overlay_background":"classic","background_overlay_image":{"url":"","id":"","alt":"","source":"library"},"background_overlay_position":"bottom center","background_overlay_repeat":"no-repeat","background_overlay_opacity":{"unit":"px","size":0.340000000000000024424906541753443889319896697998046875,"sizes":[]},"box_shadow_box_shadow_type":"yes","margin":{"unit":"px","top":"0","right":"0","bottom":"0","left":"25","isLinked":false},"padding":{"unit":"px","top":"0","right":"50","bottom":"0","left":"50","isLinked":false},"margin_tablet":{"unit":"px","top":"0","right":"0","bottom":"0","left":"0","isLinked":false},"padding_tablet":{"unit":"px","top":"30","right":"30","bottom":"30","left":"30","isLinked":true}},"elements":[{"id":"1bd9bf1","settings":[],"elements":[{"id":"75a5768f","settings":{"_column_size":100,"_inline_size":null},"elements":[{"id":"348b17f6","settings":{"form_fields":[{"_id":"name","field_type":"name","field_label":"Name","placeholder":"Name","width":"50"},{"field_type":"address","field_label":"Pickup Location","placeholder":"Pickup Location","width":"50","_id":"f4205cc"},{"field_type":"phone","field_label":"Phone Number","placeholder":"Phone Number","width":"50","required":"true","_id":"3cc94ea"},{"_id":"email","field_type":"email","required":"true","field_label":"Email","placeholder":"Email","width":"50"},{"_id":"booking_from_date","field_type":"booking_from_date","required":"true","field_label":"Check-in","placeholder":"Check-in","width":"50"},{"field_type":"booking_to_date","required":"true","field_label":"Check-out","placeholder":"Check-out","width":"50","_id":"4e0c27c"},{"_id":"message","field_type":"message","field_label":"Message","placeholder":"Message"}],"gdpr_text":"I consent to the GDPR Terms","submit_button_text":"Send Email","email_subject":"New email from &quot;WpRentals booking theme demo&quot; ","submit_button_background_color":"#83A9C5","submit_button_background_hover_color":"#7598B1","_animation_delay":50,"wpersidence_form_row_gap_tablet":{"unit":"px","size":0,"sizes":[]},"wpersidence_form_row_gap":{"unit":"px","size":0,"sizes":[]},"wpresidence_form_label_typography_typography":"custom","wpresidence_form_label_typography_font_family":"Roboto","wpresidence_form_label_typography_font_size":{"unit":"px","size":14,"sizes":[]},"wpresidence_form_label_typography_font_weight":"400","wpresidence_field_text_color":"#7A7A7A","wpresidence_field_typography_typography":"custom","wpresidence_field_typography_font_family":"Roboto","wpresidence_field_typography_font_size":{"unit":"px","size":14,"sizes":[]},"wpresidence_field_typography_font_weight":"300","form_field_show_labels":"","wpresidence_field_background_color":"#FFFFFF","wpresidence_field_border_color":"#83A9C52B","field_border_radius":{"unit":"px","top":"5","right":"5","bottom":"5","left":"5","isLinked":true},"submit_ button_border_radius":{"unit":"px","top":"30","right":"30","bottom":"30","left":"30","isLinked":true},"has_gdpr_agreement":"yes","wpersidence_form_column_gap":{"unit":"px","size":15,"sizes":[]}},"elements":[],"isInner":false,"widgetType":"WpRentals_Contact_Form_Builder","elType":"widget"}],"isInner":true,"elType":"column"}],"isInner":true,"elType":"section"}],"isInner":false,"elType":"column"}],"isInner":false,"elType":"section"}],"page_settings":[],"version":"0.4","title":"Iceland Homepage","type":"page"}