{"content":[{"id":"2a7fd1df","settings":{"height":"min-height","custom_height":{"unit":"vh","size":64,"sizes":[]},"column_position":"stretch","background_background":"classic","background_position":"center right","background_repeat":"no-repeat","background_size":"cover","_title":"Hero","background_size_tablet":"cover","custom_height_tablet":{"unit":"vh","size":59,"sizes":[]},"custom_height_mobile":{"unit":"vh","size":"","sizes":[]},"padding_mobile":{"unit":"px","top":"30","right":"0","bottom":"0","left":"0","isLinked":""},"gap":"no","gap_columns_custom":{"unit":"px","size":15,"sizes":[]},"stretch_section":"section-stretched","background_color":"#1E2E31","background_image":{"url":"https:\/\/iceland.wprentals.org\/wp-content\/uploads\/2015\/04\/3.jpeg","id":39166,"alt":"","source":"library"},"background_xpos":{"unit":"vw","size":27,"sizes":[]},"padding":{"unit":"%","top":"","right":"","bottom":"","left":"","isLinked":false},"background_xpos_tablet":{"unit":"vw","size":0,"sizes":[]},"background_xpos_mobile":{"unit":"vw","size":0,"sizes":[]},"background_overlay_background":"classic","background_overlay_image":{"url":"","id":"","alt":"","source":"library"},"background_overlay_position":"bottom left","background_overlay_xpos":{"unit":"px","size":-124,"sizes":[]},"background_overlay_ypos":{"unit":"px","size":207,"sizes":[]},"background_overlay_repeat":"no-repeat","background_overlay_opacity":{"unit":"px","size":0.65000000000000002220446049250313080847263336181640625,"sizes":[]},"padding_tablet":{"unit":"%","top":"","right":"","bottom":"","left":"","isLinked":true},"content_width":{"unit":"px","size":700,"sizes":[]},"background_overlay_color":"#1E2E31","margin":{"unit":"px","top":"-55","right":0,"bottom":"0","left":0,"isLinked":false},"margin_tablet":{"unit":"px","top":"34","right":0,"bottom":"34","left":0,"isLinked":true}},"elements":[{"id":"703d290","settings":{"_column_size":100,"content_position":"center","padding":{"unit":"%","top":"","right":"","bottom":"","left":"","isLinked":""},"background_background":"classic","_inline_size":null,"padding_tablet":{"unit":"px","top":"30","right":"30","bottom":"30","left":"30","isLinked":"1"},"space_between_widgets":"30","space_between_widgets_tablet":"15","padding_mobile":{"unit":"px","top":"0","right":"30","bottom":"0","left":"30","isLinked":""},"margin":{"unit":"px","top":"0","right":"0","bottom":"0","left":"0","isLinked":false},"margin_tablet":{"unit":"px","top":"4","right":"0","bottom":"0","left":"0","isLinked":false},"margin_mobile":{"unit":"px","top":"0","right":"0","bottom":"0","left":"0","isLinked":false}},"elements":[{"id":"7c9172ce","settings":{"gap":"no","margin_tablet":{"unit":"px","top":"","right":0,"bottom":"","left":0,"isLinked":true}},"elements":[{"id":"4b69eb80","settings":{"_column_size":100,"_inline_size":null},"elements":[{"id":"6ec70405","settings":{"title":"Frequently Asked Questions\u200b","title_color":"#FFFFFF","typography_typography":"custom","typography_font_family":"Roboto","typography_font_size":{"unit":"px","size":14,"sizes":[]},"typography_font_weight":"700","typography_text_transform":"capitalize","header_size":"h3","align_mobile":"center","typography_line_height":{"unit":"px","size":24,"sizes":[]},"typography_letter_spacing":{"unit":"px","size":5,"sizes":[]},"align":"center"},"elements":[],"isInner":false,"widgetType":"heading","elType":"widget"},{"id":"637bab60","settings":{"title":"Everything You Need","title_color":"#FFFFFF","typography_typography":"custom","typography_font_family":"Lora","typography_font_size":{"unit":"px","size":60,"sizes":[]},"typography_font_weight":"300","header_size":"h1","typography_text_transform":"capitalize","typography_font_size_tablet":{"unit":"px","size":"45","sizes":[]},"motion_fx_blur_range":{"unit":"%","size":"","sizes":{"start":"20","end":"73"}},"typography_line_height":{"unit":"em","size":1.0500000000000000444089209850062616169452667236328125,"sizes":[]},"align_mobile":"center","align":"center"},"elements":[],"isInner":false,"widgetType":"heading","elType":"widget"},{"id":"2787a47d","settings":{"title":"How long does the booking process take? What methods of payment accepted? Can I use more than one payment method to pay for a reservation? And more.\u200b","header_size":"p","title_color":"#FFFFFF","typography_typography":"custom","typography_font_family":"Roboto","typography_font_size":{"unit":"px","size":17,"sizes":[]},"typography_font_weight":"300","_margin_mobile":{"unit":"px","top":"0","right":"0","bottom":"0","left":"0","isLinked":"1"},"_padding":{"unit":"%","top":"0","right":"0","bottom":"0","left":"0","isLinked":""},"align_mobile":"center","_padding_mobile":{"unit":"px","top":"0","right":"0","bottom":"0","left":"0","isLinked":false},"typography_line_height":{"unit":"px","size":28,"sizes":[]},"align":"center"},"elements":[],"isInner":false,"widgetType":"heading","elType":"widget"}],"isInner":true,"elType":"column"}],"isInner":true,"elType":"section"}],"isInner":"","elType":"column"}],"isInner":"","elType":"section"},{"id":"67c5d3ad","settings":{"content_width":{"unit":"px","size":750,"sizes":[]},"margin":{"unit":"px","top":"100","right":0,"bottom":"40","left":0,"isLinked":false},"margin_tablet":{"unit":"px","top":"45","right":0,"bottom":"45","left":0,"isLinked":true}},"elements":[{"id":"1166a453","settings":{"_column_size":100,"_inline_size":null},"elements":[{"id":"c56c857","settings":{"title":"Frequently Asked Questions\u200b\u200b","header_size":"p","align_mobile":"center","title_color":"#83A9C5","typography_typography":"custom","typography_font_family":"Roboto","typography_font_size":{"unit":"px","size":14,"sizes":[]},"typography_font_weight":"700","typography_text_transform":"capitalize","typography_line_height":{"unit":"px","size":24,"sizes":[]},"typography_letter_spacing":{"unit":"px","size":5,"sizes":[]},"align":"center","_animation":"fadeIn"},"elements":[],"isInner":false,"widgetType":"heading","elType":"widget"},{"id":"3d623a49","settings":{"title":"Why our platform is the perfect <br>Choice for your rentals needs","align":"center","align_mobile":"center","title_color":"#1E2E31","typography_typography":"custom","typography_font_family":"Lora","typography_font_size":{"unit":"px","size":30,"sizes":[]},"typography_font_weight":"300","typography_text_transform":"capitalize","typography_line_height":{"unit":"em","size":1.25,"sizes":[]},"_animation":"fadeIn"},"elements":[],"isInner":false,"widgetType":"heading","elType":"widget"}],"isInner":false,"elType":"column"}],"isInner":false,"elType":"section"},{"id":"59998021","settings":{"structure":"20","margin":{"unit":"px","top":"0","right":0,"bottom":"0","left":0,"isLinked":""},"_title":"Intro","margin_tablet":{"unit":"px","top":"0","right":0,"bottom":"100","left":0,"isLinked":""},"padding_tablet":{"unit":"px","top":"0","right":"0","bottom":"0","left":"0","isLinked":""},"padding_mobile":{"unit":"px","top":"0","right":"0","bottom":"0","left":"0","isLinked":true},"gap":"no"},"elements":[{"id":"70ddbfb5","settings":{"_column_size":50,"content_position":"bottom","_inline_size_tablet":"100","_inline_size":null,"margin":{"unit":"px","top":"0","right":"25","bottom":"0","left":"0","isLinked":false},"margin_mobile":{"unit":"px","top":"0","right":"0","bottom":"0","left":"0","isLinked":false}},"elements":[{"id":"40db074b","settings":{"tabs":[{"tab_title":"Cand I do bookings instantly?","tab_content":"Lorem ipsum dolor sit amet, consectetur adipiscing elit. Ut elit tellus, luctus nec ullamcorper mattis, pulvinar dapibus leo.","_id":"b42db22"},{"tab_title":"What methods of payment accepted?","tab_content":"Lorem ipsum dolor sit amet, consectetur adipiscing elit. Ut elit tellus, luctus nec ullamcorper mattis, pulvinar dapibus leo.","_id":"606e5ea"},{"tab_title":"How do I edit or remove a payment method?","tab_content":"Lorem ipsum dolor sit amet, consectetur adipiscing elit. Ut elit tellus, luctus nec ullamcorper mattis, pulvinar dapibus leo.","_id":"c2a9785"},{"tab_title":"How long does the booking process take?","tab_content":"Lorem ipsum dolor sit amet, consectetur adipiscing elit. Ut elit tellus, luctus nec ullamcorper mattis, pulvinar dapibus leo.","_id":"c10b65c"}],"selected_icon":{"value":"fas fa-caret-down","library":"fa-solid"},"selected_active_icon":{"value":"fas fa-caret-up","library":"fa-solid"},"border_width":{"unit":"px","size":1,"sizes":[]},"border_color":"#F4F4F4","title_color":"#1E2E31","tab_active_color":"#83A9C5","icon_active_color":"#83A9C5","content_color":"#7A7A7A","content_typography_typography":"custom","content_typography_font_family":"Roboto","content_typography_font_weight":"300","content_typography_font_size":{"unit":"px","size":15,"sizes":[]}},"elements":[],"isInner":false,"widgetType":"accordion","elType":"widget"}],"isInner":"","elType":"column"},{"id":"1510f83f","settings":{"_column_size":50,"content_position":"bottom","_inline_size_tablet":"100","_inline_size":null,"margin":{"unit":"px","top":"0","right":"0","bottom":"0","left":"25","isLinked":false},"margin_tablet":{"unit":"px","top":"45","right":"0","bottom":"0","left":"0","isLinked":false}},"elements":[{"id":"7ce38527","settings":{"tabs":[{"tab_title":"Cand I do bookings instantly?","tab_content":"Lorem ipsum dolor sit amet, consectetur adipiscing elit. Ut elit tellus, luctus nec ullamcorper mattis, pulvinar dapibus leo.","_id":"b42db22"},{"tab_title":"What methods of payment accepted?","tab_content":"Lorem ipsum dolor sit amet, consectetur adipiscing elit. Ut elit tellus, luctus nec ullamcorper mattis, pulvinar dapibus leo.","_id":"606e5ea"},{"tab_title":"How do I edit or remove a payment method?","tab_content":"Lorem ipsum dolor sit amet, consectetur adipiscing elit. Ut elit tellus, luctus nec ullamcorper mattis, pulvinar dapibus leo.","_id":"c2a9785"},{"tab_title":"How long does the booking process take?","tab_content":"Lorem ipsum dolor sit amet, consectetur adipiscing elit. Ut elit tellus, luctus nec ullamcorper mattis, pulvinar dapibus leo.","_id":"c10b65c"}],"selected_icon":{"value":"fas fa-caret-down","library":"fa-solid"},"selected_active_icon":{"value":"fas fa-caret-up","library":"fa-solid"},"border_width":{"unit":"px","size":1,"sizes":[]},"border_color":"#F4F4F4","title_color":"#1E2E31","tab_active_color":"#83A9C5","icon_active_color":"#83A9C5","content_color":"#7A7A7A","content_typography_typography":"custom","content_typography_font_family":"Roboto","content_typography_font_weight":"300","content_typography_font_size":{"unit":"px","size":15,"sizes":[]}},"elements":[],"isInner":false,"widgetType":"accordion","elType":"widget"}],"isInner":false,"elType":"column"}],"isInner":"","elType":"section"},{"id":"58d36c8e","settings":{"structure":"20","margin":{"unit":"px","top":"100","right":0,"bottom":"70","left":0,"isLinked":""},"padding":{"unit":"px","top":"0","right":"15","bottom":"0","left":"15","isLinked":""},"_title":"Questions 2+3","margin_tablet":{"unit":"px","top":"0","right":"0","bottom":"0","left":"0","isLinked":"1"},"padding_tablet":{"unit":"px","top":"0","right":"50","bottom":"0","left":"50","isLinked":""},"padding_mobile":{"unit":"px","top":"0","right":"30","bottom":"0","left":"30","isLinked":""},"content_position":"middle","content_width_tablet":{"unit":"px","size":750,"sizes":[]},"height":"min-height","custom_height":{"unit":"px","size":550,"sizes":[]},"column_position":"stretch","stretch_section":"section-stretched"},"elements":[{"id":"5747ce31","settings":{"_column_size":50,"_inline_size":null,"space_between_widgets":20,"padding":{"unit":"px","top":"0","right":"90","bottom":"0","left":"0","isLinked":""},"_inline_size_tablet":"100","margin_tablet":{"unit":"px","top":"0","right":"0","bottom":"50","left":"0","isLinked":""},"padding_tablet":{"unit":"px","top":"0","right":"0","bottom":"0","left":"0","isLinked":"1"}},"elements":[{"id":"b7561d3","settings":{"title":"Contact Us","header_size":"p","align_mobile":"center","title_color":"#83A9C5","typography_typography":"custom","typography_font_family":"Roboto","typography_font_size":{"unit":"px","size":14,"sizes":[]},"typography_font_weight":"700","typography_text_transform":"capitalize","typography_line_height":{"unit":"px","size":24,"sizes":[]},"typography_letter_spacing":{"unit":"px","size":5,"sizes":[]},"align_tablet":"center","_animation":"fadeIn"},"elements":[],"isInner":false,"widgetType":"heading","elType":"widget"},{"id":"70402893","settings":{"title":"Established by Campervan Enthusiasts","align":"left","align_mobile":"center","title_color":"#1E2E31","typography_typography":"custom","typography_font_family":"Lora","typography_font_size":{"unit":"px","size":30,"sizes":[]},"typography_font_weight":"300","typography_text_transform":"capitalize","typography_line_height":{"unit":"em","size":1.25,"sizes":[]},"align_tablet":"center","_animation":"fadeIn"},"elements":[],"isInner":false,"widgetType":"heading","elType":"widget"},{"id":"2c82012b","settings":{"title":"You can choose from over 2000 campers on Iceland Rentals giving you plenty of opportunities to find the ideal one for you! These campervans are mostly hired out by private individuals across Iceland. <br><br>Rentals has built up a large community of cheerful, friendly and adventurous campervan owners who are eager to share their motorhome with those looking to experience a holiday in one.","header_size":"p","title_color":"#7A7A7A","typography_typography":"custom","typography_font_family":"Roboto","typography_font_size":{"unit":"px","size":15,"sizes":[]},"typography_font_weight":"300","typography_line_height":{"unit":"em","size":1.600000000000000088817841970012523233890533447265625,"sizes":[]},"align_tablet":"center","_animation":"fadeIn"},"elements":[],"isInner":false,"widgetType":"heading","elType":"widget"},{"id":"3135e57e","settings":{"text":"Contact us today","size":"md","selected_icon":{"value":"fas fa-caret-right","library":"fa-solid"},"icon_align":"right","icon_indent":{"unit":"px","size":"10","sizes":[]},"typography_typography":"custom","typography_font_family":"Roboto","typography_font_size":{"unit":"px","size":15,"sizes":[]},"typography_font_weight":"500","button_text_color":"#FFFFFF","background_color":"#83A9C5","border_radius":{"unit":"px","top":"30","right":"30","bottom":"30","left":"30","isLinked":"1"},"align":"left","button_background_hover_color":"#7598B1","hover_color":"#FFFFFF","align_tablet":"center","link":{"url":"contact-us\/","is_external":"on","nofollow":""},"_animation":"fadeIn"},"elements":[],"isInner":false,"widgetType":"button","elType":"widget"}],"isInner":"","elType":"column"},{"id":"ff5b87","settings":{"_column_size":50,"_inline_size":null,"box_shadow_box_shadow":{"horizontal":0,"vertical":2,"blur":11,"spread":0,"color":"rgba(180.99999999999991, 127, 250, 0.1)"},"z_index":999,"border_radius_mobile":{"unit":"px","top":"0","right":"0","bottom":"0","left":"0","isLinked":true},"background_background":"classic","background_color":"#83A9C52B","background_image":{"url":"","id":"","alt":"","source":"library"},"background_position":"bottom right","background_repeat":"no-repeat","background_overlay_background":"classic","background_overlay_image":{"url":"","id":"","alt":"","source":"library"},"background_overlay_position":"bottom center","background_overlay_repeat":"no-repeat","background_overlay_opacity":{"unit":"px","size":0.340000000000000024424906541753443889319896697998046875,"sizes":[]},"box_shadow_box_shadow_type":"yes","margin":{"unit":"px","top":"0","right":"0","bottom":"0","left":"25","isLinked":false},"padding":{"unit":"px","top":"0","right":"50","bottom":"0","left":"50","isLinked":false},"_inline_size_tablet":100,"border_radius":{"unit":"px","top":"3","right":"3","bottom":"3","left":"3","isLinked":true},"margin_mobile":{"unit":"px","top":"0","right":"0","bottom":"0","left":"0","isLinked":false},"padding_tablet":{"unit":"px","top":"50","right":"50","bottom":"50","left":"50","isLinked":true},"padding_mobile":{"unit":"px","top":"30","right":"30","bottom":"30","left":"30","isLinked":true}},"elements":[{"id":"5a37ccd3","settings":[],"elements":[{"id":"23d29615","settings":{"_column_size":100,"_inline_size":null},"elements":[{"id":"39fdd310","settings":{"form_fields":[{"_id":"name","field_type":"name","field_label":"Name","placeholder":"Name","width":"50"},{"field_type":"address","field_label":"Pickup Location","placeholder":"Pickup Location","width":"50","_id":"f4205cc"},{"field_type":"phone","field_label":"Phone Number","placeholder":"Phone Number","width":"50","required":"true","_id":"3cc94ea"},{"_id":"email","field_type":"email","required":"true","field_label":"Email","placeholder":"Email","width":"50"},{"_id":"booking_from_date","field_type":"booking_from_date","required":"true","field_label":"Check-in","placeholder":"Check-in","width":"50"},{"field_type":"booking_to_date","required":"true","field_label":"Check-out","placeholder":"Check-out","width":"50","_id":"4e0c27c"},{"_id":"message","field_type":"message","field_label":"Message","placeholder":"Message"}],"gdpr_text":"I consent to the GDPR Terms","submit_button_text":"Send Email","email_subject":"New email from &quot;WpRentals booking theme demo&quot; ","submit_button_background_color":"#83A9C5","submit_button_background_hover_color":"#7598B1","_animation_delay":50,"wpersidence_form_row_gap_tablet":{"unit":"px","size":0,"sizes":[]},"wpersidence_form_row_gap":{"unit":"px","size":0,"sizes":[]},"wpresidence_form_label_typography_typography":"custom","wpresidence_form_label_typography_font_family":"Roboto","wpresidence_form_label_typography_font_size":{"unit":"px","size":14,"sizes":[]},"wpresidence_form_label_typography_font_weight":"400","wpresidence_field_text_color":"#7A7A7A","wpresidence_field_typography_typography":"custom","wpresidence_field_typography_font_family":"Roboto","wpresidence_field_typography_font_size":{"unit":"px","size":14,"sizes":[]},"wpresidence_field_typography_font_weight":"300","form_field_show_labels":"","wpresidence_field_background_color":"#FFFFFF","wpresidence_field_border_color":"#83A9C52B","field_border_radius":{"unit":"px","top":"5","right":"5","bottom":"5","left":"5","isLinked":true},"submit_ button_border_radius":{"unit":"px","top":"30","right":"30","bottom":"30","left":"30","isLinked":true},"has_gdpr_agreement":"yes","wpersidence_form_column_gap":{"unit":"px","size":15,"sizes":[]}},"elements":[],"isInner":false,"widgetType":"WpRentals_Contact_Form_Builder","elType":"widget"}],"isInner":true,"elType":"column"}],"isInner":true,"elType":"section"}],"isInner":false,"elType":"column"}],"isInner":"","elType":"section"}],"page_settings":[],"version":"0.4","title":"FAQ Iceland","type":"page"}