{"content":[{"id":"4fa7ed88","settings":{"content_width":{"unit":"px","size":"1400","sizes":[]},"height":"min-height","custom_height":{"unit":"vh","size":74,"sizes":[]},"column_position":"stretch","background_background":"classic","background_position":"center right","background_repeat":"no-repeat","background_size":"contain","layout":"full_width","structure":"20","_title":"Hero","background_size_tablet":"cover","custom_height_tablet":{"unit":"vh","size":75,"sizes":[]},"custom_height_mobile":{"unit":"vh","size":"","sizes":[]},"padding_mobile":{"unit":"px","top":"30","right":"0","bottom":"0","left":"0","isLinked":""},"gap":"custom","gap_columns_custom":{"unit":"px","size":15,"sizes":[]}},"elements":[{"id":"32109e91","settings":{"_column_size":50,"content_position":"center","padding":{"unit":"px","top":"0","right":"160","bottom":"0","left":"0","isLinked":""},"background_background":"classic","_inline_size":null,"padding_tablet":{"unit":"px","top":"30","right":"30","bottom":"30","left":"30","isLinked":"1"},"space_between_widgets":"30","space_between_widgets_tablet":"15","padding_mobile":{"unit":"px","top":"0","right":"0","bottom":"0","left":"0","isLinked":""}},"elements":[{"id":"70e0026d","settings":{"title":"Exclusive Rentals Homes","title_color":"#E2942B","typography_typography":"custom","typography_font_family":"Roboto","typography_font_size":{"unit":"px","size":23,"sizes":[]},"typography_font_weight":"300","typography_text_transform":"capitalize","header_size":"h3","typography_font_size_mobile":{"unit":"px","size":"20","sizes":[]},"align_mobile":"center"},"elements":[],"isInner":false,"widgetType":"heading","elType":"widget"},{"id":"3aaa4d1d","settings":{"title":"Experience the Charm Of Madeira","title_color":"#033537","typography_typography":"custom","typography_font_family":"Playfair Display","typography_font_size":{"unit":"px","size":68,"sizes":[]},"typography_font_weight":"600","header_size":"h1","typography_text_transform":"capitalize","typography_font_size_mobile":{"unit":"px","size":"45","sizes":[]},"typography_font_size_tablet":{"unit":"px","size":"45","sizes":[]},"motion_fx_blur_range":{"unit":"%","size":"","sizes":{"start":"20","end":"73"}},"typography_line_height":{"unit":"em","size":1.0500000000000000444089209850062616169452667236328125,"sizes":[]},"align_mobile":"center"},"elements":[],"isInner":false,"widgetType":"heading","elType":"widget"},{"id":"1c5fb970","settings":{"title":"Madeira WpRentals is proud to offer assistance with everything you need to plan your next holiday to the Europe\u2019s most beautiful island destination.","header_size":"p","title_color":"#7A7A7A","typography_typography":"custom","typography_font_family":"Roboto","typography_font_size":{"unit":"px","size":17,"sizes":[]},"typography_font_weight":"300","_margin_mobile":{"unit":"px","top":"0","right":"0","bottom":"0","left":"0","isLinked":"1"},"_padding":{"unit":"%","top":"0","right":"15","bottom":"0","left":"0","isLinked":""},"align_mobile":"center","_padding_mobile":{"unit":"px","top":"0","right":"0","bottom":"0","left":"0","isLinked":false}},"elements":[],"isInner":false,"widgetType":"heading","elType":"widget"},{"id":"26fc8ec9","settings":{"text":"Learn more","align":"left","selected_icon":{"value":"fas fa-caret-right","library":"fa-solid"},"icon_align":"right","icon_indent":{"unit":"px","size":"10","sizes":[]},"typography_typography":"custom","typography_font_family":"Roboto","typography_font_size":{"unit":"px","size":"18","sizes":[]},"typography_font_weight":"500","button_text_color":"#033537","background_color":"#ffffff","border_border":"solid","border_width":{"unit":"px","top":"0","right":"0","bottom":"0","left":"0","isLinked":""},"border_color":"#EB762A","border_radius":{"unit":"px","top":"0","right":"0","bottom":"0","left":"0","isLinked":"1"},"text_padding":{"unit":"px","top":"0","right":"0","bottom":"5","left":"0","isLinked":""},"_border_width":{"unit":"px","top":"0","right":"0","bottom":"2","left":"0","isLinked":""},"button_hover_border_color":"#10ccae","align_tablet":"left","_margin":{"unit":"px","top":"0","right":"0","bottom":"0","left":"0","isLinked":""},"link":{"url":"","is_external":"","nofollow":""},"hover_color":"#E2942B","align_mobile":"center"},"elements":[],"isInner":false,"widgetType":"button","elType":"widget"}],"isInner":"","elType":"column"},{"id":"73aca966","settings":{"_column_size":50,"content_position":"center","background_background":"classic","_inline_size":null,"padding_tablet":{"unit":"px","top":"0","right":"0","bottom":"0","left":"0","isLinked":"1"},"background_image":{"id":37515,"url":"https:\/\/madeira.wprentals.org\/wp-content\/uploads\/2022\/05\/header4-e1652089759368.webp","alt":"","source":"library"},"background_position":"center center","background_repeat":"no-repeat","background_size":"contain","background_motion_fx_blur_direction":"in-out","background_motion_fx_blur_level":{"unit":"px","size":"5","sizes":[]},"background_motion_fx_blur_range":{"unit":"%","size":"","sizes":{"start":"50","end":"100"}},"background_motion_fx_scale_direction":"in-out-in","background_motion_fx_scale_speed":{"unit":"px","size":"1.5","sizes":[]},"background_motion_fx_scale_range":{"unit":"%","size":"","sizes":{"start":"0","end":"50"}},"background_position_tablet":"center right","background_repeat_tablet":"no-repeat","background_size_tablet":"cover","background_overlay_background":"gradient","background_overlay_color":"#FFFFFF69","background_overlay_color_stop":{"unit":"%","size":32,"sizes":[]},"background_overlay_color_b":"#86DEEC00","background_overlay_opacity":{"unit":"px","size":0.79000000000000003552713678800500929355621337890625,"sizes":[]},"padding":{"unit":"px","top":"0","right":"0","bottom":"0","left":"30","isLinked":false},"background_attachment":"fixed","background_overlay_color_b_stop":{"unit":"%","size":41,"sizes":[]},"border_radius":{"unit":"px","top":"3","right":"3","bottom":"3","left":"3","isLinked":true},"margin_mobile":{"unit":"px","top":"30","right":"0","bottom":"0","left":"0","isLinked":false}},"elements":[{"id":"dda2388","settings":{"space":{"unit":"px","size":"30","sizes":[]},"space_mobile":{"unit":"px","size":"284","sizes":[]}},"elements":[],"isInner":false,"widgetType":"spacer","elType":"widget"},{"id":"53eb5c30","settings":{"title":"","title_color":"#10ccae","typography_typography":"custom","typography_font_family":"Dosis","typography_font_size":{"unit":"px","size":"24","sizes":[]},"typography_font_weight":"300","typography_text_transform":"capitalize","header_size":"h3","typography_font_size_mobile":{"unit":"px","size":"20","sizes":[]}},"elements":[],"isInner":false,"widgetType":"heading","elType":"widget"}],"isInner":"","elType":"column"}],"isInner":"","elType":"section"},{"id":"179a0d1d","settings":{"layout":"full_width","content_width":{"unit":"px","size":"1400","sizes":[]},"margin":{"unit":"%","top":"-6","right":0,"bottom":"0","left":0,"isLinked":false},"margin_mobile":{"unit":"%","top":"-50","right":0,"bottom":"0","left":0,"isLinked":false},"padding":{"unit":"px","top":"0","right":"0","bottom":"0","left":"0","isLinked":false},"padding_mobile":{"unit":"%","top":"35","right":"0","bottom":"0","left":"0","isLinked":""},"height":"min-height","custom_height":{"unit":"vh","size":"","sizes":[]},"custom_height_tablet":{"unit":"vh","size":"","sizes":[]},"custom_height_mobile":{"unit":"vh","size":"","sizes":[]},"column_position":"stretch","background_background":"classic","background_position":"center right","background_repeat":"no-repeat","background_size":"contain","background_size_tablet":"cover","margin_tablet":{"unit":"%","top":"","right":"","bottom":"","left":"","isLinked":true},"_title":"search","gap":"custom"},"elements":[{"id":"e098b40","settings":{"_column_size":"100","space_between_widgets":"15","background_background":"classic","background_color":"#ffffff","box_shadow_box_shadow_type":"yes","box_shadow_box_shadow":{"horizontal":"0","vertical":10,"blur":"30","spread":"0","color":"rgba(180.99999999999991, 127, 250, 0.1)"},"margin":{"unit":"px","top":"0","right":"80","bottom":"0","left":"15","isLinked":""},"margin_tablet":{"unit":"px","top":"0","right":"0","bottom":"0","left":"0","isLinked":"1"},"padding":{"unit":"px","top":"50","right":"50","bottom":"50","left":"50","isLinked":""},"padding_tablet":{"unit":"px","top":"30","right":"30","bottom":"30","left":"30","isLinked":"1"},"padding_mobile":{"unit":"px","top":"50","right":"20","bottom":"30","left":"20","isLinked":""},"border_radius":{"unit":"px","top":"3","right":"3","bottom":"3","left":"3","isLinked":true}},"elements":[{"id":"5d369fa0","settings":{"title":"Search and book Madeira holiday homes","align":"left","align_tablet":"left","title_color":"#033537","typography_typography":"custom","typography_font_family":"Roboto","typography_font_size":{"unit":"px","size":18,"sizes":[]},"typography_font_size_tablet":{"unit":"px","size":"20","sizes":[]},"typography_font_weight":"400","typography_line_height":{"unit":"em","size":"1.4","sizes":[]},"align_mobile":"center"},"elements":[],"isInner":false,"widgetType":"heading","elType":"widget"},{"id":"55e2cbef","settings":{"form_fields":[{"field_type":"check_in","field_label":"Check In","placeholder":"Add Dates","width":"25","icon":{"value":"far fa-calendar-alt","library":"fa-regular"},"_id":"dbf07f7","custom_id":"field_dbf07f7"},{"_id":"0db3c4e","field_type":"check_out","field_label":"Check Out","placeholder":"Add Dates","icon":{"value":"far fa-calendar-alt","library":"fa-regular"},"width":"25"},{"_id":"097341d","field_type":"guest_no","field_how":"greater","field_label":"Guests","placeholder":"Add Guests","icon":{"value":"far fa-user","library":"fa-regular"},"width":"25"}],"form_field_show_exra_details":"","form_field_show_section_title":"","form_field_section_title_text":"Advanced Search","submit_button_text":"Search","submit_button_width":"25","search_icon_button":{"value":{"url":"https:\/\/hawaii.wprentals.org\/wp-content\/uploads\/2021\/11\/search.svg","id":37117},"library":"svg"},"wprentals_form_label_spacing":{"unit":"px","size":"","sizes":[]},"wprentals_form_label_color":"#232222","wprentals_form_label_typography_typography":"custom","wprentals_form_label_typography_font_family":"Roboto","wprentals_form_label_typography_font_size":{"unit":"px","size":13,"sizes":[]},"wprentals_form_label_typography_font_weight":"600","form_wrapper-content_padding":{"unit":"px","top":"0","right":"0","bottom":"0","left":"0","isLinked":false},"form_border_radius":{"unit":"px","top":"2","right":"2","bottom":"2","left":"2","isLinked":true},"box_shadow_form_box_shadow":{"horizontal":9,"vertical":0,"blur":10,"spread":0,"color":"rgba(0,0,0,0.5)"},"wprentals_field_text_color":"#635E5E","wprentals_field_typography_typography":"custom","wprentals_field_typography_font_family":"Roboto","wprentals_field_typography_font_size":{"unit":"px","size":14,"sizes":[]},"wprentals_field_typography_font_weight":"400","tab-wprentals_field_padding-color":{"unit":"px","top":"13","right":"15","bottom":"13","left":"32","isLinked":false},"field_border_width":{"unit":"px","top":"1","right":"1","bottom":"1","left":"1","isLinked":true},"submit_button_background_color":"#E2942B","submit_ button_border_radius":{"unit":"%","top":"","right":"","bottom":"","left":"","isLinked":true},"search_icon_padding":{"unit":"px","top":"0","right":"10","bottom":"0","left":"0","isLinked":false},"wprentals_form_label_spacing_postion":{"unit":"px","top":"2","right":"0","bottom":"0","left":"18","isLinked":false},"wpersidence_form_row_gap":{"unit":"px","size":0,"sizes":[]},"submit_button_text_color":"#FFFFFF","icon_primary_color":"#FFFFFF","submit_button_text_padding":{"unit":"px","top":"0","right":"0","bottom":"0","left":"0","isLinked":true},"_margin":{"unit":"px","top":"0","right":"0","bottom":"0","left":"-5","isLinked":false},"wprentals_field_background_color":"#FFFFFF00","submit_button_background_hover_color":"#CE5216","submit_button_width_mobile":"1","wpersidence_form_row_gap_mobile":{"unit":"px","size":15,"sizes":[]},"form_wrapper-content_padding_mobile":{"unit":"px","top":"20","right":"10","bottom":"10","left":"10","isLinked":false},"form_border_radius_mobile":{"unit":"px","top":"10","right":"10","bottom":"10","left":"10","isLinked":true},"submit_ button_border_radius_mobile":{"unit":"px","top":"100","right":"100","bottom":"100","left":"100","isLinked":true},"_z_index":99,"form_field_show_labels":"","wprentals_field_text_color1":"#7A7A7A","wprentals_field_background_icon_color":"#E2942B","submit_button_typography_typography":"custom","submit_button_typography_font_family":"Roboto","submit_button_typography_font_weight":"400","submit_button_typography_line_height":{"unit":"em","size":"","sizes":[]},"submit_button_hover_color":"#FFFFFF"},"elements":[],"isInner":false,"widgetType":"Wprentals_Search_Form_Builder","elType":"widget"}],"isInner":"","elType":"column"}],"isInner":"","elType":"section"},{"id":"3431343e","settings":{"structure":"20","margin":{"unit":"px","top":"100","right":0,"bottom":"45","left":0,"isLinked":""},"_title":"properties list title","margin_tablet":{"unit":"px","top":"100","right":0,"bottom":"0","left":0,"isLinked":""},"margin_mobile":{"unit":"px","top":"100","right":0,"bottom":"0","left":0,"isLinked":""},"padding_mobile":{"unit":"px","top":"0","right":"0","bottom":"0","left":"0","isLinked":""},"content_width_tablet":{"unit":"px","size":500,"sizes":[]},"padding_tablet":{"unit":"px","top":"0","right":"0","bottom":"0","left":"0","isLinked":false}},"elements":[{"id":"42a61c13","settings":{"_column_size":50,"content_position":"center","padding":{"unit":"px","top":"0","right":"50","bottom":"0","left":"0","isLinked":""},"_inline_size_tablet":"100","padding_tablet":{"unit":"px","top":"0","right":"0","bottom":"0","left":"0","isLinked":""},"padding_mobile":{"unit":"px","top":"0","right":"0","bottom":"0","left":"0","isLinked":"1"},"_inline_size":null,"margin_tablet":{"unit":"px","top":"0","right":"0","bottom":"50","left":"0","isLinked":false},"_title":"properties list title"},"elements":[{"id":"7f15774b","settings":{"style":"slashes","width":{"unit":"px","size":72,"sizes":[]},"text":"Divider","color":"#E2942B","weight":{"unit":"px","size":"2.2","sizes":[]},"gap":{"unit":"px","size":"10","sizes":[]},"align_tablet":"center","motion_fx_translateY_effect":"yes","motion_fx_translateY_direction":"negative","motion_fx_translateY_speed":{"unit":"px","size":"1","sizes":[]},"motion_fx_translateY_affectedRange":{"unit":"%","size":"","sizes":{"start":"0","end":"61"}},"motion_fx_opacity_effect":"yes","motion_fx_opacity_range":{"unit":"%","size":"","sizes":{"start":"0","end":"50"}},"motion_fx_scale_speed":{"unit":"px","size":"2","sizes":[]},"align_mobile":"center"},"elements":[],"isInner":false,"widgetType":"divider","elType":"widget"},{"id":"598c581c","settings":{"title":"Enjoy amazing homes with Gorgeous views and amenities","title_color":"#033537","typography_typography":"custom","typography_font_family":"Playfair Display","typography_font_size":{"unit":"px","size":35,"sizes":[]},"typography_font_weight":"600","typography_line_height":{"unit":"em","size":1.100000000000000088817841970012523233890533447265625,"sizes":[]},"typography_font_size_tablet":{"unit":"px","size":35,"sizes":[]},"typography_font_size_mobile":{"unit":"px","size":30,"sizes":[]},"motion_fx_blur_range":{"unit":"%","size":"","sizes":{"start":"20","end":"73"}},"align_tablet":"center","align_mobile":"center"},"elements":[],"isInner":false,"widgetType":"heading","elType":"widget"}],"isInner":"","elType":"column"},{"id":"29a18544","settings":{"_column_size":50,"_inline_size":null},"elements":[],"isInner":false,"elType":"column"}],"isInner":"","elType":"section"},{"id":"5ee1b667","settings":{"margin":{"unit":"px","top":"0","right":0,"bottom":"0","left":0,"isLinked":false},"padding_tablet":{"unit":"px","top":"0","right":"0","bottom":"0","left":"0","isLinked":false},"padding_mobile":{"unit":"px","top":"0","right":"0","bottom":"0","left":"0","isLinked":false},"gap":"no","_title":"listings"},"elements":[{"id":"31322ed9","settings":{"_column_size":100,"_inline_size":null,"margin_tablet":{"unit":"px","top":"0","right":"0","bottom":"0","left":"0","isLinked":false},"padding_mobile":{"unit":"px","top":"0","right":"0","bottom":"0","left":"0","isLinked":false}},"elements":[{"id":"4ef58511","settings":{"number":"6","rownumber":3},"elements":[],"isInner":false,"widgetType":"Wprentals_Recent_Items","elType":"widget"}],"isInner":false,"elType":"column"}],"isInner":false,"elType":"section"},{"id":"52312821","settings":{"gap":"no","stretch_section":"section-stretched","_title":"why us","margin":{"unit":"px","top":"70","right":0,"bottom":"0","left":0,"isLinked":false},"padding_tablet":{"unit":"px","top":"0","right":"0","bottom":"0","left":"30","isLinked":false},"padding_mobile":{"unit":"px","top":"0","right":"0","bottom":"0","left":"0","isLinked":false}},"elements":[{"id":"73beec3a","settings":{"_column_size":100,"_inline_size":null,"margin":{"unit":"px","top":"0","right":"-15","bottom":"0","left":"-15","isLinked":false},"padding":{"unit":"px","top":"0","right":"0","bottom":"0","left":"0","isLinked":false},"margin_mobile":{"unit":"px","top":"0","right":"0","bottom":"0","left":"0","isLinked":false}},"elements":[{"id":"32c1c008","settings":{"structure":"20","content_width_tablet":{"unit":"px","size":500,"sizes":[]},"margin":{"unit":"px","top":"0","right":0,"bottom":"0","left":0,"isLinked":""},"margin_tablet":{"unit":"px","top":"0","right":0,"bottom":"50","left":0,"isLinked":""},"margin_mobile":{"unit":"px","top":"0","right":0,"bottom":"50","left":0,"isLinked":""},"padding_tablet":{"unit":"px","top":"0","right":"0","bottom":"0","left":"0","isLinked":false},"padding_mobile":{"unit":"px","top":"0","right":"30","bottom":"0","left":"30","isLinked":false}},"elements":[{"id":"3ee39a08","settings":{"_column_size":50,"_inline_size":null,"margin":{"unit":"px","top":"0","right":"0","bottom":"45","left":"0","isLinked":false},"_inline_size_tablet":100,"margin_tablet":{"unit":"px","top":"0","right":"0","bottom":"0","left":"0","isLinked":true}},"elements":[{"id":"13fe2798","settings":{"style":"slashes","width":{"unit":"px","size":72,"sizes":[]},"text":"Divider","color":"#E2942B","weight":{"unit":"px","size":"2.2","sizes":[]},"gap":{"unit":"px","size":"10","sizes":[]},"align_tablet":"center","motion_fx_translateY_effect":"yes","motion_fx_translateY_direction":"negative","motion_fx_translateY_speed":{"unit":"px","size":"1","sizes":[]},"motion_fx_translateY_affectedRange":{"unit":"%","size":"","sizes":{"start":"0","end":"61"}},"motion_fx_opacity_effect":"yes","motion_fx_opacity_range":{"unit":"%","size":"","sizes":{"start":"0","end":"50"}},"motion_fx_scale_speed":{"unit":"px","size":"2","sizes":[]}},"elements":[],"isInner":false,"widgetType":"divider","elType":"widget"},{"id":"4e2dcc39","settings":{"title":"Why our platform is the perfect Choice for your rentals needs","title_color":"#033537","typography_typography":"custom","typography_font_family":"Playfair Display","typography_font_size":{"unit":"px","size":35,"sizes":[]},"typography_font_weight":"600","typography_line_height":{"unit":"em","size":1.100000000000000088817841970012523233890533447265625,"sizes":[]},"typography_font_size_tablet":{"unit":"px","size":35,"sizes":[]},"typography_font_size_mobile":{"unit":"px","size":30,"sizes":[]},"motion_fx_blur_range":{"unit":"%","size":"","sizes":{"start":"20","end":"73"}},"align_tablet":"center","align_mobile":"center"},"elements":[],"isInner":false,"widgetType":"heading","elType":"widget"}],"isInner":true,"elType":"column"},{"id":"2ca0e763","settings":{"_column_size":50,"_inline_size":null},"elements":[],"isInner":true,"elType":"column"}],"isInner":true,"elType":"section"},{"id":"4c9b0707","settings":{"gap":"no","structure":"30","margin_mobile":{"unit":"px","top":"0","right":0,"bottom":"0","left":0,"isLinked":false},"padding_tablet":{"unit":"px","top":"0","right":"0","bottom":"0","left":"0","isLinked":false},"padding_mobile":{"unit":"px","top":"0","right":"30","bottom":"0","left":"30","isLinked":false}},"elements":[{"id":"3de8a25c","settings":{"_column_size":33,"_inline_size":null,"background_background":"classic","background_color":"#FFFFFF","border_radius":{"unit":"px","top":"3","right":"3","bottom":"3","left":"3","isLinked":true},"box_shadow_box_shadow_type":"yes","box_shadow_box_shadow":{"horizontal":0,"vertical":10,"blur":30,"spread":0,"color":"rgba(180.99999999999991, 127, 250, 0.1)"},"margin":{"unit":"px","top":"0","right":"15","bottom":"0","left":"15","isLinked":false},"padding":{"unit":"px","top":"50","right":"50","bottom":"50","left":"50","isLinked":true},"margin_mobile":{"unit":"px","top":"0","right":"0","bottom":"15","left":"0","isLinked":false}},"elements":[{"id":"484da131","settings":{"selected_icon":{"value":{"url":"https:\/\/madeira.wprentals.org\/wp-content\/uploads\/2021\/09\/phone_icon-1.svg","id":36324},"library":"svg"},"title_text":"24\/7 Support hours for customers","description_text":"We offer you 24\/7 support to manage your listing or your holiday planning.","text_align":"left","title_color":"#033537","title_typography_typography":"custom","title_typography_font_family":"Roboto","title_typography_font_size":{"unit":"px","size":20,"sizes":[]},"title_typography_font_weight":"500","description_color":"#7A7A7A","description_typography_typography":"custom","description_typography_font_family":"Roboto","description_typography_font_size":{"unit":"px","size":17,"sizes":[]},"description_typography_font_weight":"300","text_align_mobile":"center","primary_color":"#E2942B","icon_size":{"unit":"px","size":45,"sizes":[]}},"elements":[],"isInner":false,"widgetType":"icon-box","elType":"widget"}],"isInner":true,"elType":"column"},{"id":"1382248e","settings":{"_column_size":33,"_inline_size":null,"background_background":"classic","background_color":"#FFFFFF","border_radius":{"unit":"px","top":"3","right":"3","bottom":"3","left":"3","isLinked":true},"box_shadow_box_shadow_type":"yes","box_shadow_box_shadow":{"horizontal":0,"vertical":10,"blur":30,"spread":0,"color":"rgba(180.99999999999991, 127, 250, 0.1)"},"margin":{"unit":"px","top":"0","right":"15","bottom":"0","left":"15","isLinked":false},"padding":{"unit":"px","top":"50","right":"50","bottom":"50","left":"50","isLinked":true},"margin_mobile":{"unit":"px","top":"0","right":"0","bottom":"15","left":"0","isLinked":false}},"elements":[{"id":"5c762ece","settings":{"selected_icon":{"value":{"url":"https:\/\/madeira.wprentals.org\/wp-content\/uploads\/2021\/09\/currency-1.svg","id":36155},"library":"svg"},"title_text":"The most affordable rentals platform","description_text":"You will find the most affordable rentals prices for houses in Madeira on our platform.","text_align":"left","title_color":"#033537","title_typography_typography":"custom","title_typography_font_family":"Roboto","title_typography_font_size":{"unit":"px","size":20,"sizes":[]},"title_typography_font_weight":"500","description_color":"#7A7A7A","description_typography_typography":"custom","description_typography_font_family":"Roboto","description_typography_font_size":{"unit":"px","size":17,"sizes":[]},"description_typography_font_weight":"300","text_align_mobile":"center","primary_color":"#E2942B","icon_size":{"unit":"px","size":45,"sizes":[]}},"elements":[],"isInner":false,"widgetType":"icon-box","elType":"widget"}],"isInner":true,"elType":"column"},{"id":"28e3e8cb","settings":{"_column_size":33,"_inline_size":null,"background_background":"classic","background_color":"#FFFFFF","border_radius":{"unit":"px","top":"3","right":"3","bottom":"3","left":"3","isLinked":true},"box_shadow_box_shadow_type":"yes","box_shadow_box_shadow":{"horizontal":0,"vertical":10,"blur":30,"spread":0,"color":"rgba(180.99999999999991, 127, 250, 0.1)"},"margin":{"unit":"px","top":"0","right":"15","bottom":"0","left":"15","isLinked":false},"padding":{"unit":"px","top":"50","right":"50","bottom":"50","left":"50","isLinked":true},"margin_mobile":{"unit":"px","top":"0","right":"0","bottom":"0","left":"0","isLinked":false}},"elements":[{"id":"47f35a36","settings":{"selected_icon":{"value":{"url":"https:\/\/madeira.wprentals.org\/wp-content\/uploads\/2022\/05\/beachfront.svg","id":37994},"library":"svg"},"title_text":"We work directly with the locals","description_text":"You will find listings from local home owners who are ready to welcome you in their homes.","text_align":"left","title_color":"#033537","title_typography_typography":"custom","title_typography_font_family":"Roboto","title_typography_font_size":{"unit":"px","size":20,"sizes":[]},"title_typography_font_weight":"500","description_color":"#7A7A7A","description_typography_typography":"custom","description_typography_font_family":"Roboto","description_typography_font_size":{"unit":"px","size":17,"sizes":[]},"description_typography_font_weight":"300","text_align_mobile":"center","primary_color":"#E2942B","icon_size":{"unit":"px","size":45,"sizes":[]}},"elements":[],"isInner":false,"widgetType":"icon-box","elType":"widget"}],"isInner":true,"elType":"column"}],"isInner":true,"elType":"section"},{"id":"7fcf1734","settings":{"gap":"no","structure":"30","margin":{"unit":"px","top":"30","right":0,"bottom":"0","left":0,"isLinked":false},"padding_tablet":{"unit":"px","top":"0","right":"0","bottom":"0","left":"0","isLinked":false},"padding_mobile":{"unit":"px","top":"0","right":"30","bottom":"0","left":"30","isLinked":false}},"elements":[{"id":"4153859a","settings":{"_column_size":33,"_inline_size":null,"background_background":"classic","background_color":"#FFFFFF","border_radius":{"unit":"px","top":"3","right":"3","bottom":"3","left":"3","isLinked":true},"box_shadow_box_shadow_type":"yes","box_shadow_box_shadow":{"horizontal":0,"vertical":10,"blur":30,"spread":0,"color":"rgba(180.99999999999991, 127, 250, 0.1)"},"margin":{"unit":"px","top":"0","right":"15","bottom":"0","left":"15","isLinked":false},"padding":{"unit":"px","top":"50","right":"50","bottom":"50","left":"50","isLinked":true},"margin_mobile":{"unit":"px","top":"0","right":"0","bottom":"15","left":"0","isLinked":false}},"elements":[{"id":"5ca5e3e1","settings":{"selected_icon":{"value":{"url":"https:\/\/madeira.wprentals.org\/wp-content\/uploads\/2021\/09\/suitable_for_events_icon-1-1.svg","id":36329},"library":"svg"},"title_text":"Register for free and add your listing","description_text":"Add your listing on our platform and publish it without paying any fee to us. ","text_align":"left","title_color":"#033537","title_typography_typography":"custom","title_typography_font_family":"Roboto","title_typography_font_size":{"unit":"px","size":20,"sizes":[]},"title_typography_font_weight":"500","description_color":"#7A7A7A","description_typography_typography":"custom","description_typography_font_family":"Roboto","description_typography_font_size":{"unit":"px","size":17,"sizes":[]},"description_typography_font_weight":"300","text_align_mobile":"center","primary_color":"#E2942B","icon_size":{"unit":"px","size":45,"sizes":[]}},"elements":[],"isInner":false,"widgetType":"icon-box","elType":"widget"}],"isInner":true,"elType":"column"},{"id":"3a512791","settings":{"_column_size":33,"_inline_size":null,"background_background":"classic","background_color":"#FFFFFF","border_radius":{"unit":"px","top":"3","right":"3","bottom":"3","left":"3","isLinked":true},"box_shadow_box_shadow_type":"yes","box_shadow_box_shadow":{"horizontal":0,"vertical":10,"blur":30,"spread":0,"color":"rgba(180.99999999999991, 127, 250, 0.1)"},"margin":{"unit":"px","top":"0","right":"15","bottom":"0","left":"15","isLinked":false},"padding":{"unit":"px","top":"50","right":"50","bottom":"50","left":"50","isLinked":true},"margin_mobile":{"unit":"px","top":"0","right":"0","bottom":"15","left":"0","isLinked":false}},"elements":[{"id":"28f398c4","settings":{"selected_icon":{"value":{"url":"https:\/\/madeira.wprentals.org\/wp-content\/uploads\/2022\/05\/safe_icon.svg","id":38240},"library":"svg"},"title_text":"Safe rental process guaranteed","description_text":"Madeira Rentals makes it easy and quick to rent properties in your favorite holiday place. ","text_align":"left","title_color":"#033537","title_typography_typography":"custom","title_typography_font_family":"Roboto","title_typography_font_size":{"unit":"px","size":20,"sizes":[]},"title_typography_font_weight":"500","description_color":"#7A7A7A","description_typography_typography":"custom","description_typography_font_family":"Roboto","description_typography_font_size":{"unit":"px","size":17,"sizes":[]},"description_typography_font_weight":"300","text_align_mobile":"center","primary_color":"#E2942B","icon_size":{"unit":"px","size":45,"sizes":[]}},"elements":[],"isInner":false,"widgetType":"icon-box","elType":"widget"}],"isInner":true,"elType":"column"},{"id":"53b075d","settings":{"_column_size":33,"_inline_size":null,"background_background":"classic","background_color":"#FFFFFF","border_radius":{"unit":"px","top":"3","right":"3","bottom":"3","left":"3","isLinked":true},"box_shadow_box_shadow_type":"yes","box_shadow_box_shadow":{"horizontal":0,"vertical":10,"blur":30,"spread":0,"color":"rgba(180.99999999999991, 127, 250, 0.1)"},"margin":{"unit":"px","top":"0","right":"15","bottom":"0","left":"15","isLinked":false},"padding":{"unit":"px","top":"50","right":"50","bottom":"50","left":"50","isLinked":true},"margin_mobile":{"unit":"px","top":"0","right":"0","bottom":"0","left":"0","isLinked":false}},"elements":[{"id":"7723c922","settings":{"selected_icon":{"value":{"url":"https:\/\/madeira.wprentals.org\/wp-content\/uploads\/2021\/08\/pam-tree-1.svg","id":35988},"library":"svg"},"title_text":"Rent by price per night or price per guest","description_text":"Rent places by paying a fee for each night booked, or for each guest who checks-in.","text_align":"left","title_color":"#033537","title_typography_typography":"custom","title_typography_font_family":"Roboto","title_typography_font_size":{"unit":"px","size":20,"sizes":[]},"title_typography_font_weight":"500","description_color":"#7A7A7A","description_typography_typography":"custom","description_typography_font_family":"Roboto","description_typography_font_size":{"unit":"px","size":17,"sizes":[]},"description_typography_font_weight":"300","text_align_mobile":"center","primary_color":"#E2942B","icon_size":{"unit":"px","size":45,"sizes":[]}},"elements":[],"isInner":false,"widgetType":"icon-box","elType":"widget"}],"isInner":true,"elType":"column"}],"isInner":true,"elType":"section"}],"isInner":false,"elType":"column"}],"isInner":false,"elType":"section"},{"id":"650d040e","settings":{"margin":{"unit":"px","top":"100","right":0,"bottom":"0","left":0,"isLinked":""},"_title":"categories row image","margin_tablet":{"unit":"px","top":"0","right":"0","bottom":"100","left":"0","isLinked":""},"stretch_section":"section-stretched","padding_tablet":{"unit":"%","top":"","right":"","bottom":"","left":"","isLinked":true},"padding_mobile":{"unit":"%","top":"","right":"","bottom":"","left":"","isLinked":true},"content_width":{"unit":"px","size":1900,"sizes":[]},"content_position":"middle","structure":"20","hide_tablet":"hidden-tablet","hide_mobile":"hidden-mobile"},"elements":[{"id":"4fe9f4cf","settings":{"_column_size":50,"padding":{"unit":"px","top":"0","right":"0","bottom":"0","left":"0","isLinked":"1"},"_inline_size":50,"content_position":"center","align":"flex-end"},"elements":[],"isInner":"","elType":"column"},{"id":"79a37d3d","settings":{"_column_size":50,"padding":{"unit":"px","top":"0","right":"0","bottom":"0","left":"0","isLinked":"1"},"_inline_size":50,"margin":{"unit":"px","top":"0","right":"25","bottom":"0","left":"45","isLinked":false},"z_index":99},"elements":[{"id":"1659e2f0","settings":{"place_id":"41","places_height":{"unit":"px","size":360,"sizes":[]},"item_border_radius":{"unit":"px","top":"3","right":"3","bottom":"3","left":"3","isLinked":true}},"elements":[],"isInner":false,"widgetType":"WpRentals_Featured_Place","elType":"widget"}],"isInner":false,"elType":"column"}],"isInner":"","elType":"section"},{"id":"83f913c","settings":{"margin":{"unit":"px","top":"-365","right":0,"bottom":"0","left":0,"isLinked":""},"_title":"categories row text","margin_tablet":{"unit":"px","top":"100","right":0,"bottom":"50","left":0,"isLinked":""},"padding_tablet":{"unit":"px","top":"0","right":"0","bottom":"0","left":"0","isLinked":false},"padding_mobile":{"unit":"px","top":"0","right":"0","bottom":"0","left":"0","isLinked":""},"height":"min-height","custom_height":{"unit":"px","size":360,"sizes":[]},"content_width_tablet":{"unit":"px","size":500,"sizes":[]},"structure":"20","margin_mobile":{"unit":"px","top":"100","right":0,"bottom":"50","left":0,"isLinked":""}},"elements":[{"id":"2d31bc6a","settings":{"_column_size":50,"padding":{"unit":"px","top":"0","right":"0","bottom":"0","left":"0","isLinked":""},"_inline_size":null,"content_position":"center","_inline_size_tablet":"100","padding_tablet":{"unit":"px","top":"0","right":"0","bottom":"0","left":"0","isLinked":""},"padding_mobile":{"unit":"px","top":"0","right":"0","bottom":"0","left":"0","isLinked":"1"}},"elements":[{"id":"7f36d163","settings":{"style":"slashes","width":{"unit":"px","size":72,"sizes":[]},"text":"Divider","color":"#E2942B","weight":{"unit":"px","size":"2.2","sizes":[]},"gap":{"unit":"px","size":"10","sizes":[]},"align_tablet":"center","motion_fx_translateY_effect":"yes","motion_fx_translateY_direction":"negative","motion_fx_translateY_speed":{"unit":"px","size":"1","sizes":[]},"motion_fx_translateY_affectedRange":{"unit":"%","size":"","sizes":{"start":"0","end":"61"}},"motion_fx_opacity_effect":"yes","motion_fx_opacity_range":{"unit":"%","size":"","sizes":{"start":"0","end":"50"}},"motion_fx_scale_speed":{"unit":"px","size":"2","sizes":[]},"align_mobile":"center"},"elements":[],"isInner":false,"widgetType":"divider","elType":"widget"},{"id":"5e5a","settings":{"title":"Find the best places to visit When traveling to Madeira","title_color":"#033537","typography_typography":"custom","typography_font_family":"Playfair Display","typography_font_size":{"unit":"px","size":35,"sizes":[]},"typography_font_weight":"600","typography_line_height":{"unit":"em","size":1.100000000000000088817841970012523233890533447265625,"sizes":[]},"typography_font_size_tablet":{"unit":"px","size":35,"sizes":[]},"typography_font_size_mobile":{"unit":"px","size":30,"sizes":[]},"motion_fx_blur_range":{"unit":"%","size":"","sizes":{"start":"20","end":"73"}},"align_tablet":"center","align_mobile":"center"},"elements":[],"isInner":false,"widgetType":"heading","elType":"widget"},{"id":"1fa1a20f","settings":{"title":"These are the best places to visit for your Madeira holiday. Great restaurants, beautiful homes and villas and family friendly playgrounds.","header_size":"p","title_color":"#7A7A7A","typography_typography":"custom","typography_font_family":"Roboto","typography_font_size":{"unit":"px","size":17,"sizes":[]},"typography_font_weight":"300","_margin_mobile":{"unit":"px","top":"0","right":"0","bottom":"0","left":"0","isLinked":"1"},"_padding":{"unit":"px","top":"0","right":"45","bottom":"0","left":"0","isLinked":""},"align_tablet":"center","align_mobile":"center","_padding_mobile":{"unit":"px","top":"0","right":"0","bottom":"0","left":"0","isLinked":false}},"elements":[],"isInner":false,"widgetType":"heading","elType":"widget"},{"id":"c8b52c9","settings":{"text":"Learn more","align":"left","selected_icon":{"value":"fas fa-caret-right","library":"fa-solid"},"icon_align":"right","icon_indent":{"unit":"px","size":"10","sizes":[]},"typography_typography":"custom","typography_font_family":"Roboto","typography_font_size":{"unit":"px","size":"18","sizes":[]},"typography_font_weight":"500","button_text_color":"#033537","background_color":"#ffffff","border_border":"solid","border_width":{"unit":"px","top":"0","right":"0","bottom":"0","left":"0","isLinked":""},"border_color":"#EB762A","border_radius":{"unit":"px","top":"0","right":"0","bottom":"0","left":"0","isLinked":"1"},"text_padding":{"unit":"px","top":"0","right":"0","bottom":"5","left":"0","isLinked":""},"_border_width":{"unit":"px","top":"0","right":"0","bottom":"2","left":"0","isLinked":""},"button_hover_border_color":"#10ccae","align_tablet":"center","_margin":{"unit":"px","top":"0","right":"0","bottom":"0","left":"0","isLinked":""},"link":{"url":"","is_external":"","nofollow":""},"hover_color":"#E2942B","align_mobile":"center"},"elements":[],"isInner":false,"widgetType":"button","elType":"widget"}],"isInner":"","elType":"column"},{"id":"3abadf48","settings":{"_column_size":50,"_inline_size":null,"margin_mobile":{"unit":"px","top":"0","right":"0","bottom":"0","left":"0","isLinked":false},"padding_mobile":{"unit":"px","top":"0","right":"0","bottom":"0","left":"0","isLinked":false},"z_index":0},"elements":[],"isInner":false,"elType":"column"}],"isInner":"","elType":"section"},{"id":"421dbf9e","settings":{"margin":{"unit":"px","top":"20","right":0,"bottom":"0","left":0,"isLinked":""},"_title":"categories row 4 images","margin_tablet":{"unit":"px","top":"0","right":0,"bottom":"0","left":0,"isLinked":""},"stretch_section":"section-stretched","padding_tablet":{"unit":"%","top":"","right":"","bottom":"","left":"","isLinked":true},"padding_mobile":{"unit":"%","top":"0","right":"0","bottom":"0","left":"0","isLinked":true},"content_width":{"unit":"px","size":1900,"sizes":[]},"gap_columns_custom":{"unit":"px","size":5,"sizes":[]},"padding":{"unit":"px","top":"0","right":"10","bottom":"0","left":"15","isLinked":false}},"elements":[{"id":"56ce89c4","settings":{"_column_size":100,"padding":{"unit":"px","top":"0","right":"0","bottom":"0","left":"0","isLinked":"1"},"_inline_size":null},"elements":[{"id":"73b6390f","settings":{"structure":"40","margin":{"unit":"px","top":"0","right":0,"bottom":"10","left":0,"isLinked":""},"padding":{"unit":"%","top":"0","right":"0","bottom":"0","left":"0","isLinked":""},"layout":"full_width","padding_tablet":{"unit":"px","top":"0","right":"0","bottom":"50","left":"0","isLinked":""},"reverse_order_tablet":"reverse-tablet","reverse_order_mobile":"reverse-mobile","gap":"custom","gap_columns_custom":{"unit":"px","size":5,"sizes":[]},"padding_mobile":{"unit":"px","top":"0","right":"20","bottom":"0","left":"20","isLinked":false}},"elements":[{"id":"4a4b25c4","settings":{"_column_size":25,"_inline_size":null,"margin":{"unit":"px","top":"0","right":"10","bottom":"0","left":"5","isLinked":false},"padding":{"unit":"%","top":"0","right":"0","bottom":"0","left":"0","isLinked":""},"_inline_size_tablet":"100","padding_tablet":{"unit":"px","top":"0","right":"50","bottom":"0","left":"50","isLinked":""},"padding_mobile":{"unit":"px","top":"0","right":"30","bottom":"0","left":"30","isLinked":""},"margin_mobile":{"unit":"px","top":"0","right":"0","bottom":"0","left":"0","isLinked":false}},"elements":[{"id":"78d96aba","settings":{"place_id":"33","places_height":{"unit":"px","size":360,"sizes":[]}},"elements":[],"isInner":false,"widgetType":"WpRentals_Featured_Place","elType":"widget"}],"isInner":true,"elType":"column"},{"id":"281c36bd","settings":{"_column_size":25,"_inline_size":null,"margin":{"unit":"px","top":"0","right":"10","bottom":"0","left":"5","isLinked":false},"padding":{"unit":"%","top":"0","right":"0","bottom":"0","left":"0","isLinked":""},"_inline_size_tablet":"100","padding_tablet":{"unit":"px","top":"0","right":"50","bottom":"0","left":"50","isLinked":""},"padding_mobile":{"unit":"px","top":"0","right":"30","bottom":"0","left":"30","isLinked":""},"margin_mobile":{"unit":"px","top":"0","right":"0","bottom":"0","left":"0","isLinked":false}},"elements":[{"id":"29fae942","settings":{"place_id":"93","places_height":{"unit":"px","size":360,"sizes":[]}},"elements":[],"isInner":false,"widgetType":"WpRentals_Featured_Place","elType":"widget"}],"isInner":true,"elType":"column"},{"id":"70166a9e","settings":{"_column_size":25,"_inline_size":null,"margin":{"unit":"px","top":"0","right":"10","bottom":"0","left":"5","isLinked":false},"padding":{"unit":"%","top":"0","right":"0","bottom":"0","left":"0","isLinked":""},"_inline_size_tablet":"100","padding_tablet":{"unit":"px","top":"0","right":"50","bottom":"0","left":"50","isLinked":""},"padding_mobile":{"unit":"px","top":"0","right":"30","bottom":"0","left":"30","isLinked":""},"margin_mobile":{"unit":"px","top":"0","right":"0","bottom":"0","left":"0","isLinked":false}},"elements":[{"id":"6f8f4bbd","settings":{"place_id":"95","places_height":{"unit":"px","size":360,"sizes":[]}},"elements":[],"isInner":false,"widgetType":"WpRentals_Featured_Place","elType":"widget"}],"isInner":true,"elType":"column"},{"id":"42ba972d","settings":{"_column_size":25,"_inline_size":null,"margin":{"unit":"px","top":"0","right":"10","bottom":"0","left":"5","isLinked":false},"padding":{"unit":"%","top":"0","right":"0","bottom":"0","left":"0","isLinked":""},"_inline_size_tablet":"100","padding_tablet":{"unit":"px","top":"0","right":"50","bottom":"0","left":"50","isLinked":""},"padding_mobile":{"unit":"px","top":"0","right":"30","bottom":"0","left":"30","isLinked":""},"margin_mobile":{"unit":"px","top":"0","right":"0","bottom":"0","left":"0","isLinked":false}},"elements":[{"id":"7e3f0614","settings":{"place_id":"94","places_height":{"unit":"px","size":360,"sizes":[]},"type":"type2"},"elements":[],"isInner":false,"widgetType":"WpRentals_Featured_Place","elType":"widget"}],"isInner":true,"elType":"column"}],"isInner":"1","elType":"section"}],"isInner":false,"elType":"column"}],"isInner":"","elType":"section"},{"id":"31f37388","settings":{"structure":"20","margin":{"unit":"px","top":"100","right":0,"bottom":"45","left":0,"isLinked":""},"_title":"testimonials title","margin_tablet":{"unit":"px","top":"50","right":0,"bottom":"0","left":0,"isLinked":""},"margin_mobile":{"unit":"px","top":"100","right":0,"bottom":"50","left":0,"isLinked":""},"padding_mobile":{"unit":"px","top":"0","right":"30","bottom":"0","left":"30","isLinked":""},"content_width_tablet":{"unit":"px","size":500,"sizes":[]},"padding_tablet":{"unit":"px","top":"0","right":"0","bottom":"0","left":"0","isLinked":false}},"elements":[{"id":"7d0a5b1b","settings":{"_column_size":50,"content_position":"center","padding":{"unit":"px","top":"0","right":"50","bottom":"0","left":"0","isLinked":""},"_inline_size_tablet":"100","padding_tablet":{"unit":"px","top":"0","right":"0","bottom":"0","left":"0","isLinked":""},"padding_mobile":{"unit":"px","top":"0","right":"0","bottom":"0","left":"0","isLinked":"1"},"_inline_size":null},"elements":[{"id":"4bac94a5","settings":{"style":"slashes","width":{"unit":"px","size":72,"sizes":[]},"text":"Divider","color":"#E2942B","weight":{"unit":"px","size":"2.2","sizes":[]},"gap":{"unit":"px","size":"10","sizes":[]},"align_tablet":"center","motion_fx_translateY_effect":"yes","motion_fx_translateY_direction":"negative","motion_fx_translateY_speed":{"unit":"px","size":"1","sizes":[]},"motion_fx_translateY_affectedRange":{"unit":"%","size":"","sizes":{"start":"0","end":"61"}},"motion_fx_opacity_effect":"yes","motion_fx_opacity_range":{"unit":"%","size":"","sizes":{"start":"0","end":"50"}},"motion_fx_scale_speed":{"unit":"px","size":"2","sizes":[]}},"elements":[],"isInner":false,"widgetType":"divider","elType":"widget"},{"id":"5b7f011","settings":{"title":"What our clients say about us  After using our services","title_color":"#033537","typography_typography":"custom","typography_font_family":"Playfair Display","typography_font_size":{"unit":"px","size":35,"sizes":[]},"typography_font_weight":"600","typography_line_height":{"unit":"em","size":1.100000000000000088817841970012523233890533447265625,"sizes":[]},"typography_font_size_tablet":{"unit":"px","size":35,"sizes":[]},"typography_font_size_mobile":{"unit":"px","size":30,"sizes":[]},"motion_fx_blur_range":{"unit":"%","size":"","sizes":{"start":"20","end":"73"}},"align_tablet":"center","align_mobile":"center"},"elements":[],"isInner":false,"widgetType":"heading","elType":"widget"}],"isInner":"","elType":"column"},{"id":"669c227","settings":{"_column_size":50,"_inline_size":null},"elements":[],"isInner":false,"elType":"column"}],"isInner":"","elType":"section"},{"id":"6f5ca69c","settings":{"structure":"30","margin":{"unit":"px","top":"0","right":0,"bottom":"100","left":0,"isLinked":""},"_title":"Testimonials","margin_tablet":{"unit":"px","top":"0","right":0,"bottom":"100","left":0,"isLinked":""},"margin_mobile":{"unit":"px","top":"0","right":0,"bottom":"0","left":0,"isLinked":""},"padding_tablet":{"unit":"px","top":"0","right":"30","bottom":"0","left":"30","isLinked":""},"gap":"no","gap_columns_custom":{"unit":"px","size":15,"sizes":[]},"stretch_section":"section-stretched"},"elements":[{"id":"3b76094f","settings":{"_column_size":33,"_inline_size":null,"padding":{"unit":"em","top":"","right":"","bottom":"","left":"","isLinked":""},"content_position":"top","_inline_size_tablet":"100","padding_tablet":{"unit":"px","top":"50","right":"0","bottom":"0","left":"0","isLinked":""},"space_between_widgets":30,"padding_mobile":{"unit":"px","top":"0","right":"0","bottom":"0","left":"0","isLinked":true}},"elements":[{"id":"5d3f4907","settings":{"client_name":" Jay Simon","title_client":"from New York","testimonial_text":"Absolutely loved this place, wonderful villa, wonderful beach and pool area. The place is really impressive.","testimonial_type":"2","stars_client":"5","imagelinks":{"url":"https:\/\/hawaii.wprentals.org\/wp-content\/uploads\/2021\/11\/person2.jpg","id":36719,"alt":"","source":"library"}},"elements":[],"isInner":false,"widgetType":"WpRentals_Testimonial","elType":"widget"},{"id":"1a878346","settings":{"client_name":" Gina Roscoe","title_client":"from Florida ","testimonial_text":"Excellent experience. We appreciated the kindness of the owner. We will do it again very soon!","testimonial_type":"2","stars_client":"5","imagelinks":{"url":"https:\/\/madeira.wprentals.org\/wp-content\/uploads\/2022\/05\/woman-1.png","id":37307,"alt":"","source":"library"}},"elements":[],"isInner":false,"widgetType":"WpRentals_Testimonial","elType":"widget"}],"isInner":"","elType":"column"},{"id":"5e1b2023","settings":{"_column_size":33,"_inline_size":null,"padding":{"unit":"px","top":"0","right":"30","bottom":"0","left":"30","isLinked":""},"content_position":"top","_inline_size_tablet":"100","padding_tablet":{"unit":"px","top":"50","right":"0","bottom":"0","left":"0","isLinked":""},"space_between_widgets":30},"elements":[{"id":"74ce2a25","settings":{"client_name":" Gina Roscoe","title_client":"from Florida ","testimonial_text":"Excellent experience. We appreciated the kindness of the owner. We will do it again very soon!","testimonial_type":"2","stars_client":"5","imagelinks":{"url":"https:\/\/hawaii.wprentals.org\/wp-content\/uploads\/2021\/09\/profile2.jpg","id":36040,"alt":"","source":"library"}},"elements":[],"isInner":false,"widgetType":"WpRentals_Testimonial","elType":"widget"},{"id":"67396147","settings":{"client_name":" Anna Simons","title_client":"from Portugal","testimonial_text":"The place is really impressive. I am in love with it, it is wonderful villa, wonderful beach and pool area.","testimonial_type":"2","stars_client":"5","imagelinks":{"url":"https:\/\/hawaii.wprentals.org\/wp-content\/uploads\/2021\/11\/agent3_f8f8f8.png","id":36717,"alt":"","source":"library"}},"elements":[],"isInner":false,"widgetType":"WpRentals_Testimonial","elType":"widget"}],"isInner":false,"elType":"column"},{"id":"3e62576d","settings":{"_column_size":33,"_inline_size":null,"_inline_size_tablet":"100","content_position":"top","padding":{"unit":"em","top":"","right":"","bottom":"","left":"","isLinked":""},"padding_tablet":{"unit":"px","top":"50","right":"0","bottom":"0","left":"0","isLinked":""},"space_between_widgets":30},"elements":[{"id":"4477eb13","settings":{"client_name":" Gina Roscoe","title_client":"from Florida ","testimonial_text":"Excellent experience. We appreciated the kindness of the owner. We will do it again very soon!","testimonial_type":"2","stars_client":"5","imagelinks":{"url":"https:\/\/hawaii.wprentals.org\/wp-content\/uploads\/2021\/09\/woman3.jpg","id":36042,"alt":"","source":"library"}},"elements":[],"isInner":false,"widgetType":"WpRentals_Testimonial","elType":"widget"},{"id":"17753fef","settings":{"client_name":" Gina Roscoe","title_client":"from Florida ","testimonial_text":"Excellent experience. We appreciated the kindness of the owner. We will do it again very soon for sure!","testimonial_type":"2","stars_client":"5","imagelinks":{"url":"https:\/\/hawaii.wprentals.org\/wp-content\/uploads\/2021\/11\/person4.jpg","id":36721,"alt":"","source":"library"},"_margin":{"unit":"px","top":"0","right":"0","bottom":"-20","left":"0","isLinked":false}},"elements":[],"isInner":false,"widgetType":"WpRentals_Testimonial","elType":"widget"}],"isInner":false,"elType":"column"}],"isInner":"","elType":"section"},{"id":"422d6eeb","settings":{"layout":"full_width","margin":{"unit":"px","top":"0","right":"0","bottom":"200","left":"0","isLinked":""},"structure":"20","_title":"SlideShow","height":"min-height","custom_height":{"unit":"px","size":660,"sizes":[]},"column_position":"stretch","custom_height_tablet":{"unit":"px","size":"600","sizes":[]},"custom_height_mobile":{"unit":"px","size":300,"sizes":[]},"margin_tablet":{"unit":"px","top":"","right":"0","bottom":"","left":"0","isLinked":"1"},"stretch_section":"section-stretched"},"elements":[{"id":"2ac87e70","settings":{"_column_size":"50","background_background":"slideshow","padding":{"unit":"px","top":"0","right":"0","bottom":"0","left":"0","isLinked":"1"},"_inline_size":17,"background_image":{"id":37304,"url":"https:\/\/madeira.wprentals.org\/wp-content\/uploads\/2022\/05\/Video-1.png"}},"elements":[],"isInner":"","elType":"column"},{"id":"1140e52","settings":{"_column_size":"50","background_background":"slideshow","padding":{"unit":"px","top":"0","right":"0","bottom":"0","left":"0","isLinked":"1"},"_inline_size":83,"background_image":{"id":37304,"url":"https:\/\/madeira.wprentals.org\/wp-content\/uploads\/2022\/05\/Video-1.png"},"background_slideshow_gallery":[{"id":38308,"url":"https:\/\/madeira.wprentals.org\/wp-content\/uploads\/2022\/05\/villa_gallery2.jpeg"},{"id":38307,"url":"https:\/\/madeira.wprentals.org\/wp-content\/uploads\/2022\/05\/villa_gallery_3.jpeg"}],"background_slideshow_slide_duration":4500,"_inline_size_mobile":100,"border_radius":{"unit":"px","top":"3","right":"0","bottom":"0","left":"3","isLinked":false},"background_slideshow_background_size":"cover","background_slideshow_background_position":"center center","margin_mobile":{"unit":"px","top":"0","right":"0","bottom":"0","left":"0","isLinked":false},"padding_mobile":{"unit":"px","top":"0","right":"0","bottom":"0","left":"0","isLinked":false}},"elements":[],"isInner":"","elType":"column"}],"isInner":"","elType":"section"},{"id":"8bd8048","settings":{"content_width":{"unit":"px","size":"1760","sizes":[]},"height":"min-height","custom_height":{"unit":"px","size":"","sizes":[]},"background_background":"classic","margin":{"unit":"px","top":"-500","right":0,"bottom":"0","left":0,"isLinked":""},"padding":{"unit":"%","top":"0","right":"0","bottom":"0","left":"0","isLinked":""},"z_index":"1","_title":"CTA","margin_mobile":{"unit":"px","top":"-240","right":0,"bottom":"0","left":0,"isLinked":""},"padding_tablet":{"unit":"px","top":"0","right":"0","bottom":"0","left":"0","isLinked":""},"padding_mobile":{"unit":"px","top":"0","right":"0","bottom":"0","left":"0","isLinked":""},"motion_fx_motion_fx_scrolling":"yes","motion_fx_translateY_effect":"yes","motion_fx_translateY_direction":"negative","motion_fx_translateY_speed":{"unit":"px","size":"1","sizes":[]},"layout":"full_width","stretch_section":"section-stretched"},"elements":[{"id":"309c499f","settings":{"_column_size":"100","background_background":"classic","margin":{"unit":"%","top":"0","right":"0","bottom":"0","left":"5","isLinked":false},"padding":{"unit":"%","top":"0","right":"22","bottom":"0","left":"0","isLinked":""},"box_shadow_box_shadow":{"horizontal":"0","vertical":"0","blur":"30","spread":"0","color":"rgba(0,0,0,0.2)"},"padding_mobile":{"unit":"px","top":"0","right":"0","bottom":"0","left":"0","isLinked":"1"},"margin_tablet":{"unit":"px","top":"45","right":"45","bottom":"45","left":"45","isLinked":true},"margin_mobile":{"unit":"px","top":"0","right":"30","bottom":"0","left":"30","isLinked":false},"padding_tablet":{"unit":"px","top":"0","right":"0","bottom":"0","left":"0","isLinked":true}},"elements":[{"id":"7fb7175","settings":{"content_width":{"unit":"px","size":"1760","sizes":[]},"height_inner":"min-height","custom_height_inner":{"unit":"px","size":200,"sizes":[]},"structure":"20","background_background":"classic","background_color":"#033537","margin":{"unit":"%","top":"0","right":"0","bottom":"0","left":"0","isLinked":"1"},"padding":{"unit":"px","top":"","right":"","bottom":"","left":"","isLinked":false},"box_shadow_box_shadow_type":"yes","box_shadow_box_shadow":{"horizontal":"0","vertical":10,"blur":"30","spread":"0","color":"rgba(180.99999999999991, 127, 250, 0.1)"},"custom_height_inner_mobile":{"unit":"px","size":"220","sizes":[]},"margin_mobile":{"unit":"px","top":"","right":"0","bottom":"","left":"0","isLinked":"1"},"custom_height_inner_tablet":{"unit":"px","size":200,"sizes":[]},"border_radius":{"unit":"px","top":"3","right":"3","bottom":"3","left":"3","isLinked":true},"padding_tablet":{"unit":"px","top":"30","right":"30","bottom":"30","left":"30","isLinked":true}},"elements":[{"id":"cdf004e","settings":{"_column_size":"50","content_position":"center","padding":{"unit":"px","top":"30","right":"0","bottom":"30","left":"100","isLinked":""},"_inline_size_tablet":"100","padding_tablet":{"unit":"px","top":"0","right":"0","bottom":"0","left":"0","isLinked":""},"background_background":"classic","margin":{"unit":"px","top":"0","right":"0","bottom":"0","left":"0","isLinked":false},"space_between_widgets_tablet":0},"elements":[{"id":"b8ecaa6","settings":{"title":"Great service. Exceptional rentals. Beautiful Madeira.","title_color":"#ffffff","typography_typography":"custom","typography_font_family":"Playfair Display","typography_font_size":{"unit":"px","size":44,"sizes":[]},"typography_font_weight":"300","typography_line_height":{"unit":"em","size":"1.4","sizes":[]},"typography_text_transform":"capitalize","align_tablet":"center","typography_font_size_tablet":{"unit":"px","size":"40","sizes":[]},"typography_font_size_mobile":{"unit":"px","size":24,"sizes":[]}},"elements":[],"isInner":false,"widgetType":"heading","elType":"widget"}],"isInner":"1","elType":"column"},{"id":"415ae55a","settings":{"_column_size":"50","content_position":"center","padding":{"unit":"px","top":"0","right":"100","bottom":"0","left":"0","isLinked":""},"_inline_size_tablet":"100","padding_tablet":{"unit":"px","top":"0","right":"0","bottom":"0","left":"0","isLinked":"1"},"space_between_widgets_tablet":0},"elements":[{"id":"7e99f8b3","settings":{"text":"Explore featured listings","size":"md","selected_icon":{"value":"fas fa-caret-right","library":"fa-solid"},"icon_align":"right","icon_indent":{"unit":"px","size":"10","sizes":[]},"typography_typography":"custom","typography_font_family":"Roboto","typography_font_size":{"unit":"px","size":17,"sizes":[]},"typography_font_weight":"400","button_text_color":"#FFFFFF","background_color":"#E2942B","border_radius":{"unit":"px","top":"0","right":"0","bottom":"0","left":"0","isLinked":"1"},"align":"right","button_background_hover_color":"#CE5216","hover_color":"#FFFFFF","align_tablet":"center","link":{"url":"\/properties-list-standard\/","is_external":"on","nofollow":""}},"elements":[],"isInner":false,"widgetType":"button","elType":"widget"}],"isInner":"1","elType":"column"}],"isInner":"1","elType":"section"}],"isInner":"","elType":"column"}],"isInner":"","elType":"section"},{"id":"5393a56","settings":{"structure":"20","margin":{"unit":"px","top":"180","right":0,"bottom":"45","left":0,"isLinked":""},"_title":"listings title","margin_tablet":{"unit":"px","top":"100","right":0,"bottom":"45","left":0,"isLinked":""},"margin_mobile":{"unit":"px","top":"100","right":0,"bottom":"050","left":0,"isLinked":""},"padding_mobile":{"unit":"px","top":"0","right":"30","bottom":"0","left":"30","isLinked":""},"content_width_tablet":{"unit":"px","size":500,"sizes":[]},"padding_tablet":{"unit":"px","top":"0","right":"0","bottom":"0","left":"0","isLinked":false}},"elements":[{"id":"1b8b4c79","settings":{"_column_size":50,"content_position":"center","padding":{"unit":"px","top":"0","right":"50","bottom":"0","left":"0","isLinked":""},"_inline_size_tablet":"100","padding_tablet":{"unit":"px","top":"0","right":"0","bottom":"0","left":"0","isLinked":""},"padding_mobile":{"unit":"px","top":"0","right":"0","bottom":"0","left":"0","isLinked":"1"},"_inline_size":47.8070000000000021600499167107045650482177734375},"elements":[{"id":"4a939b71","settings":{"style":"slashes","width":{"unit":"px","size":72,"sizes":[]},"text":"Divider","color":"#E2942B","weight":{"unit":"px","size":"2.2","sizes":[]},"gap":{"unit":"px","size":"10","sizes":[]},"align_tablet":"center","motion_fx_translateY_effect":"yes","motion_fx_translateY_direction":"negative","motion_fx_translateY_speed":{"unit":"px","size":"1","sizes":[]},"motion_fx_translateY_affectedRange":{"unit":"%","size":"","sizes":{"start":"0","end":"61"}},"motion_fx_opacity_effect":"yes","motion_fx_opacity_range":{"unit":"%","size":"","sizes":{"start":"0","end":"50"}},"motion_fx_scale_speed":{"unit":"px","size":"2","sizes":[]},"align_mobile":"center"},"elements":[],"isInner":false,"widgetType":"divider","elType":"widget"},{"id":"1031e9f3","settings":{"title":"Read about the latest news From Madeira Island","title_color":"#033537","typography_typography":"custom","typography_font_family":"Playfair Display","typography_font_size":{"unit":"px","size":35,"sizes":[]},"typography_font_weight":"600","typography_line_height":{"unit":"em","size":1.100000000000000088817841970012523233890533447265625,"sizes":[]},"typography_font_size_tablet":{"unit":"px","size":35,"sizes":[]},"typography_font_size_mobile":{"unit":"px","size":30,"sizes":[]},"motion_fx_blur_range":{"unit":"%","size":"","sizes":{"start":"20","end":"73"}},"align_tablet":"center","align_mobile":"center"},"elements":[],"isInner":false,"widgetType":"heading","elType":"widget"}],"isInner":"","elType":"column"},{"id":"61f6f5f3","settings":{"_column_size":50,"_inline_size":52.1929999999999978399500832892954349517822265625},"elements":[],"isInner":false,"elType":"column"}],"isInner":"","elType":"section"},{"id":"5e2acb37","settings":{"margin":{"unit":"px","top":"0","right":0,"bottom":"100","left":0,"isLinked":false},"padding_tablet":{"unit":"px","top":"0","right":"0","bottom":"0","left":"0","isLinked":false},"padding_mobile":{"unit":"px","top":"0","right":"0","bottom":"0","left":"0","isLinked":false},"gap":"no","_title":"blog"},"elements":[{"id":"62de2c9b","settings":{"_column_size":100,"_inline_size":null,"margin_tablet":{"unit":"px","top":"0","right":"0","bottom":"0","left":"0","isLinked":false},"padding_mobile":{"unit":"px","top":"0","right":"0","bottom":"0","left":"0","isLinked":false}},"elements":[{"id":"7dc621cc","settings":{"type":"articles","number":"3","rownumber":3},"elements":[],"isInner":false,"widgetType":"Wprentals_Recent_Items","elType":"widget"}],"isInner":false,"elType":"column"}],"isInner":false,"elType":"section"},{"id":"40d163c","settings":{"layout":"full_width","margin":{"unit":"px","top":"0","right":0,"bottom":"200","left":0,"isLinked":""},"structure":"20","_title":"contact image","height":"min-height","custom_height":{"unit":"px","size":760,"sizes":[]},"column_position":"stretch","custom_height_tablet":{"unit":"px","size":"600","sizes":[]},"custom_height_mobile":{"unit":"px","size":"420","sizes":[]},"margin_tablet":{"unit":"px","top":"","right":"0","bottom":"","left":"0","isLinked":"1"},"stretch_section":"section-stretched"},"elements":[{"id":"ce2ef60","settings":{"_column_size":"50","background_background":"slideshow","padding":{"unit":"px","top":"0","right":"0","bottom":"0","left":"0","isLinked":"1"},"_inline_size":27,"background_image":{"id":37304,"url":"https:\/\/madeira.wprentals.org\/wp-content\/uploads\/2022\/05\/Video-1.png"},"_inline_size_mobile":"10","hide_mobile":"hidden-mobile"},"elements":[],"isInner":"","elType":"column"},{"id":"277a0dff","settings":{"_column_size":"50","background_background":"classic","padding":{"unit":"px","top":"0","right":"0","bottom":"0","left":"0","isLinked":"1"},"_inline_size":73,"background_image":{"id":37922,"url":"https:\/\/madeira.wprentals.org\/wp-content\/uploads\/2022\/05\/contact2-e1652101187570.jpeg","alt":"","source":"library"},"background_slideshow_slide_duration":4500,"_inline_size_mobile":100,"border_radius":{"unit":"px","top":"3","right":"0","bottom":"0","left":"3","isLinked":false},"background_slideshow_background_size":"cover","background_slideshow_background_position":"center center","background_position":"center center","background_repeat":"no-repeat","background_size":"cover"},"elements":[],"isInner":"","elType":"column"}],"isInner":"","elType":"section"},{"id":"17200721","settings":{"content_width":{"unit":"px","size":"1760","sizes":[]},"height":"min-height","custom_height":{"unit":"px","size":"","sizes":[]},"background_background":"classic","margin":{"unit":"px","top":"-790","right":0,"bottom":"0","left":0,"isLinked":""},"padding":{"unit":"%","top":"0","right":"0","bottom":"0","left":"0","isLinked":""},"z_index":"1","_title":"Contact form","margin_mobile":{"unit":"px","top":"-300","right":"0","bottom":"0","left":"0","isLinked":""},"padding_tablet":{"unit":"px","top":"0","right":"0","bottom":"0","left":"20","isLinked":""},"padding_mobile":{"unit":"px","top":"0","right":"0","bottom":"0","left":"0","isLinked":true},"motion_fx_motion_fx_scrolling":"yes","motion_fx_translateY_effect":"yes","motion_fx_translateY_direction":"negative","motion_fx_translateY_speed":{"unit":"px","size":"1","sizes":[]},"layout":"full_width","stretch_section":"section-stretched"},"elements":[{"id":"1e2b5475","settings":{"_column_size":"100","background_background":"classic","margin":{"unit":"%","top":"0","right":"0","bottom":"0","left":"5","isLinked":false},"padding":{"unit":"%","top":"0","right":"22","bottom":"0","left":"0","isLinked":""},"box_shadow_box_shadow":{"horizontal":"0","vertical":"0","blur":"30","spread":"0","color":"rgba(0,0,0,0.2)"},"padding_mobile":{"unit":"px","top":"0","right":"0","bottom":"0","left":"0","isLinked":"1"},"background_color":"#FFFFFF00","margin_mobile":{"unit":"px","top":"0","right":"0","bottom":"0","left":"0","isLinked":false}},"elements":[{"id":"673ace8","settings":{"content_width":{"unit":"px","size":800,"sizes":[]},"height_inner":"min-height","custom_height_inner":{"unit":"px","size":"","sizes":[]},"background_background":"classic","margin":{"unit":"%","top":"0","right":"0","bottom":"0","left":"0","isLinked":"1"},"padding":{"unit":"px","top":"","right":"","bottom":"","left":"","isLinked":false},"box_shadow_box_shadow":{"horizontal":"0","vertical":"0","blur":"30","spread":"0","color":"rgba(0,0,0,0.15)"},"custom_height_inner_mobile":{"unit":"px","size":"220","sizes":[]},"margin_mobile":{"unit":"px","top":"","right":"0","bottom":"","left":"0","isLinked":"1"},"custom_height_inner_tablet":{"unit":"px","size":"285","sizes":[]},"border_radius":{"unit":"px","top":"3","right":"3","bottom":"3","left":"3","isLinked":true}},"elements":[{"id":"25f08a24","settings":{"_column_size":100,"content_position":"center","padding":{"unit":"px","top":"60","right":"60","bottom":"60","left":"60","isLinked":true},"_inline_size_tablet":"100","padding_tablet":{"unit":"px","top":"30","right":"30","bottom":"30","left":"30","isLinked":true},"background_background":"classic","margin":{"unit":"%","top":"0","right":"20","bottom":"0","left":"0","isLinked":false},"_inline_size":null,"background_color":"#FFFFFF","box_shadow_box_shadow_type":"yes","box_shadow_box_shadow":{"horizontal":0,"vertical":10,"blur":29,"spread":0,"color":"rgba(180.99999999999991, 127, 250, 0.1)"},"margin_tablet":{"unit":"%","top":"","right":"","bottom":"","left":"","isLinked":true},"margin_mobile":{"unit":"px","top":"20","right":"20","bottom":"20","left":"20","isLinked":true},"padding_mobile":{"unit":"px","top":"30","right":"30","bottom":"30","left":"30","isLinked":true},"z_index":99},"elements":[{"id":"8676ff","settings":{"style":"slashes","width":{"unit":"px","size":72,"sizes":[]},"text":"Divider","color":"#E2942B","weight":{"unit":"px","size":"2.2","sizes":[]},"gap":{"unit":"px","size":"10","sizes":[]},"align_tablet":"left","align_mobile":"center"},"elements":[],"isInner":false,"widgetType":"divider","elType":"widget"},{"id":"931c14c","settings":{"title":"Feel free to contact us for more information about anything","title_color":"#033537","typography_typography":"custom","typography_font_family":"Playfair Display","typography_font_size":{"unit":"px","size":35,"sizes":[]},"typography_font_weight":"600","typography_line_height":{"unit":"em","size":1.100000000000000088817841970012523233890533447265625,"sizes":[]},"typography_font_size_tablet":{"unit":"px","size":35,"sizes":[]},"typography_font_size_mobile":{"unit":"px","size":30,"sizes":[]},"align_mobile":"center"},"elements":[],"isInner":false,"widgetType":"heading","elType":"widget"},{"id":"1d22f7b2","settings":{"form_fields":[{"_id":"name","field_type":"name","field_label":"Name","placeholder":"Name","width":"50"},{"_id":"email","field_type":"email","required":"true","field_label":"Email","placeholder":"Email","width":"50"},{"_id":"booking_from_date","field_type":"booking_from_date","required":"true","field_label":"Check-in","placeholder":"Check-in","width":"50"},{"field_type":"booking_to_date","required":"true","field_label":"Check-out","placeholder":"Check-out","width":"50","_id":"4e0c27c"},{"_id":"message","field_type":"message","field_label":"Message","placeholder":"Message"}],"gdpr_text":"I consent to the GDPR Terms","submit_button_text":"Send Email","email_subject":"New email from &quot;WpRentals booking theme demo&quot; ","submit_button_background_color":"#E2942B","submit_button_background_hover_color":"#CE5216","_animation":"fadeIn","_animation_delay":50,"wpersidence_form_row_gap_tablet":{"unit":"px","size":0,"sizes":[]},"wpresidence_field_typography_typography":"custom","wpresidence_field_typography_font_family":"Roboto","wpresidence_field_typography_font_size":{"unit":"px","size":13,"sizes":[]},"wpresidence_field_typography_font_weight":"300"},"elements":[],"isInner":false,"widgetType":"WpRentals_Contact_Form_Builder","elType":"widget"}],"isInner":"1","elType":"column"}],"isInner":"1","elType":"section"}],"isInner":"","elType":"column"}],"isInner":"","elType":"section"},{"id":"2bd57825","settings":[],"elements":[{"id":"23323fa7","settings":{"_column_size":100,"_inline_size":null},"elements":[{"id":"4505ad46","settings":{"space":{"unit":"px","size":100,"sizes":[]}},"elements":[],"isInner":false,"widgetType":"spacer","elType":"widget"}],"isInner":false,"elType":"column"}],"isInner":false,"elType":"section"}],"page_settings":[],"version":"0.4","title":"Madeira_Home","type":"page"}