{"content":[{"id":"60ac5040","settings":{"content_width":{"unit":"px","size":"1400","sizes":[]},"height":"min-height","custom_height":{"unit":"vh","size":74,"sizes":[]},"column_position":"stretch","background_background":"classic","background_position":"center right","background_repeat":"no-repeat","background_size":"contain","layout":"full_width","structure":"20","_title":"Hero","background_size_tablet":"cover","custom_height_tablet":{"unit":"vh","size":75,"sizes":[]},"custom_height_mobile":{"unit":"vh","size":"","sizes":[]},"padding_mobile":{"unit":"px","top":"30","right":"0","bottom":"0","left":"0","isLinked":""},"gap":"no","gap_columns_custom":{"unit":"px","size":15,"sizes":[]},"margin":{"unit":"px","top":"-55","right":0,"bottom":"0","left":0,"isLinked":false}},"elements":[{"id":"22fc2431","settings":{"_column_size":50,"content_position":"center","padding":{"unit":"px","top":"0","right":"63","bottom":"0","left":"0","isLinked":""},"background_background":"classic","_inline_size":null,"padding_tablet":{"unit":"px","top":"45","right":"30","bottom":"0","left":"0","isLinked":false},"space_between_widgets":"30","space_between_widgets_tablet":"15","padding_mobile":{"unit":"px","top":"45","right":"0","bottom":"0","left":"0","isLinked":""}},"elements":[{"id":"3ce5cbe1","settings":{"title":"What to do in Madeira","title_color":"#E2942B","typography_typography":"custom","typography_font_family":"Roboto","typography_font_size":{"unit":"px","size":23,"sizes":[]},"typography_font_weight":"300","typography_text_transform":"capitalize","header_size":"h3","typography_font_size_mobile":{"unit":"px","size":"20","sizes":[]},"align_mobile":"center"},"elements":[],"isInner":false,"widgetType":"heading","elType":"widget"},{"id":"2bb9c2dd","settings":{"title":"We can tell you everything about Madeira","title_color":"#033537","typography_typography":"custom","typography_font_family":"Playfair Display","typography_font_size":{"unit":"px","size":68,"sizes":[]},"typography_font_weight":"600","header_size":"h1","typography_text_transform":"capitalize","typography_font_size_mobile":{"unit":"px","size":"45","sizes":[]},"typography_font_size_tablet":{"unit":"px","size":"45","sizes":[]},"motion_fx_blur_range":{"unit":"%","size":"","sizes":{"start":"20","end":"73"}},"typography_line_height":{"unit":"em","size":1.0500000000000000444089209850062616169452667236328125,"sizes":[]},"align_mobile":"center"},"elements":[],"isInner":false,"widgetType":"heading","elType":"widget"},{"id":"6c667362","settings":{"title":"Madeira WpRentals is proud to offer assistance with everything you need to plan your next holiday to the Europe\u2019s most beautiful island destination.","header_size":"p","title_color":"#7A7A7A","typography_typography":"custom","typography_font_family":"Roboto","typography_font_size":{"unit":"px","size":17,"sizes":[]},"typography_font_weight":"300","_margin_mobile":{"unit":"px","top":"0","right":"0","bottom":"0","left":"0","isLinked":"1"},"_padding":{"unit":"%","top":"0","right":"15","bottom":"0","left":"0","isLinked":""},"align_mobile":"center","_padding_mobile":{"unit":"px","top":"0","right":"0","bottom":"0","left":"0","isLinked":false}},"elements":[],"isInner":false,"widgetType":"heading","elType":"widget"},{"id":"60899fe3","settings":{"text":"Learn more","align":"left","selected_icon":{"value":"fas fa-caret-right","library":"fa-solid"},"icon_align":"right","icon_indent":{"unit":"px","size":"10","sizes":[]},"typography_typography":"custom","typography_font_family":"Roboto","typography_font_size":{"unit":"px","size":"18","sizes":[]},"typography_font_weight":"500","button_text_color":"#033537","background_color":"#ffffff","border_border":"solid","border_width":{"unit":"px","top":"0","right":"0","bottom":"0","left":"0","isLinked":""},"border_color":"#EB762A","border_radius":{"unit":"px","top":"0","right":"0","bottom":"0","left":"0","isLinked":"1"},"text_padding":{"unit":"px","top":"0","right":"0","bottom":"5","left":"0","isLinked":""},"_border_width":{"unit":"px","top":"0","right":"0","bottom":"2","left":"0","isLinked":""},"button_hover_border_color":"#10ccae","align_tablet":"left","_margin":{"unit":"px","top":"0","right":"0","bottom":"0","left":"0","isLinked":""},"link":{"url":"","is_external":"","nofollow":""},"hover_color":"#E2942B","align_mobile":"center"},"elements":[],"isInner":false,"widgetType":"button","elType":"widget"}],"isInner":"","elType":"column"},{"id":"7362006d","settings":{"_column_size":50,"content_position":"center","background_background":"classic","_inline_size":null,"padding_tablet":{"unit":"px","top":"0","right":"0","bottom":"0","left":"0","isLinked":"1"},"background_image":{"id":37579,"url":"https:\/\/madeira.wprentals.org\/wp-content\/uploads\/2022\/05\/madeira2-1.jpeg","alt":"","source":"library"},"background_position":"center center","background_repeat":"no-repeat","background_size":"contain","background_motion_fx_blur_direction":"in-out","background_motion_fx_blur_level":{"unit":"px","size":"5","sizes":[]},"background_motion_fx_blur_range":{"unit":"%","size":"","sizes":{"start":"50","end":"100"}},"background_motion_fx_scale_direction":"in-out-in","background_motion_fx_scale_speed":{"unit":"px","size":"1.5","sizes":[]},"background_motion_fx_scale_range":{"unit":"%","size":"","sizes":{"start":"0","end":"50"}},"background_position_tablet":"center right","background_repeat_tablet":"no-repeat","background_size_tablet":"cover","background_overlay_background":"classic","background_overlay_color":"#FFFFFF00","background_overlay_color_stop":{"unit":"%","size":32,"sizes":[]},"background_overlay_color_b":"#86DEEC00","background_overlay_opacity":{"unit":"px","size":0.79000000000000003552713678800500929355621337890625,"sizes":[]},"padding":{"unit":"px","top":"0","right":"0","bottom":"0","left":"30","isLinked":false},"background_attachment":"fixed","background_overlay_color_b_stop":{"unit":"%","size":41,"sizes":[]},"border_radius":{"unit":"px","top":"3","right":"3","bottom":"3","left":"3","isLinked":true},"margin_mobile":{"unit":"px","top":"30","right":"0","bottom":"0","left":"0","isLinked":false}},"elements":[{"id":"42c18cb9","settings":{"space":{"unit":"px","size":"30","sizes":[]},"space_mobile":{"unit":"px","size":"284","sizes":[]}},"elements":[],"isInner":false,"widgetType":"spacer","elType":"widget"},{"id":"45cb4ac8","settings":{"title":"","title_color":"#10ccae","typography_typography":"custom","typography_font_family":"Dosis","typography_font_size":{"unit":"px","size":"24","sizes":[]},"typography_font_weight":"300","typography_text_transform":"capitalize","header_size":"h3","typography_font_size_mobile":{"unit":"px","size":"20","sizes":[]}},"elements":[],"isInner":false,"widgetType":"heading","elType":"widget"}],"isInner":"","elType":"column"}],"isInner":"","elType":"section"},{"id":"1a86e2e1","settings":{"structure":"20","_title":"Question 1","padding_tablet":{"unit":"px","top":"0","right":"50","bottom":"0","left":"50","isLinked":""},"reverse_order_tablet":"reverse-tablet","padding_mobile":{"unit":"px","top":"0","right":"0","bottom":"0","left":"0","isLinked":""},"margin":{"unit":"px","top":"150","right":0,"bottom":"150","left":0,"isLinked":false}},"elements":[{"id":"619483ee","settings":{"_column_size":"50","padding":{"unit":"px","top":"0","right":"0","bottom":"0","left":"0","isLinked":"1"},"_inline_size_tablet":"100","content_position_tablet":"center","content_position_mobile":"center","padding_tablet":{"unit":"px","top":"50","right":"0","bottom":"0","left":"0","isLinked":""},"padding_mobile":{"unit":"px","top":"0","right":"0","bottom":"0","left":"0","isLinked":"1"},"content_position":"center","background_background":"classic","background_image":{"id":38256,"url":"https:\/\/madeira.wprentals.org\/wp-content\/uploads\/2022\/05\/city1.jpeg","alt":"","source":"library"},"background_motion_fx_motion_fx_scrolling":"yes","background_motion_fx_translateY_effect":"yes","background_motion_fx_translateY_direction":"negative","background_motion_fx_translateY_speed":{"unit":"px","size":"2.5","sizes":[]},"background_repeat":"no-repeat"},"elements":[{"id":"6bf281eb","settings":{"space_tablet":{"unit":"px","size":"200","sizes":[]},"space_mobile":{"unit":"px","size":"150","sizes":[]}},"elements":[],"isInner":false,"widgetType":"spacer","elType":"widget"}],"isInner":"","elType":"column"},{"id":"5e8779ac","settings":{"_column_size":"50","content_position":"bottom","padding":{"unit":"px","top":"30","right":"50","bottom":"30","left":"50","isLinked":""},"_inline_size_tablet":"100","margin_mobile":{"unit":"px","top":"50","right":"0","bottom":"0","left":"0","isLinked":""},"padding_tablet":{"unit":"px","top":"0","right":"0","bottom":"0","left":"0","isLinked":"1"}},"elements":[{"id":"40025078","settings":{"style":"slashes","width":{"unit":"px","size":72,"sizes":[]},"text":"Divider","color":"#E2942B","weight":{"unit":"px","size":"2.2","sizes":[]},"gap":{"unit":"px","size":"10","sizes":[]},"align_tablet":"center","align_mobile":"center"},"elements":[],"isInner":false,"widgetType":"divider","elType":"widget"},{"id":"1778ba96","settings":{"selected_icon":{"value":"","library":""},"title_text":"What is the must-see spot in Madeira and what should you visit?","description_text":"We are located approximately 1,000 km from the European mainland and just 500 km from the African continente. Madeira Archipelado has many things to do. Madeira Island, 57 km in length and 22 km in width, has an area of 741 km\u00b2. The island of Porto Santo, 11 km in length and 6 km in width, has an area of 42.48 km\u00b2.","text_align":"left","title_bottom_space":{"unit":"px","size":"25","sizes":[]},"title_color":"#033537","title_typography_typography":"custom","title_typography_font_family":"Playfair Display","title_typography_font_size":{"unit":"px","size":25,"sizes":[]},"title_typography_font_weight":"500","title_typography_line_height":{"unit":"em","size":"1.5","sizes":[]},"description_color":"#7A7A7A","description_typography_typography":"custom","description_typography_font_family":"Roboto","description_typography_font_size":{"unit":"px","size":17,"sizes":[]},"description_typography_font_weight":"300","title_typography_font_size_mobile":{"unit":"px","size":"20","sizes":[]},"text_align_tablet":"center","_margin_tablet":{"unit":"px","top":"0","right":"0","bottom":"45","left":"0","isLinked":false},"_padding_tablet":{"unit":"px","top":"0","right":"0","bottom":"0","left":"0","isLinked":false}},"elements":[],"isInner":false,"widgetType":"icon-box","elType":"widget"}],"isInner":"","elType":"column"}],"isInner":"","elType":"section"},{"id":"4ae1467e","settings":{"structure":"30","margin":{"unit":"px","top":"0","right":0,"bottom":"0","left":0,"isLinked":""},"padding":{"unit":"px","top":"0","right":"20","bottom":"0","left":"0","isLinked":""},"_title":"Questions 2+3","margin_tablet":{"unit":"px","top":"0","right":"0","bottom":"0","left":"0","isLinked":"1"},"padding_tablet":{"unit":"px","top":"50","right":"50","bottom":"0","left":"50","isLinked":""},"padding_mobile":{"unit":"px","top":"0","right":"0","bottom":"0","left":"0","isLinked":""},"content_position":"middle"},"elements":[{"id":"1d635c88","settings":{"_column_size":"33","_inline_size":"46.724","space_between_widgets":30,"padding":{"unit":"%","top":"0","right":"5","bottom":"0","left":"0","isLinked":""},"_inline_size_tablet":"100","margin_tablet":{"unit":"px","top":"0","right":"0","bottom":"50","left":"0","isLinked":""},"padding_tablet":{"unit":"px","top":"0","right":"0","bottom":"0","left":"0","isLinked":"1"}},"elements":[{"id":"61a3e1e7","settings":{"selected_icon":{"value":"","library":""},"title_text":"What is the best time of the year to visit Madeira islands?","description_text":"Madeira Islands geographic location and mountainous terrain provide its amazingly mild climate, ranging from 25\u00b0C in the summer to 17\u00b0C in the winter, with very mild average temperatures and moderate humidity. ","text_align":"left","title_bottom_space":{"unit":"px","size":"25","sizes":[]},"title_color":"#033537","title_typography_typography":"custom","title_typography_font_family":"Playfair Display","title_typography_font_size":{"unit":"px","size":25,"sizes":[]},"title_typography_font_weight":"500","title_typography_line_height":{"unit":"em","size":"1.5","sizes":[]},"description_color":"#7A7A7A","description_typography_typography":"custom","description_typography_font_family":"Roboto","description_typography_font_size":{"unit":"px","size":17,"sizes":[]},"description_typography_font_weight":"300","title_typography_font_size_mobile":{"unit":"px","size":"20","sizes":[]}},"elements":[],"isInner":false,"widgetType":"icon-box","elType":"widget"},{"id":"5079aeed","settings":{"selected_icon":{"value":"","library":""},"title_text":"Some facts abut the Madeira islands group and which you can visit","description_text":"We are a Portuguese island chain with four groups of islands: Madeira, Porto Santo, Desertas and Selvagens, and only the two larger islands (Madeira and Porto Santo) are inhabited. The other islands (Desertas and Selvagens) are natural reserves.","text_align":"left","title_bottom_space":{"unit":"px","size":"25","sizes":[]},"title_color":"#033537","title_typography_typography":"custom","title_typography_font_family":"Playfair Display","title_typography_font_size":{"unit":"px","size":25,"sizes":[]},"title_typography_font_weight":"500","title_typography_line_height":{"unit":"em","size":"1.5","sizes":[]},"description_color":"#7A7A7A","description_typography_typography":"custom","description_typography_font_family":"Roboto","description_typography_font_size":{"unit":"px","size":17,"sizes":[]},"description_typography_font_weight":"300","title_typography_font_size_mobile":{"unit":"px","size":"20","sizes":[]}},"elements":[],"isInner":false,"widgetType":"icon-box","elType":"widget"}],"isInner":"","elType":"column"},{"id":"5289b9c0","settings":{"_column_size":"33","_inline_size":"26.772","_inline_size_tablet":"50"},"elements":[{"id":"3d702fd8","settings":{"image":{"url":"https:\/\/madeira.wprentals.org\/wp-content\/uploads\/2022\/05\/vertical4_madeira.jpeg","id":38463,"alt":"","source":"library"}},"elements":[],"isInner":false,"widgetType":"image","elType":"widget"}],"isInner":"","elType":"column"},{"id":"2f9a406","settings":{"_column_size":"33","_inline_size":"26.5","_inline_size_tablet":"50"},"elements":[{"id":"1c983d68","settings":{"image":{"url":"https:\/\/madeira.wprentals.org\/wp-content\/uploads\/2022\/05\/vertical3_about.jpeg","id":38464,"alt":"","source":"library"}},"elements":[],"isInner":false,"widgetType":"image","elType":"widget"}],"isInner":"","elType":"column"}],"isInner":"","elType":"section"},{"id":"39f5f012","settings":{"structure":"20","_title":"Question 1","padding_tablet":{"unit":"px","top":"0","right":"50","bottom":"0","left":"50","isLinked":""},"reverse_order_tablet":"reverse-tablet","padding_mobile":{"unit":"px","top":"0","right":"0","bottom":"0","left":"0","isLinked":""},"margin":{"unit":"px","top":"150","right":0,"bottom":"100","left":0,"isLinked":false},"content_position":"middle"},"elements":[{"id":"4d5df3a7","settings":{"_column_size":"50","padding":{"unit":"px","top":"0","right":"0","bottom":"0","left":"0","isLinked":"1"},"_inline_size_tablet":"100","content_position_tablet":"center","content_position_mobile":"center","padding_tablet":{"unit":"px","top":"50","right":"0","bottom":"0","left":"0","isLinked":""},"padding_mobile":{"unit":"px","top":"0","right":"0","bottom":"0","left":"0","isLinked":"1"},"content_position":"center","background_background":"classic","background_image":{"id":"","url":"","alt":"","source":"library"},"background_motion_fx_motion_fx_scrolling":"yes","background_motion_fx_translateY_effect":"yes","background_motion_fx_translateY_direction":"negative","background_motion_fx_translateY_speed":{"unit":"px","size":"2.5","sizes":[]},"background_repeat":"no-repeat"},"elements":[{"id":"54942a99","settings":{"image":{"url":"https:\/\/madeira.wprentals.org\/wp-content\/uploads\/2022\/05\/madeira-temperatures.png","id":38607,"alt":"","source":"library"}},"elements":[],"isInner":false,"widgetType":"image","elType":"widget"}],"isInner":"","elType":"column"},{"id":"7e9f2ef4","settings":{"_column_size":"50","content_position":"center","padding":{"unit":"px","top":"30","right":"50","bottom":"30","left":"50","isLinked":""},"_inline_size_tablet":"100","margin_mobile":{"unit":"px","top":"50","right":"0","bottom":"0","left":"0","isLinked":""},"padding_tablet":{"unit":"px","top":"0","right":"0","bottom":"0","left":"0","isLinked":"1"}},"elements":[{"id":"347a9997","settings":{"style":"slashes","width":{"unit":"px","size":72,"sizes":[]},"text":"Divider","color":"#E2942B","weight":{"unit":"px","size":"2.2","sizes":[]},"gap":{"unit":"px","size":"10","sizes":[]},"align_tablet":"center","align_mobile":"center"},"elements":[],"isInner":false,"widgetType":"divider","elType":"widget"},{"id":"1921d807","settings":{"selected_icon":{"value":"","library":""},"title_text":"The average temperatures in Madeira make this the perfect island to visit","description_text":"\nFor the highest temperatures the best time to visit Madeira is between August and September although the sub tropical climate offers sunshine throughout the year and winter months are equally popular with visitors. The hottest month of the year is August with an average daily maximum of 27 C and an average low of 21 C.\n\n<br>\n<br>\n\nWe are located approximately 1,000 km from the European mainland and just 500 km from the African continente. Madeira Archipelado has many things to do. Madeira Island, 57 km in length and 22 km in width, has an area of 741 km\u00b2. The island of Porto Santo, 11 km in length and 6 km in width, has an area of 42.48 km\u00b2.","text_align":"left","title_bottom_space":{"unit":"px","size":"25","sizes":[]},"title_color":"#033537","title_typography_typography":"custom","title_typography_font_family":"Playfair Display","title_typography_font_size":{"unit":"px","size":25,"sizes":[]},"title_typography_font_weight":"500","title_typography_line_height":{"unit":"em","size":"1.5","sizes":[]},"description_color":"#7A7A7A","description_typography_typography":"custom","description_typography_font_family":"Roboto","description_typography_font_size":{"unit":"px","size":17,"sizes":[]},"description_typography_font_weight":"300","title_typography_font_size_mobile":{"unit":"px","size":"20","sizes":[]},"text_align_tablet":"center"},"elements":[],"isInner":false,"widgetType":"icon-box","elType":"widget"}],"isInner":"","elType":"column"}],"isInner":"","elType":"section"},{"id":"db97055","settings":{"structure":"20","margin":{"unit":"px","top":"0","right":0,"bottom":"0","left":0,"isLinked":""},"_title":"Tips","margin_tablet":{"unit":"px","top":"100","right":"0","bottom":"100","left":"0","isLinked":""},"padding_mobile":{"unit":"px","top":"0","right":"0","bottom":"0","left":"0","isLinked":""},"padding_tablet":{"unit":"px","top":"0","right":"50","bottom":"0","left":"50","isLinked":""}},"elements":[{"id":"27202d1b","settings":{"_column_size":"50","content_position":"top","padding":{"unit":"px","top":"0","right":"70","bottom":"0","left":"20","isLinked":""},"_inline_size":"50","space_between_widgets":"0","padding_mobile":{"unit":"px","top":"0","right":"0","bottom":"0","left":"0","isLinked":"1"},"padding_tablet":{"unit":"px","top":"0","right":"35","bottom":"0","left":"0","isLinked":""}},"elements":[{"id":"19051164","settings":{"style":"slashes","width":{"unit":"px","size":72,"sizes":[]},"text":"Divider","color":"#E2942B","weight":{"unit":"px","size":"2.2","sizes":[]},"align":"left","gap":{"unit":"px","size":"10","sizes":[]},"align_tablet":"center","align_mobile":"center"},"elements":[],"isInner":false,"widgetType":"divider","elType":"widget"},{"id":"1d88e23d","settings":{"title":"Some cool tips you should know","title_color":"#033537","typography_typography":"custom","typography_font_family":"Playfair Display","typography_font_size":{"unit":"px","size":68,"sizes":[]},"typography_font_weight":"600","typography_line_height":{"unit":"em","size":1.0500000000000000444089209850062616169452667236328125,"sizes":[]},"typography_text_transform":"capitalize","align_mobile":"center","typography_font_size_tablet":{"unit":"px","size":"45","sizes":[]},"typography_font_size_mobile":{"unit":"px","size":"45","sizes":[]}},"elements":[],"isInner":false,"widgetType":"heading","elType":"widget"},{"id":"6df7c9e5","settings":{"title":"01.","title_color":"#E2942B","typography_typography":"custom","typography_font_family":"Playfair Display","typography_font_size":{"unit":"px","size":"42","sizes":[]},"align":"left","typography_font_weight":"300","_margin":{"unit":"px","top":"115","right":"0","bottom":"5","left":"0","isLinked":""},"align_mobile":"left","_margin_mobile":{"unit":"px","top":"50","right":"0","bottom":"0","left":"0","isLinked":""}},"elements":[],"isInner":false,"widgetType":"heading","elType":"widget"},{"id":"86767fe","settings":{"selected_icon":{"value":"","library":""},"title_text":"Choose the best time to visit Madeira for you and your family.","description_text":"Madeira is a year-round destination with pleasant temperatures.\nYou can enjoy its charm in any season... but, if there are things you prefer, some seasons are better than others. It depends on what you are looking for.","text_align":"left","title_color":"#033537","title_typography_typography":"custom","title_typography_font_family":"Playfair Display","title_typography_font_size":{"unit":"px","size":25,"sizes":[]},"title_typography_font_weight":"500","description_color":"#818181","description_typography_typography":"custom","description_typography_font_family":"Dosis","description_typography_font_size":{"unit":"px","size":"20","sizes":[]},"description_typography_font_weight":"300","_padding":{"unit":"px","top":"0","right":"0","bottom":"25","left":"0","isLinked":""},"_border_border":"solid","_border_width":{"unit":"px","top":"0","right":"0","bottom":"1","left":"0","isLinked":""},"_border_color":"rgba(3,53,55,0.2)","title_typography_font_size_tablet":{"unit":"px","size":"22","sizes":[]}},"elements":[],"isInner":false,"widgetType":"icon-box","elType":"widget"},{"id":"31922d05","settings":{"title":"02.","title_color":"#E2942B","typography_typography":"custom","typography_font_family":"Playfair Display","typography_font_size":{"unit":"px","size":"42","sizes":[]},"align":"left","typography_font_weight":"300","_margin":{"unit":"px","top":"80","right":"0","bottom":"5","left":"0","isLinked":""},"_margin_mobile":{"unit":"px","top":"50","right":"0","bottom":"0","left":"0","isLinked":""}},"elements":[],"isInner":false,"widgetType":"heading","elType":"widget"},{"id":"6b57e40c","settings":{"selected_icon":{"value":"","library":""},"title_text":"Plan at least 10 days  to visit Madeira and all its surroundings.","description_text":"The island is not that big. From Funchal you can reach almost all destinations within 1h, thanks to the many tunnels.\nThe minimum to visit Madeira is a week, but I really think that 10 days is a better timeframe. ","text_align":"left","title_color":"#033537","title_typography_typography":"custom","title_typography_font_family":"Playfair Display","title_typography_font_size":{"unit":"px","size":25,"sizes":[]},"title_typography_font_weight":"500","description_color":"#818181","description_typography_typography":"custom","description_typography_font_family":"Dosis","description_typography_font_size":{"unit":"px","size":"20","sizes":[]},"description_typography_font_weight":"300","_padding":{"unit":"px","top":"0","right":"0","bottom":"25","left":"0","isLinked":""},"_border_border":"solid","_border_width":{"unit":"px","top":"0","right":"0","bottom":"1","left":"0","isLinked":""},"_border_color":"rgba(3,53,55,0.2)","title_typography_font_size_tablet":{"unit":"px","size":"22","sizes":[]}},"elements":[],"isInner":false,"widgetType":"icon-box","elType":"widget"}],"isInner":"","elType":"column"},{"id":"7149fc55","settings":{"_column_size":"50","content_position":"top","space_between_widgets":"0","padding":{"unit":"px","top":"0","right":"20","bottom":"0","left":"70","isLinked":""},"_inline_size":"50","margin_mobile":{"unit":"px","top":"50","right":"0","bottom":"0","left":"0","isLinked":""},"padding_mobile":{"unit":"px","top":"0","right":"0","bottom":"0","left":"0","isLinked":"1"},"padding_tablet":{"unit":"px","top":"0","right":"0","bottom":"0","left":"35","isLinked":""}},"elements":[{"id":"17570d13","settings":{"title":"03.","title_color":"#E2942B","typography_typography":"custom","typography_font_family":"Playfair Display","typography_font_size":{"unit":"px","size":"42","sizes":[]},"align":"left","typography_font_weight":"300","_margin":{"unit":"px","top":"0","right":"0","bottom":"5","left":"0","isLinked":false}},"elements":[],"isInner":false,"widgetType":"heading","elType":"widget"},{"id":"29814cf7","settings":{"selected_icon":{"value":"","library":""},"title_text":"Don't plan a guided tour on your first day. It is not too dangerous, but it gets windy and the approach is special.","description_text":"Once in a while, there is too much wind to land safely. In that case, planes might not take off or might have to land on another island or back to Portugal.\nIn that case, you will have to take a later flight.","text_align":"left","title_color":"#033537","title_typography_typography":"custom","title_typography_font_family":"Playfair Display","title_typography_font_size":{"unit":"px","size":25,"sizes":[]},"title_typography_font_weight":"500","description_color":"#818181","description_typography_typography":"custom","description_typography_font_family":"Dosis","description_typography_font_size":{"unit":"px","size":"20","sizes":[]},"description_typography_font_weight":"300","_padding":{"unit":"px","top":"0","right":"0","bottom":"25","left":"0","isLinked":""},"_border_border":"solid","_border_width":{"unit":"px","top":"0","right":"0","bottom":"1","left":"0","isLinked":""},"_border_color":"rgba(3,53,55,0.2)","title_typography_font_size_tablet":{"unit":"px","size":"22","sizes":[]}},"elements":[],"isInner":false,"widgetType":"icon-box","elType":"widget"},{"id":"203b4d8a","settings":{"title":"04.","title_color":"#E2942B","typography_typography":"custom","typography_font_family":"Playfair Display","typography_font_size":{"unit":"px","size":"42","sizes":[]},"align":"left","typography_font_weight":"300","_margin":{"unit":"px","top":"80","right":"0","bottom":"5","left":"0","isLinked":""},"_margin_mobile":{"unit":"px","top":"50","right":"0","bottom":"0","left":"0","isLinked":""}},"elements":[],"isInner":false,"widgetType":"heading","elType":"widget"},{"id":"28981d26","settings":{"selected_icon":{"value":"","library":""},"title_text":"Don't expect sandy dreamy beaches. This is not the destination for that.","description_text":"Don't go to Madeira is order to spend your days at the beach. This is not the destination for that.\nMost beaches on the island are pebble beaches. There is very little sand.\nIf you won't expect it, you won't be disappointed.","text_align":"left","title_color":"#033537","title_typography_typography":"custom","title_typography_font_family":"Playfair Display","title_typography_font_size":{"unit":"px","size":25,"sizes":[]},"title_typography_font_weight":"500","description_color":"#818181","description_typography_typography":"custom","description_typography_font_family":"Dosis","description_typography_font_size":{"unit":"px","size":"20","sizes":[]},"description_typography_font_weight":"300","_padding":{"unit":"px","top":"0","right":"0","bottom":"25","left":"0","isLinked":""},"_border_border":"solid","_border_width":{"unit":"px","top":"0","right":"0","bottom":"1","left":"0","isLinked":""},"_border_color":"rgba(3,53,55,0.2)","title_typography_font_size_tablet":{"unit":"px","size":"22","sizes":[]}},"elements":[],"isInner":false,"widgetType":"icon-box","elType":"widget"},{"id":"142c493e","settings":{"title":"05.","title_color":"#E2942B","typography_typography":"custom","typography_font_family":"Playfair Display","typography_font_size":{"unit":"px","size":"42","sizes":[]},"align":"left","typography_font_weight":"300","_margin":{"unit":"px","top":"80","right":"0","bottom":"5","left":"0","isLinked":""},"_margin_mobile":{"unit":"px","top":"50","right":"0","bottom":"0","left":"0","isLinked":""}},"elements":[],"isInner":false,"widgetType":"heading","elType":"widget"},{"id":"2e7e9817","settings":{"selected_icon":{"value":"","library":""},"title_text":"Plan some flexibility.  Madeira is an island in the middle of the Atlantic","description_text":"If you are looking for the sun during your Madeira travels, I recommend planning some flexibility, so that you can check the weather and the webcams and pick the less cloudy area of the island for the half day.","text_align":"left","title_color":"#033537","title_typography_typography":"custom","title_typography_font_family":"Playfair Display","title_typography_font_size":{"unit":"px","size":25,"sizes":[]},"title_typography_font_weight":"500","description_color":"#818181","description_typography_typography":"custom","description_typography_font_family":"Dosis","description_typography_font_size":{"unit":"px","size":"20","sizes":[]},"description_typography_font_weight":"300","_padding":{"unit":"px","top":"0","right":"0","bottom":"25","left":"0","isLinked":""},"_border_border":"solid","_border_width":{"unit":"px","top":"0","right":"0","bottom":"1","left":"0","isLinked":""},"_border_color":"rgba(3,53,55,0.2)","title_typography_font_size_tablet":{"unit":"px","size":"22","sizes":[]}},"elements":[],"isInner":false,"widgetType":"icon-box","elType":"widget"}],"isInner":"","elType":"column"}],"isInner":"","elType":"section"},{"id":"145367f1","settings":{"layout":"full_width","_title":"Picture Big Tip","margin":{"unit":"px","top":"200","right":0,"bottom":"10","left":0,"isLinked":false}},"elements":[{"id":"1cfc4a47","settings":{"_column_size":"100","padding":{"unit":"px","top":"0","right":"0","bottom":"0","left":"0","isLinked":"1"},"padding_tablet":{"unit":"px","top":"0","right":"100","bottom":"0","left":"0","isLinked":""},"padding_mobile":{"unit":"px","top":"0","right":"0","bottom":"0","left":"0","isLinked":"1"}},"elements":[{"id":"45db8f80","settings":{"image":{"id":37922,"url":"https:\/\/madeira.wprentals.org\/wp-content\/uploads\/2022\/05\/contact2-e1652101187570.jpeg","alt":"","source":"library"},"image_size":"full","align":"left"},"elements":[],"isInner":false,"widgetType":"image","elType":"widget"}],"isInner":"","elType":"column"}],"isInner":"","elType":"section"},{"id":"12791058","settings":{"content_width":{"unit":"px","size":"1050","sizes":[]},"height":"min-height","custom_height":{"unit":"px","size":"550","sizes":[]},"column_position":"stretch","background_background":"classic","margin":{"unit":"%","top":"-20","right":0,"bottom":"05","left":0,"isLinked":""},"padding":{"unit":"%","top":"0","right":"0","bottom":"0","left":"20","isLinked":""},"_title":"Big Tip","custom_height_tablet":{"unit":"px","size":"380","sizes":[]},"custom_height_mobile":{"unit":"px","size":"570","sizes":[]},"padding_tablet":{"unit":"%","top":"0","right":"3","bottom":"0","left":"20","isLinked":""},"padding_mobile":{"unit":"px","top":"0","right":"0","bottom":"0","left":"0","isLinked":""},"motion_fx_motion_fx_scrolling":"yes","motion_fx_translateY_effect":"yes","motion_fx_translateY_speed":{"unit":"px","size":"2","sizes":[]},"motion_fx_translateY_affectedRange":{"unit":"%","size":"","sizes":{"start":"0","end":"50"}}},"elements":[{"id":"70e2c9f2","settings":{"_column_size":"100","content_position":"center","background_background":"classic","background_color":"#033537","padding":{"unit":"px","top":"30","right":"222","bottom":"0","left":"100","isLinked":""},"padding_tablet":{"unit":"px","top":"50","right":"50","bottom":"50","left":"50","isLinked":""},"padding_mobile":{"unit":"px","top":"0","right":"30","bottom":"0","left":"30","isLinked":""}},"elements":[{"id":"2e9393ce","settings":{"style":"slashes","width":{"unit":"%","size":"15","sizes":[]},"text":"Divider","color":"#E2942B","weight":{"unit":"px","size":"2.2","sizes":[]},"align":"left","gap":{"unit":"px","size":"0","sizes":[]},"width_tablet":{"unit":"%","size":"20","sizes":[]},"width_mobile":{"unit":"%","size":"35","sizes":[]}},"elements":[],"isInner":false,"widgetType":"divider","elType":"widget"},{"id":"3fa0d483","settings":{"selected_icon":{"value":"","library":""},"title_text":"Smile and enjoy Madeira. Choose accommodation with or without swimming pool and enjoy your stay.","description_text":"the beaches in Madeira are not dreamy ones with sand.\nBut it can get hot in the afternoon. It is nice to enjoy a swim after a day exploring the coast and mountains.\nIt is especially enjoyable if you are hiking as it will relax your muscles.","text_align":"left","title_color":"#FFFFFF","title_typography_typography":"custom","title_typography_font_family":"Playfair Display","title_typography_font_size":{"unit":"px","size":25,"sizes":[]},"title_typography_font_weight":"500","description_color":"#FFFFFF","description_typography_typography":"custom","description_typography_font_family":"Dosis","description_typography_font_size":{"unit":"px","size":"20","sizes":[]},"description_typography_font_weight":"300","_padding":{"unit":"px","top":"0","right":"0","bottom":"25","left":"0","isLinked":""},"_border_border":"solid","_border_width":{"unit":"px","top":"0","right":"0","bottom":"1","left":"0","isLinked":""},"_border_color":"rgba(3,53,55,0.2)","title_typography_font_size_tablet":{"unit":"px","size":"22","sizes":[]}},"elements":[],"isInner":false,"widgetType":"icon-box","elType":"widget"},{"id":"72460ab1","settings":{"text":"Explore featured listings","size":"md","selected_icon":{"value":"fas fa-caret-right","library":"fa-solid"},"icon_align":"right","icon_indent":{"unit":"px","size":"10","sizes":[]},"typography_typography":"custom","typography_font_family":"Roboto","typography_font_size":{"unit":"px","size":17,"sizes":[]},"typography_font_weight":"400","button_text_color":"#FFFFFF","background_color":"#E2942B","border_radius":{"unit":"px","top":"0","right":"0","bottom":"0","left":"0","isLinked":"1"},"align":"left","button_background_hover_color":"#CE5216","hover_color":"#FFFFFF","align_tablet":"center","link":{"url":"\/properties-list-standard\/","is_external":"on","nofollow":""}},"elements":[],"isInner":false,"widgetType":"button","elType":"widget"}],"isInner":"","elType":"column"}],"isInner":"","elType":"section"}],"page_settings":[],"version":"0.4","title":"Madeira_About","type":"page"}