{"content":[{"id":"8584ff6","settings":{"content_width":{"unit":"px","size":"1400","sizes":[]},"height":"min-height","custom_height":{"unit":"vh","size":74,"sizes":[]},"column_position":"stretch","background_background":"classic","background_position":"center right","background_repeat":"no-repeat","background_size":"contain","layout":"full_width","structure":"20","_title":"Hero","background_size_tablet":"cover","custom_height_tablet":{"unit":"vh","size":63,"sizes":[]},"custom_height_mobile":{"unit":"vh","size":"","sizes":[]},"padding_mobile":{"unit":"px","top":"30","right":"0","bottom":"0","left":"0","isLinked":""},"gap":"no","gap_columns_custom":{"unit":"px","size":15,"sizes":[]},"margin":{"unit":"px","top":"-55","right":0,"bottom":"0","left":0,"isLinked":false}},"elements":[{"id":"33a9f855","settings":{"_column_size":50,"content_position":"center","padding":{"unit":"px","top":"0","right":"63","bottom":"0","left":"0","isLinked":""},"background_background":"classic","_inline_size":null,"padding_tablet":{"unit":"px","top":"","right":"","bottom":"","left":"","isLinked":"1"},"space_between_widgets":"30","space_between_widgets_tablet":"15","padding_mobile":{"unit":"px","top":"45","right":"0","bottom":"0","left":"0","isLinked":""}},"elements":[{"id":"576e23e","settings":{"title":"Frequently Asked Questions","title_color":"#E2942B","typography_typography":"custom","typography_font_family":"Roboto","typography_font_size":{"unit":"px","size":23,"sizes":[]},"typography_font_weight":"300","typography_text_transform":"capitalize","header_size":"h3","typography_font_size_mobile":{"unit":"px","size":"20","sizes":[]},"align_mobile":"center"},"elements":[],"isInner":false,"widgetType":"heading","elType":"widget"},{"id":"45f520e4","settings":{"title":"Everything you need to know","title_color":"#033537","typography_typography":"custom","typography_font_family":"Playfair Display","typography_font_size":{"unit":"px","size":68,"sizes":[]},"typography_font_weight":"600","header_size":"h1","typography_text_transform":"capitalize","typography_font_size_mobile":{"unit":"px","size":"45","sizes":[]},"typography_font_size_tablet":{"unit":"px","size":"45","sizes":[]},"motion_fx_blur_range":{"unit":"%","size":"","sizes":{"start":"20","end":"73"}},"typography_line_height":{"unit":"em","size":1.0500000000000000444089209850062616169452667236328125,"sizes":[]},"align_mobile":"center"},"elements":[],"isInner":false,"widgetType":"heading","elType":"widget"},{"id":"25611ab0","settings":{"title":"How long does the booking process take? What methods of payment accepted? Can I use more than one payment method to pay for a reservation? And more.","header_size":"p","title_color":"#7A7A7A","typography_typography":"custom","typography_font_family":"Roboto","typography_font_size":{"unit":"px","size":17,"sizes":[]},"typography_font_weight":"300","_margin_mobile":{"unit":"px","top":"0","right":"0","bottom":"0","left":"0","isLinked":"1"},"_padding":{"unit":"%","top":"0","right":"15","bottom":"0","left":"0","isLinked":""},"align_mobile":"center","_padding_mobile":{"unit":"px","top":"0","right":"0","bottom":"0","left":"0","isLinked":false}},"elements":[],"isInner":false,"widgetType":"heading","elType":"widget"},{"id":"42137f54","settings":{"text":"Book now","align":"left","selected_icon":{"value":"fas fa-caret-right","library":"fa-solid"},"icon_align":"right","icon_indent":{"unit":"px","size":"10","sizes":[]},"typography_typography":"custom","typography_font_family":"Roboto","typography_font_size":{"unit":"px","size":"18","sizes":[]},"typography_font_weight":"500","button_text_color":"#033537","background_color":"#ffffff","border_border":"solid","border_width":{"unit":"px","top":"0","right":"0","bottom":"0","left":"0","isLinked":""},"border_color":"#EB762A","border_radius":{"unit":"px","top":"0","right":"0","bottom":"0","left":"0","isLinked":"1"},"text_padding":{"unit":"px","top":"0","right":"0","bottom":"5","left":"0","isLinked":""},"_border_width":{"unit":"px","top":"0","right":"0","bottom":"2","left":"0","isLinked":""},"button_hover_border_color":"#10ccae","align_tablet":"left","_margin":{"unit":"px","top":"0","right":"0","bottom":"0","left":"0","isLinked":""},"link":{"url":"","is_external":"","nofollow":""},"hover_color":"#E2942B","align_mobile":"center"},"elements":[],"isInner":false,"widgetType":"button","elType":"widget"}],"isInner":"","elType":"column"},{"id":"79a6a5aa","settings":{"_column_size":50,"content_position":"center","background_background":"classic","_inline_size":null,"padding_tablet":{"unit":"px","top":"0","right":"0","bottom":"0","left":"0","isLinked":"1"},"background_image":{"id":35724,"url":"https:\/\/madeira.wprentals.org\/wp-content\/uploads\/2015\/04\/pool4-2.jpeg","alt":"","source":"library"},"background_position":"center center","background_repeat":"no-repeat","background_size":"contain","background_motion_fx_blur_direction":"in-out","background_motion_fx_blur_level":{"unit":"px","size":"5","sizes":[]},"background_motion_fx_blur_range":{"unit":"%","size":"","sizes":{"start":"50","end":"100"}},"background_motion_fx_scale_direction":"in-out-in","background_motion_fx_scale_speed":{"unit":"px","size":"1.5","sizes":[]},"background_motion_fx_scale_range":{"unit":"%","size":"","sizes":{"start":"0","end":"50"}},"background_position_tablet":"center right","background_repeat_tablet":"no-repeat","background_size_tablet":"cover","background_overlay_background":"classic","background_overlay_color":"#FFFFFF00","background_overlay_color_stop":{"unit":"%","size":32,"sizes":[]},"background_overlay_color_b":"#86DEEC00","background_overlay_opacity":{"unit":"px","size":0.79000000000000003552713678800500929355621337890625,"sizes":[]},"padding":{"unit":"px","top":"0","right":"0","bottom":"0","left":"30","isLinked":false},"background_attachment":"fixed","background_overlay_color_b_stop":{"unit":"%","size":41,"sizes":[]},"border_radius":{"unit":"px","top":"3","right":"3","bottom":"3","left":"3","isLinked":true},"margin_mobile":{"unit":"px","top":"30","right":"0","bottom":"0","left":"0","isLinked":false}},"elements":[{"id":"1492edd0","settings":{"space":{"unit":"px","size":"30","sizes":[]},"space_mobile":{"unit":"px","size":"284","sizes":[]}},"elements":[],"isInner":false,"widgetType":"spacer","elType":"widget"},{"id":"5e630171","settings":{"title":"","title_color":"#10ccae","typography_typography":"custom","typography_font_family":"Dosis","typography_font_size":{"unit":"px","size":"24","sizes":[]},"typography_font_weight":"300","typography_text_transform":"capitalize","header_size":"h3","typography_font_size_mobile":{"unit":"px","size":"20","sizes":[]}},"elements":[],"isInner":false,"widgetType":"heading","elType":"widget"}],"isInner":"","elType":"column"}],"isInner":"","elType":"section"},{"id":"215182b6","settings":{"structure":"20","margin":{"unit":"px","top":"150","right":0,"bottom":"150","left":0,"isLinked":""},"_title":"Intro","margin_tablet":{"unit":"px","top":"100","right":"0","bottom":"100","left":"0","isLinked":""},"padding_tablet":{"unit":"px","top":"0","right":"0","bottom":"0","left":"0","isLinked":""},"padding_mobile":{"unit":"px","top":"0","right":"20","bottom":"0","left":"20","isLinked":""}},"elements":[{"id":"c1a1ade","settings":{"_column_size":50,"_inline_size":null,"margin":{"unit":"px","top":"0","right":"-15","bottom":"0","left":"-15","isLinked":false},"padding":{"unit":"px","top":"0","right":"0","bottom":"0","left":"0","isLinked":false},"margin_mobile":{"unit":"px","top":"0","right":"0","bottom":"0","left":"0","isLinked":false},"_inline_size_tablet":100},"elements":[{"id":"21fa0c2e","settings":{"content_width_tablet":{"unit":"px","size":500,"sizes":[]},"margin":{"unit":"px","top":"0","right":0,"bottom":"0","left":0,"isLinked":""},"margin_tablet":{"unit":"px","top":"0","right":0,"bottom":"50","left":0,"isLinked":""},"margin_mobile":{"unit":"px","top":"0","right":0,"bottom":"50","left":0,"isLinked":""},"padding_tablet":{"unit":"px","top":"0","right":"0","bottom":"0","left":"0","isLinked":false},"padding_mobile":{"unit":"px","top":"0","right":"0","bottom":"0","left":"0","isLinked":false}},"elements":[{"id":"36a2db42","settings":{"_column_size":100,"_inline_size":null,"margin":{"unit":"px","top":"0","right":"0","bottom":"45","left":"0","isLinked":false},"_inline_size_tablet":100,"margin_tablet":{"unit":"px","top":"0","right":"0","bottom":"0","left":"0","isLinked":true}},"elements":[{"id":"34114da6","settings":{"style":"slashes","width":{"unit":"px","size":72,"sizes":[]},"text":"Divider","color":"#E2942B","weight":{"unit":"px","size":"2.2","sizes":[]},"gap":{"unit":"px","size":"10","sizes":[]},"align_tablet":"center","motion_fx_translateY_effect":"yes","motion_fx_translateY_direction":"negative","motion_fx_translateY_speed":{"unit":"px","size":"1","sizes":[]},"motion_fx_translateY_affectedRange":{"unit":"%","size":"","sizes":{"start":"0","end":"61"}},"motion_fx_opacity_effect":"yes","motion_fx_opacity_range":{"unit":"%","size":"","sizes":{"start":"0","end":"50"}},"motion_fx_scale_speed":{"unit":"px","size":"2","sizes":[]}},"elements":[],"isInner":false,"widgetType":"divider","elType":"widget"},{"id":"6625d6ba","settings":{"title":"Why our platform is the perfect Choice for your rentals needs","title_color":"#033537","typography_typography":"custom","typography_font_family":"Playfair Display","typography_font_size":{"unit":"px","size":35,"sizes":[]},"typography_font_weight":"600","typography_line_height":{"unit":"em","size":1.100000000000000088817841970012523233890533447265625,"sizes":[]},"typography_font_size_tablet":{"unit":"px","size":35,"sizes":[]},"typography_font_size_mobile":{"unit":"px","size":30,"sizes":[]},"motion_fx_blur_range":{"unit":"%","size":"","sizes":{"start":"20","end":"73"}},"align_tablet":"center","align_mobile":"center"},"elements":[],"isInner":false,"widgetType":"heading","elType":"widget"}],"isInner":true,"elType":"column"}],"isInner":true,"elType":"section"}],"isInner":false,"elType":"column"},{"id":"5306551a","settings":{"_column_size":50,"content_position":"bottom","_inline_size_tablet":"100","_inline_size":null},"elements":[{"id":"3db9e260","settings":{"tabs":[{"tab_title":"Cand I do bookings instantly?","tab_content":"Lorem ipsum dolor sit amet, consectetur adipiscing elit. Ut elit tellus, luctus nec ullamcorper mattis, pulvinar dapibus leo.","_id":"b42db22"},{"tab_title":"What methods of payment accepted?","tab_content":"Lorem ipsum dolor sit amet, consectetur adipiscing elit. Ut elit tellus, luctus nec ullamcorper mattis, pulvinar dapibus leo.","_id":"606e5ea"},{"tab_title":"How do I edit or remove a payment method?","tab_content":"Lorem ipsum dolor sit amet, consectetur adipiscing elit. Ut elit tellus, luctus nec ullamcorper mattis, pulvinar dapibus leo.","_id":"c2a9785"},{"tab_title":"How long does the booking process take?","tab_content":"Lorem ipsum dolor sit amet, consectetur adipiscing elit. Ut elit tellus, luctus nec ullamcorper mattis, pulvinar dapibus leo.","_id":"c10b65c"}],"selected_icon":{"value":"fas fa-caret-down","library":"fa-solid"},"selected_active_icon":{"value":"fas fa-caret-up","library":"fa-solid"},"border_width":{"unit":"px","size":1,"sizes":[]},"border_color":"#F4F4F4","title_color":"#033537","tab_active_color":"#E2942B","icon_active_color":"#E2942B","content_color":"#7A7A7A","content_typography_typography":"custom","content_typography_font_family":"Roboto","content_typography_font_weight":"300"},"elements":[],"isInner":false,"widgetType":"accordion","elType":"widget"}],"isInner":"","elType":"column"}],"isInner":"","elType":"section"},{"id":"6aa8e019","settings":{"content_width":{"unit":"px","size":1400,"sizes":[]},"height":"min-height","custom_height":{"unit":"px","size":"300","sizes":[]},"column_position":"stretch","margin":{"unit":"px","top":"0","right":0,"bottom":"100","left":0,"isLinked":""},"_title":"Newsletter","custom_height_mobile":{"unit":"px","size":"300","sizes":[]},"margin_tablet":{"unit":"px","top":"100","right":"0","bottom":"100","left":"0","isLinked":""},"padding_tablet":{"unit":"px","top":"0","right":"50","bottom":"0","left":"50","isLinked":""},"padding_mobile":{"unit":"px","top":"0","right":"20","bottom":"0","left":"20","isLinked":""},"motion_fx_motion_fx_scrolling":"yes","motion_fx_translateY_effect":"yes","motion_fx_translateY_direction":"negative","motion_fx_translateY_speed":{"unit":"px","size":"1.5","sizes":[]},"motion_fx_translateY_affectedRange":{"unit":"%","size":"","sizes":{"start":"0","end":"50"}},"gap":"no","stretch_section":"section-stretched"},"elements":[{"id":"6c27c20","settings":{"_column_size":"100","content_position":"center","background_background":"classic","background_color":"#033537","box_shadow_box_shadow_type":"yes","box_shadow_box_shadow":{"horizontal":"0","vertical":10,"blur":"30","spread":"0","color":"rgba(180.99999999999991, 127, 250, 0.1)"},"padding":{"unit":"px","top":"0","right":"100","bottom":"0","left":"100","isLinked":""},"padding_tablet":{"unit":"px","top":"0","right":"50","bottom":"0","left":"50","isLinked":""},"padding_mobile":{"unit":"px","top":"0","right":"20","bottom":"0","left":"20","isLinked":""}},"elements":[{"id":"6428d37f","settings":{"content_width":{"unit":"px","size":"1200","sizes":[]},"structure":"20","margin":{"unit":"px","top":"0","right":"0","bottom":"0","left":"0","isLinked":"1"}},"elements":[{"id":"5c9c6841","settings":{"_column_size":"50","space_between_widgets":"5","_inline_size_tablet":"100","padding_tablet":{"unit":"px","top":"0","right":"0","bottom":"30","left":"0","isLinked":""}},"elements":[{"id":"5a3c89ed","settings":{"title":"Great service. Exceptional rentals. Beautiful Madeira.","title_color":"#ffffff","typography_typography":"custom","typography_font_family":"Playfair Display","typography_font_size":{"unit":"px","size":44,"sizes":[]},"typography_font_weight":"300","typography_line_height":{"unit":"em","size":"1.4","sizes":[]},"typography_text_transform":"capitalize","align_tablet":"center","typography_font_size_tablet":{"unit":"px","size":"40","sizes":[]},"typography_font_size_mobile":{"unit":"px","size":24,"sizes":[]}},"elements":[],"isInner":false,"widgetType":"heading","elType":"widget"}],"isInner":"1","elType":"column"},{"id":"619cdf09","settings":{"_column_size":"50","content_position":"center","_inline_size_tablet":"100"},"elements":[{"id":"6c5a4c5a","settings":{"text":"Book a property today","size":"md","selected_icon":{"value":"fas fa-caret-right","library":"fa-solid"},"icon_align":"right","icon_indent":{"unit":"px","size":"10","sizes":[]},"typography_typography":"custom","typography_font_family":"Roboto","typography_font_size":{"unit":"px","size":17,"sizes":[]},"typography_font_weight":"400","button_text_color":"#FFFFFF","background_color":"#E2942B","border_radius":{"unit":"px","top":"0","right":"0","bottom":"0","left":"0","isLinked":"1"},"align":"right","button_background_hover_color":"#CE5216","hover_color":"#FFFFFF","align_tablet":"center","link":{"url":"\/properties-list-standard\/","is_external":"on","nofollow":""}},"elements":[],"isInner":false,"widgetType":"button","elType":"widget"}],"isInner":"1","elType":"column"}],"isInner":"1","elType":"section"}],"isInner":"","elType":"column"}],"isInner":"","elType":"section"},{"id":"1bcb2e55","settings":{"content_width":{"unit":"px","size":"1400","sizes":[]},"structure":"30","margin":{"unit":"px","top":"150","right":"0","bottom":"200","left":"0","isLinked":""},"_title":"What Itour can offer you","margin_mobile":{"unit":"px","top":"0","right":"0","bottom":"100","left":"0","isLinked":""},"margin_tablet":{"unit":"px","top":"0","right":"0","bottom":"100","left":"0","isLinked":""}},"elements":[{"id":"462bbaaf","settings":{"_column_size":"33","content_position":"top","padding":{"unit":"px","top":"0","right":"0","bottom":"0","left":"0","isLinked":"1"},"_inline_size":"35","_inline_size_tablet":"100","padding_tablet":{"unit":"px","top":"0","right":"100","bottom":"50","left":"100","isLinked":""},"padding_mobile":{"unit":"px","top":"0","right":"30","bottom":"0","left":"30","isLinked":""}},"elements":[{"id":"73ef6cb8","settings":{"style":"slashes","width":{"unit":"px","size":72,"sizes":[]},"text":"Divider","color":"#E2942B","weight":{"unit":"px","size":"2.2","sizes":[]},"gap":{"unit":"px","size":"10","sizes":[]},"align_tablet":"center","align_mobile":"center"},"elements":[],"isInner":false,"widgetType":"divider","elType":"widget"},{"id":"6ae69d1e","settings":{"title":"More questions?","title_color":"#033537","typography_typography":"custom","typography_font_family":"Playfair Display","typography_font_size":{"unit":"px","size":35,"sizes":[]},"typography_font_weight":"600","typography_line_height":{"unit":"em","size":1.100000000000000088817841970012523233890533447265625,"sizes":[]},"align_tablet":"center","typography_font_size_tablet":{"unit":"px","size":35,"sizes":[]},"typography_font_size_mobile":{"unit":"px","size":30,"sizes":[]},"align_mobile":"center"},"elements":[],"isInner":false,"widgetType":"heading","elType":"widget"},{"id":"7965cf81","settings":{"editor":"Lorem ipsum dolor sit amet, consectetur adipiscing the elit sekido eiusmod of the tempor incid dunt ulert labore et dolore all magna aliqua mi bibendum neque egestas congue quisque.","align":"left","text_color":"#7A7A7A","typography_typography":"custom","typography_font_family":"Roboto","typography_font_size":{"unit":"px","size":17,"sizes":[]},"typography_font_weight":"300","_padding":{"unit":"%","top":"","right":"","bottom":"","left":"","isLinked":"1"},"align_tablet":"center","typography_line_height":{"unit":"px","size":26,"sizes":[]}},"elements":[],"isInner":false,"widgetType":"text-editor","elType":"widget"}],"isInner":"","elType":"column"},{"id":"6b239748","settings":{"_column_size":"33","content_position":"top","space_between_widgets":"50","padding":{"unit":"px","top":"0","right":"0","bottom":"0","left":"200","isLinked":""},"_inline_size":"37.071","_inline_size_tablet":"50","padding_tablet":{"unit":"px","top":"0","right":"50","bottom":"0","left":"50","isLinked":""},"padding_mobile":{"unit":"px","top":"50","right":"50","bottom":"0","left":"50","isLinked":""}},"elements":[{"id":"737413ac","settings":{"selected_icon":{"value":"","library":""},"title_text":"Who do I call?","description_text":"Lorem ipsum dolor sit amet cotetur adiing.","text_align":"left","title_bottom_space":{"unit":"px","size":15,"sizes":[]},"title_color":"#033537","title_typography_typography":"custom","title_typography_font_family":"Playfair Display","title_typography_font_size":{"unit":"px","size":22,"sizes":[]},"title_typography_font_weight":"500","description_color":"#7A7A7A","description_typography_typography":"custom","description_typography_font_family":"Roboto","description_typography_font_size":{"unit":"px","size":17,"sizes":[]},"description_typography_font_weight":"300","title_typography_font_size_mobile":{"unit":"px","size":"20","sizes":[]},"title_typography_font_size_tablet":{"unit":"px","size":"22","sizes":[]},"title_typography_line_height":{"unit":"em","size":"1.5","sizes":[]}},"elements":[],"isInner":false,"widgetType":"icon-box","elType":"widget"},{"id":"21e606c3","settings":{"selected_icon":{"value":"","library":""},"title_text":"Are parties allowed?","description_text":"Lorem ipsum dolor sit amet cotetur adiing.","text_align":"left","title_bottom_space":{"unit":"px","size":15,"sizes":[]},"title_color":"#033537","title_typography_typography":"custom","title_typography_font_family":"Playfair Display","title_typography_font_size":{"unit":"px","size":22,"sizes":[]},"title_typography_font_weight":"500","description_color":"#7A7A7A","description_typography_typography":"custom","description_typography_font_family":"Roboto","description_typography_font_size":{"unit":"px","size":17,"sizes":[]},"description_typography_font_weight":"300","title_typography_font_size_mobile":{"unit":"px","size":"20","sizes":[]},"title_typography_font_size_tablet":{"unit":"px","size":"22","sizes":[]},"title_typography_line_height":{"unit":"em","size":"1.5","sizes":[]}},"elements":[],"isInner":false,"widgetType":"icon-box","elType":"widget"},{"id":"3e62e112","settings":{"selected_icon":{"value":"","library":""},"title_text":"Can I book now?","description_text":"Lorem ipsum dolor sit amet cotetur adiing.","text_align":"left","title_bottom_space":{"unit":"px","size":15,"sizes":[]},"title_color":"#033537","title_typography_typography":"custom","title_typography_font_family":"Playfair Display","title_typography_font_size":{"unit":"px","size":22,"sizes":[]},"title_typography_font_weight":"500","description_color":"#7A7A7A","description_typography_typography":"custom","description_typography_font_family":"Roboto","description_typography_font_size":{"unit":"px","size":17,"sizes":[]},"description_typography_font_weight":"300","title_typography_font_size_mobile":{"unit":"px","size":"20","sizes":[]},"title_typography_font_size_tablet":{"unit":"px","size":"22","sizes":[]},"title_typography_line_height":{"unit":"em","size":"1.5","sizes":[]}},"elements":[],"isInner":false,"widgetType":"icon-box","elType":"widget"}],"isInner":"","elType":"column"},{"id":"5f3e89f4","settings":{"_column_size":"33","content_position":"bottom","space_between_widgets":"50","padding":{"unit":"px","top":"0","right":"0","bottom":"0","left":"80","isLinked":""},"_inline_size":"27.928","_inline_size_tablet":"50","padding_tablet":{"unit":"px","top":"0","right":"50","bottom":"0","left":"50","isLinked":""},"padding_mobile":{"unit":"px","top":"50","right":"50","bottom":"0","left":"50","isLinked":""}},"elements":[{"id":"5889928b","settings":{"selected_icon":{"value":"","library":""},"title_text":"Are kids allowed?","description_text":"Lorem ipsum dolor sit amet cotetur adiing.","text_align":"left","title_bottom_space":{"unit":"px","size":15,"sizes":[]},"title_color":"#033537","title_typography_typography":"custom","title_typography_font_family":"Playfair Display","title_typography_font_size":{"unit":"px","size":22,"sizes":[]},"title_typography_font_weight":"500","description_color":"#7A7A7A","description_typography_typography":"custom","description_typography_font_family":"Roboto","description_typography_font_size":{"unit":"px","size":17,"sizes":[]},"description_typography_font_weight":"300","title_typography_font_size_mobile":{"unit":"px","size":"20","sizes":[]},"title_typography_font_size_tablet":{"unit":"px","size":"22","sizes":[]},"title_typography_line_height":{"unit":"em","size":"1.5","sizes":[]}},"elements":[],"isInner":false,"widgetType":"icon-box","elType":"widget"},{"id":"3dfd7cdc","settings":{"selected_icon":{"value":"","library":""},"title_text":"Can we do weddings?","description_text":"Lorem ipsum dolor sit amet cotetur adiing.","text_align":"left","title_bottom_space":{"unit":"px","size":15,"sizes":[]},"title_color":"#033537","title_typography_typography":"custom","title_typography_font_family":"Playfair Display","title_typography_font_size":{"unit":"px","size":22,"sizes":[]},"title_typography_font_weight":"500","description_color":"#7A7A7A","description_typography_typography":"custom","description_typography_font_family":"Roboto","description_typography_font_size":{"unit":"px","size":17,"sizes":[]},"description_typography_font_weight":"300","title_typography_font_size_mobile":{"unit":"px","size":"20","sizes":[]},"title_typography_font_size_tablet":{"unit":"px","size":"22","sizes":[]},"title_typography_line_height":{"unit":"em","size":"1.5","sizes":[]}},"elements":[],"isInner":false,"widgetType":"icon-box","elType":"widget"},{"id":"28165fb1","settings":{"selected_icon":{"value":"","library":""},"title_text":"Is it free?","description_text":"Lorem ipsum dolor sit amet cotetur adiing.","text_align":"left","title_bottom_space":{"unit":"px","size":15,"sizes":[]},"title_color":"#033537","title_typography_typography":"custom","title_typography_font_family":"Playfair Display","title_typography_font_size":{"unit":"px","size":22,"sizes":[]},"title_typography_font_weight":"500","description_color":"#7A7A7A","description_typography_typography":"custom","description_typography_font_family":"Roboto","description_typography_font_size":{"unit":"px","size":17,"sizes":[]},"description_typography_font_weight":"300","title_typography_font_size_mobile":{"unit":"px","size":"20","sizes":[]},"title_typography_font_size_tablet":{"unit":"px","size":"22","sizes":[]},"title_typography_line_height":{"unit":"em","size":"1.5","sizes":[]}},"elements":[],"isInner":false,"widgetType":"icon-box","elType":"widget"}],"isInner":"","elType":"column"}],"isInner":"","elType":"section"},{"id":"3ad0215","settings":{"layout":"full_width","margin":{"unit":"px","top":"0","right":0,"bottom":"200","left":0,"isLinked":""},"structure":"20","_title":"contact image","height":"min-height","custom_height":{"unit":"px","size":760,"sizes":[]},"column_position":"stretch","custom_height_tablet":{"unit":"px","size":"600","sizes":[]},"custom_height_mobile":{"unit":"px","size":"420","sizes":[]},"margin_tablet":{"unit":"px","top":"","right":"0","bottom":"","left":"0","isLinked":"1"},"stretch_section":"section-stretched"},"elements":[{"id":"362428fb","settings":{"_column_size":"50","background_background":"slideshow","padding":{"unit":"px","top":"0","right":"0","bottom":"0","left":"0","isLinked":"1"},"_inline_size":27,"background_image":{"id":37304,"url":"https:\/\/madeira.wprentals.org\/wp-content\/uploads\/2022\/05\/Video-1.png"},"_inline_size_mobile":"10","hide_mobile":"hidden-mobile"},"elements":[],"isInner":"","elType":"column"},{"id":"284268","settings":{"_column_size":"50","background_background":"classic","padding":{"unit":"px","top":"0","right":"0","bottom":"0","left":"0","isLinked":"1"},"_inline_size":73,"background_image":{"id":37922,"url":"https:\/\/madeira.wprentals.org\/wp-content\/uploads\/2022\/05\/contact2-e1652101187570.jpeg","alt":"","source":"library"},"background_slideshow_slide_duration":4500,"_inline_size_mobile":100,"border_radius":{"unit":"px","top":"3","right":"0","bottom":"0","left":"3","isLinked":false},"background_slideshow_background_size":"cover","background_slideshow_background_position":"center center","background_position":"center center","background_repeat":"no-repeat","background_size":"cover"},"elements":[],"isInner":"","elType":"column"}],"isInner":"","elType":"section"},{"id":"6684c396","settings":{"content_width":{"unit":"px","size":"1760","sizes":[]},"height":"min-height","custom_height":{"unit":"px","size":"","sizes":[]},"background_background":"classic","margin":{"unit":"px","top":"-790","right":0,"bottom":"0","left":0,"isLinked":""},"padding":{"unit":"%","top":"0","right":"0","bottom":"0","left":"0","isLinked":""},"z_index":"1","_title":"Contact form","margin_mobile":{"unit":"px","top":"-300","right":"0","bottom":"0","left":"0","isLinked":""},"padding_tablet":{"unit":"px","top":"0","right":"0","bottom":"0","left":"20","isLinked":""},"padding_mobile":{"unit":"px","top":"0","right":"0","bottom":"0","left":"0","isLinked":true},"motion_fx_motion_fx_scrolling":"yes","motion_fx_translateY_effect":"yes","motion_fx_translateY_direction":"negative","motion_fx_translateY_speed":{"unit":"px","size":"1","sizes":[]},"layout":"full_width","stretch_section":"section-stretched"},"elements":[{"id":"6fdcb043","settings":{"_column_size":"100","background_background":"classic","margin":{"unit":"%","top":"0","right":"0","bottom":"0","left":"5","isLinked":false},"padding":{"unit":"%","top":"0","right":"22","bottom":"0","left":"0","isLinked":""},"box_shadow_box_shadow":{"horizontal":"0","vertical":"0","blur":"30","spread":"0","color":"rgba(0,0,0,0.2)"},"padding_mobile":{"unit":"px","top":"0","right":"0","bottom":"0","left":"0","isLinked":"1"},"background_color":"#FFFFFF00","margin_mobile":{"unit":"px","top":"0","right":"0","bottom":"0","left":"0","isLinked":false}},"elements":[{"id":"13f5180e","settings":{"content_width":{"unit":"px","size":800,"sizes":[]},"height_inner":"min-height","custom_height_inner":{"unit":"px","size":"","sizes":[]},"background_background":"classic","margin":{"unit":"%","top":"0","right":"0","bottom":"0","left":"0","isLinked":"1"},"padding":{"unit":"px","top":"","right":"","bottom":"","left":"","isLinked":false},"box_shadow_box_shadow":{"horizontal":"0","vertical":"0","blur":"30","spread":"0","color":"rgba(0,0,0,0.15)"},"custom_height_inner_mobile":{"unit":"px","size":"220","sizes":[]},"margin_mobile":{"unit":"px","top":"","right":"0","bottom":"","left":"0","isLinked":"1"},"custom_height_inner_tablet":{"unit":"px","size":"285","sizes":[]},"border_radius":{"unit":"px","top":"3","right":"3","bottom":"3","left":"3","isLinked":true}},"elements":[{"id":"5dbf97fc","settings":{"_column_size":100,"content_position":"center","padding":{"unit":"px","top":"60","right":"60","bottom":"60","left":"60","isLinked":true},"_inline_size_tablet":"100","padding_tablet":{"unit":"px","top":"30","right":"30","bottom":"30","left":"30","isLinked":true},"background_background":"classic","margin":{"unit":"%","top":"0","right":"20","bottom":"0","left":"0","isLinked":false},"_inline_size":null,"background_color":"#FFFFFF","box_shadow_box_shadow_type":"yes","box_shadow_box_shadow":{"horizontal":0,"vertical":10,"blur":29,"spread":0,"color":"rgba(180.99999999999991, 127, 250, 0.1)"},"margin_tablet":{"unit":"%","top":"","right":"","bottom":"","left":"","isLinked":true},"margin_mobile":{"unit":"px","top":"20","right":"20","bottom":"20","left":"20","isLinked":true},"padding_mobile":{"unit":"px","top":"30","right":"30","bottom":"30","left":"30","isLinked":true},"z_index":99},"elements":[{"id":"3efb6d90","settings":{"style":"slashes","width":{"unit":"px","size":72,"sizes":[]},"text":"Divider","color":"#E2942B","weight":{"unit":"px","size":"2.2","sizes":[]},"gap":{"unit":"px","size":"10","sizes":[]},"align_tablet":"left","align_mobile":"center"},"elements":[],"isInner":false,"widgetType":"divider","elType":"widget"},{"id":"2881cbdb","settings":{"title":"Feel free to contact us for any other information you need","title_color":"#033537","typography_typography":"custom","typography_font_family":"Playfair Display","typography_font_size":{"unit":"px","size":35,"sizes":[]},"typography_font_weight":"600","typography_line_height":{"unit":"em","size":1.100000000000000088817841970012523233890533447265625,"sizes":[]},"typography_font_size_tablet":{"unit":"px","size":35,"sizes":[]},"typography_font_size_mobile":{"unit":"px","size":30,"sizes":[]},"align_mobile":"center"},"elements":[],"isInner":false,"widgetType":"heading","elType":"widget"},{"id":"5fc48421","settings":{"form_fields":[{"_id":"name","field_type":"name","field_label":"Name","placeholder":"Name","width":"50"},{"_id":"email","field_type":"email","required":"true","field_label":"Email","placeholder":"Email","width":"50"},{"_id":"booking_from_date","field_type":"booking_from_date","required":"true","field_label":"Check-in","placeholder":"Check-in","width":"50"},{"field_type":"booking_to_date","required":"true","field_label":"Check-out","placeholder":"Check-out","width":"50","_id":"4e0c27c"},{"_id":"message","field_type":"message","field_label":"Message","placeholder":"Message"}],"gdpr_text":"I consent to the GDPR Terms","submit_button_text":"Send Email","email_subject":"New email from &quot;WpRentals booking theme demo&quot; ","submit_button_background_color":"#E2942B","submit_button_background_hover_color":"#CE5216","_animation":"fadeIn","_animation_delay":50,"wpersidence_form_row_gap_tablet":{"unit":"px","size":0,"sizes":[]},"wpresidence_field_typography_typography":"custom","wpresidence_field_typography_font_family":"Roboto","wpresidence_field_typography_font_size":{"unit":"px","size":13,"sizes":[]},"wpresidence_field_typography_font_weight":"300"},"elements":[],"isInner":false,"widgetType":"WpRentals_Contact_Form_Builder","elType":"widget"}],"isInner":"1","elType":"column"}],"isInner":"1","elType":"section"}],"isInner":"","elType":"column"}],"isInner":"","elType":"section"},{"id":"252a4dc1","settings":[],"elements":[{"id":"417f4bb2","settings":{"_column_size":100,"_inline_size":null},"elements":[{"id":"5493b6a2","settings":{"space":{"unit":"px","size":100,"sizes":[]}},"elements":[],"isInner":false,"widgetType":"spacer","elType":"widget"}],"isInner":false,"elType":"column"}],"isInner":false,"elType":"section"}],"page_settings":[],"version":"0.4","title":"Madeira FAQ","type":"page"}