{"version":"0.4","title":"Homepage V6 Elementor","type":"page","content":[{"id":"5c00931e","settings":{"margin":{"unit":"px","top":"15","right":0,"bottom":"0","left":0,"isLinked":false},"padding":{"unit":"px","top":"0","right":"0","bottom":"80","left":"0","isLinked":false}},"elements":[{"id":"71482619","settings":{"_column_size":100},"elements":[{"id":"9c511be","settings":{"title":"City Break in Europe","action_ids":["2"],"number":"5","autoscroll":"0"},"elements":[],"isInner":false,"widgetType":"Wprentals_Recent_Items_Slider","elType":"widget"},{"id":"7d676512","settings":{"title":"Explore Asia","action_ids":["3","4"],"number":"5","autoscroll":"0"},"elements":[],"isInner":false,"widgetType":"Wprentals_Recent_Items_Slider","elType":"widget"}],"isInner":false,"elType":"column"}],"isInner":false,"elType":"section"},{"id":"16958de5","settings":{"stretch_section":"section-stretched","background_background":"classic","background_color":"#ffffff","background_color_b":"#deeff7","background_gradient_angle":{"unit":"deg","size":80,"sizes":[]},"margin":{"unit":"px","top":"00","right":0,"bottom":"00","left":0,"isLinked":true},"padding":{"unit":"px","top":"100","right":"0","bottom":"90","left":"0","isLinked":false},"padding_tablet":{"unit":"px","top":"60","right":"20","bottom":"60","left":"20","isLinked":false}},"elements":[{"id":"1e34796","settings":{"_column_size":100},"elements":[{"id":"25797ed","settings":{"title":"Find Your Next Adventure","title_color":"#484848","typography_typography":"custom","typography_font_size":{"unit":"px","size":28,"sizes":[]},"typography_font_weight":"600","_margin":{"unit":"px","top":"0","right":"0","bottom":"15","left":"0","isLinked":false},"align_tablet":"center","typography_font_family":"Poppins"},"elements":[],"isInner":false,"widgetType":"heading","elType":"widget"},{"id":"52e90c7f","settings":{"place_list":["1694","2008","2835","2855"],"place_per_row":"3"},"elements":[],"isInner":false,"widgetType":"Wprentals_Categories_Slider","elType":"widget"}],"isInner":false,"elType":"column"}],"isInner":false,"elType":"section"},{"id":"3455d5df","settings":{"stretch_section":"section-stretched","layout":"full_width","gap":"no","margin":{"unit":"px","top":"0","right":0,"bottom":"0","left":0,"isLinked":false},"padding":{"unit":"px","top":"0","right":"0","bottom":"0","left":"0","isLinked":false}},"elements":[{"id":"22099889","settings":{"_column_size":100},"elements":[{"id":"59017f88","settings":{"article_id":"220","type":"type3"},"elements":[],"isInner":false,"widgetType":"Wprentals_Featured_Article","elType":"widget"}],"isInner":false,"elType":"column"}],"isInner":false,"elType":"section"},{"id":"768612d","settings":{"margin":{"unit":"px","top":"","right":0,"bottom":"","left":0,"isLinked":true},"stretch_section":"section-stretched","gap":"no","background_background":"classic","background_color":"#ffffff","padding":{"unit":"px","top":"90","right":"0","bottom":"90","left":"0","isLinked":false},"padding_tablet":{"unit":"px","top":"60","right":"20","bottom":"60","left":"20","isLinked":false}},"elements":[{"id":"710d5e1c","settings":{"_column_size":100},"elements":[{"id":"419f0325","settings":{"title":"Best Places to Rent","title_color":"#484848","typography_typography":"custom","typography_font_size":{"unit":"px","size":28,"sizes":[]},"typography_font_weight":"600","_margin":{"unit":"px","top":"0","right":"0","bottom":"15","left":"0","isLinked":false},"align_tablet":"center","typography_font_family":"Poppins"},"elements":[],"isInner":false,"widgetType":"heading","elType":"widget"},{"id":"48a15924","settings":{"place_list":["5","6","7","8","10","11"],"place_per_row":"3","spaces_unit":"8"},"elements":[],"isInner":false,"widgetType":"Wprentals_Categories_List","elType":"widget"}],"isInner":false,"elType":"column"}],"isInner":false,"elType":"section"},{"id":"1cc454b7","settings":{"gap":"no","margin":{"unit":"px","top":"90","right":0,"bottom":"0","left":0,"isLinked":false},"background_background":"classic","padding":{"unit":"px","top":"060","right":"54","bottom":"200","left":"45","isLinked":false},"structure":"20","background_image":{"id":35217,"url":"https:\/\/main.wprentals.org\/wp-content\/uploads\/2019\/08\/back2_orange.jpg"},"background_position":"center center","background_overlay_background":"classic","background_overlay_color":"#484848","background_overlay_opacity":{"unit":"px","size":0.40000000000000002220446049250313080847263336181640625,"sizes":[]},"css_filters_css_filter":"custom","background_repeat":"repeat","background_size":"auto","padding_tablet":{"unit":"px","top":"40","right":"40","bottom":"80","left":"40","isLinked":false}},"elements":[{"id":"60b2eeb6","settings":{"_column_size":50,"_inline_size":null,"_inline_size_tablet":80},"elements":[{"id":"1802e98a","settings":{"title":"Find over <b>1,000<\/b> listings with affordable rates.","align":"left","title_color":"#ffffff","typography_typography":"custom","typography_font_size":{"unit":"px","size":38,"sizes":[]},"typography_font_weight":"400","typography_line_height":{"unit":"em","size":1.399999999999999911182158029987476766109466552734375,"sizes":[]},"_margin":{"unit":"px","top":"0","right":"0","bottom":"0","left":"0","isLinked":false},"typography_font_family":"Poppins"},"elements":[],"isInner":false,"widgetType":"heading","elType":"widget"},{"id":"1453a8d","settings":{"text":"Search listings","size":"md","typography_typography":"custom","typography_font_family":"Poppins","button_text_color":"#484848","background_color":"#ffffff","_margin":{"unit":"px","top":"20","right":"0","bottom":"0","left":"0","isLinked":false}},"elements":[],"isInner":false,"widgetType":"button","elType":"widget"}],"isInner":false,"elType":"column"},{"id":"7276c843","settings":{"_column_size":50,"_inline_size":null},"elements":[],"isInner":false,"elType":"column"}],"isInner":false,"elType":"section"},{"id":"77cf69ed","settings":{"stretch_section":"section-stretched","background_background":"classic","background_color_b":"#2792ea","background_gradient_angle":{"unit":"deg","size":290,"sizes":[]},"margin":{"unit":"px","top":"","right":0,"bottom":"","left":0,"isLinked":true},"padding":{"unit":"px","top":"90","right":"0","bottom":"90","left":"0","isLinked":false},"gap":"no","padding_tablet":{"unit":"px","top":"60","right":"20","bottom":"60","left":"20","isLinked":false}},"elements":[{"id":"a0bec44","settings":{"_column_size":100},"elements":[{"id":"24b3c9bb","settings":{"title":"From Our Blog","title_color":"#484848","typography_typography":"custom","typography_font_size":{"unit":"px","size":28,"sizes":[]},"typography_font_weight":"600","_margin":{"unit":"px","top":"0","right":"0","bottom":"15","left":"0","isLinked":false},"align_tablet":"center","typography_font_family":"Poppins"},"elements":[],"isInner":false,"widgetType":"heading","elType":"widget"},{"id":"2996adb8","settings":{"number":"6","rownumber":"3"},"elements":[],"isInner":false,"widgetType":"Wprentals_Recent_Items","elType":"widget"}],"isInner":false,"elType":"column"}],"isInner":false,"elType":"section"},{"id":"47b321e9","settings":{"background_background":"classic","background_image":{"id":"35174","url":"https:\/\/main.wprentals.org\/wp-content\/uploads\/2019\/08\/background-1-e1564407087591.jpg"},"background_position":"center center","background_repeat":"no-repeat","background_size":"cover","background_overlay_background":"classic","background_overlay_color":"#000000","background_overlay_opacity":{"unit":"px","size":"0.06","sizes":[]},"margin":{"unit":"px","top":"0","right":"0","bottom":"0","left":"0","isLinked":""},"margin_mobile":{"unit":"px","top":"0","right":"0","bottom":"0","left":"0","isLinked":""},"padding":{"unit":"px","top":"20","right":"15","bottom":"20","left":"15","isLinked":""},"padding_tablet":{"unit":"px","top":"66","right":"15","bottom":"80","left":"15","isLinked":""},"padding_mobile":{"unit":"px","top":"45","right":"15","bottom":"50","left":"15","isLinked":""},"animation":"fadeIn","height":"min-height","custom_height":{"unit":"vh","size":"66","sizes":[]},"stretch_section":"section-stretched","background_attachment":"fixed"},"elements":[{"id":"41b5f715","settings":{"_column_size":"100","space_between_widgets":"0","margin":{"unit":"px","top":"0","right":"0","bottom":"0","left":"0","isLinked":""},"padding":{"unit":"px","top":"0","right":"0","bottom":"0","left":"0","isLinked":""}},"elements":[{"id":"41cb0f19","settings":{"content_width":{"unit":"px","size":"1170","sizes":[]},"margin":{"unit":"px","top":"0","right":"0","bottom":"0","left":"0","isLinked":""},"padding":{"unit":"px","top":"0","right":"100","bottom":"0","left":"100","isLinked":""},"padding_tablet":{"unit":"px","top":"0","right":"0","bottom":"0","left":"0","isLinked":""},"padding_mobile":{"unit":"px","top":"0","right":"0","bottom":"0","left":"0","isLinked":""}},"elements":[{"id":"2d94fe69","settings":{"_column_size":"100","space_between_widgets":"0","margin":{"unit":"px","top":"0","right":"0","bottom":"0","left":"0","isLinked":""},"padding":{"unit":"px","top":"0","right":"0","bottom":"0","left":"0","isLinked":""},"margin_mobile":{"unit":"px","top":"0","right":"0","bottom":"0","left":"0","isLinked":""},"padding_mobile":{"unit":"px","top":"0","right":"0","bottom":"0","left":"0","isLinked":""}},"elements":[{"id":"380ef8b4","settings":{"title":"Book. Travel. Have Fun.","title_color":"#ffffff","typography_typography":"custom","typography_font_family":"Poppins","typography_font_size":{"unit":"px","size":60,"sizes":[]},"typography_font_weight":"600","typography_line_height":{"unit":"em","size":1,"sizes":[]},"typography_letter_spacing":{"unit":"px","size":0,"sizes":[]},"_margin":{"unit":"px","top":"0","right":"0","bottom":"0","left":"0","isLinked":""},"_padding":{"unit":"px","top":"0","right":"0","bottom":"0","left":"0","isLinked":""},"typography_font_size_tablet":{"unit":"em","size":3,"sizes":[]},"typography_font_size_mobile":{"unit":"em","size":3,"sizes":[]},"_animation":"fadeInUp","_animation_delay":"400","align_mobile":"center","_margin_mobile":{"unit":"px","top":"0","right":"0","bottom":"0","left":"0","isLinked":""},"align":"center","_padding_mobile":{"unit":"px","top":"0","right":"0","bottom":"0","left":"0","isLinked":""}},"elements":[],"isInner":false,"widgetType":"heading","elType":"widget"},{"id":"72fdcaa8","settings":{"title":"subscribe for the latest travel news","align":"center","title_color":"#ffffff","typography_typography":"custom","typography_font_family":"Poppins","typography_font_size":{"unit":"px","size":20,"sizes":[]},"typography_font_size_mobile":{"unit":"em","size":1,"sizes":[]},"typography_font_weight":"300","typography_line_height":{"unit":"em","size":"1.4","sizes":[]},"typography_line_height_tablet":{"unit":"em","size":"1.2","sizes":[]},"_margin":{"unit":"px","top":"0","right":"0","bottom":"0","left":"0","isLinked":""},"_padding":{"unit":"px","top":"15","right":"0","bottom":"0","left":"0","isLinked":""},"header_size":"h3","_padding_tablet":{"unit":"px","top":"26","right":"0","bottom":"0","left":"0","isLinked":""},"_animation":"fadeInUp","_animation_delay":"500","align_mobile":"center","typography_font_size_tablet":{"unit":"em","size":1.3000000000000000444089209850062616169452667236328125,"sizes":[]},"_margin_tablet":{"unit":"px","top":"0","right":"0","bottom":"0","left":"0","isLinked":""},"_margin_mobile":{"unit":"px","top":"0","right":"0","bottom":"0","left":"0","isLinked":""},"_padding_mobile":{"unit":"px","top":"23","right":"0","bottom":"0","left":"0","isLinked":""}},"elements":[],"isInner":false,"widgetType":"heading","elType":"widget"}],"isInner":"1","elType":"column"}],"isInner":"1","elType":"section"},{"id":"43336dd5","settings":{"structure":"30","margin":{"unit":"px","top":"45","right":0,"bottom":"0","left":0,"isLinked":false}},"elements":[{"id":"48356b08","settings":{"_column_size":33,"_inline_size":20},"elements":[],"isInner":true,"elType":"column"},{"id":"24737a97","settings":{"_column_size":33,"_inline_size":59.99900000000000233058017329312860965728759765625},"elements":[{"id":"22e1fdff","settings":{"shortcode":"[mc4wp_form id=\"22123\"]"},"elements":[],"isInner":false,"widgetType":"shortcode","elType":"widget"}],"isInner":true,"elType":"column"},{"id":"5944614c","settings":{"_column_size":33,"_inline_size":20},"elements":[],"isInner":true,"elType":"column"}],"isInner":true,"elType":"section"}],"isInner":"","elType":"column"}],"isInner":"","elType":"section"}]}