{"version":"0.4","title":"Homepage Elementor V2","type":"page","content":[{"id":"28bca991","settings":{"gap":"no","margin":{"unit":"px","top":"60","right":0,"bottom":"60","left":0,"isLinked":true}},"elements":[{"id":"6abdd0d2","settings":{"_column_size":100},"elements":[{"id":"6ae5b4c4","settings":{"title":"Featured Cities & Areas","align":"left","title_color":"#484848","typography_typography":"custom","typography_font_size":{"unit":"px","size":25,"sizes":[]},"typography_font_weight":"600","typography_line_height":{"unit":"px","size":27,"sizes":[]},"_margin":{"unit":"px","top":"0","right":"0","bottom":"0","left":"0","isLinked":false},"typography_font_family":"Poppins","align_tablet":"center"},"elements":[],"isInner":false,"widgetType":"heading","elType":"widget"},{"id":"317d8661","settings":{"title":"List specific categories with the featured place shortcode","header_size":"p","align":"left","title_color":"#5d6475","typography_typography":"custom","typography_font_size":{"unit":"px","size":15,"sizes":[]},"typography_font_weight":"400","typography_line_height":{"unit":"px","size":17,"sizes":[]},"_margin":{"unit":"px","top":"0","right":"0","bottom":"0","left":"0","isLinked":true},"typography_font_family":"Poppins","align_tablet":"center"},"elements":[],"isInner":false,"widgetType":"heading","elType":"widget"},{"id":"135654ea","settings":{"gap":"no","structure":"30","margin":{"unit":"px","top":"20","right":0,"bottom":"5","left":0,"isLinked":false},"padding_tablet":{"unit":"px","top":"0","right":"0","bottom":"0","left":"0","isLinked":false}},"elements":[{"id":"5c7f8305","settings":{"_column_size":33,"_inline_size":null,"margin":{"unit":"px","top":"0","right":"5","bottom":"0","left":"0","isLinked":false},"padding":{"unit":"px","top":"0","right":"0","bottom":"0","left":"0","isLinked":false}},"elements":[{"id":"79fa75ef","settings":{"place_id":"1839"},"elements":[],"isInner":false,"widgetType":"WpRentals_Featured_Place","elType":"widget"}],"isInner":true,"elType":"column"},{"id":"6bf4912c","settings":{"_column_size":33,"_inline_size":null,"margin":{"unit":"px","top":"0","right":"5","bottom":"0","left":"5","isLinked":false}},"elements":[{"id":"32022309","settings":{"place_id":"309"},"elements":[],"isInner":false,"widgetType":"WpRentals_Featured_Place","elType":"widget"}],"isInner":true,"elType":"column"},{"id":"4b91ad23","settings":{"_column_size":33,"_inline_size":null,"margin":{"unit":"px","top":"0","right":"0","bottom":"0","left":"5","isLinked":false}},"elements":[{"id":"4e368ee","settings":{"place_id":"409"},"elements":[],"isInner":false,"widgetType":"WpRentals_Featured_Place","elType":"widget"}],"isInner":true,"elType":"column"}],"isInner":true,"elType":"section"},{"id":"724b7cd3","settings":{"gap":"no","structure":"20","margin":{"unit":"px","top":"5","right":0,"bottom":"5","left":0,"isLinked":false}},"elements":[{"id":"4d110f9","settings":{"_column_size":50,"_inline_size":66.7000000000000028421709430404007434844970703125,"margin":{"unit":"px","top":"0","right":"5","bottom":"0","left":"0","isLinked":false}},"elements":[{"id":"7e7b3cfb","settings":{"place_id":"430"},"elements":[],"isInner":false,"widgetType":"WpRentals_Featured_Place","elType":"widget"}],"isInner":true,"elType":"column"},{"id":"5cbd9401","settings":{"_column_size":50,"_inline_size":33.2999999999999971578290569595992565155029296875,"margin":{"unit":"px","top":"0","right":"0","bottom":"0","left":"5","isLinked":false}},"elements":[{"id":"6b1cecaf","settings":{"place_id":"1139"},"elements":[],"isInner":false,"widgetType":"WpRentals_Featured_Place","elType":"widget"}],"isInner":true,"elType":"column"}],"isInner":true,"elType":"section"},{"id":"2a9b01d2","settings":{"gap":"no","structure":"20","margin":{"unit":"px","top":"5","right":0,"bottom":"0","left":0,"isLinked":false}},"elements":[{"id":"55237d63","settings":{"_column_size":50,"_inline_size":33.2999999999999971578290569595992565155029296875,"margin":{"unit":"px","top":"0","right":"5","bottom":"0","left":"0","isLinked":false}},"elements":[{"id":"6eb88690","settings":{"place_id":"876"},"elements":[],"isInner":false,"widgetType":"WpRentals_Featured_Place","elType":"widget"}],"isInner":true,"elType":"column"},{"id":"f50a544","settings":{"_column_size":50,"_inline_size":66.7000000000000028421709430404007434844970703125,"margin":{"unit":"px","top":"0","right":"0","bottom":"0","left":"5","isLinked":false}},"elements":[{"id":"8250a23","settings":{"place_id":"165"},"elements":[],"isInner":false,"widgetType":"WpRentals_Featured_Place","elType":"widget"}],"isInner":true,"elType":"column"}],"isInner":true,"elType":"section"}],"isInner":false,"elType":"column"}],"isInner":false,"elType":"section"},{"id":"a82fe71","settings":{"gap":"no","margin":{"unit":"px","top":"80","right":0,"bottom":"80","left":0,"isLinked":true}},"elements":[{"id":"27a9c53b","settings":{"_column_size":100},"elements":[{"id":"13412868","settings":{"number":"4","autoscroll":"0","title":"Featured Listings"},"elements":[],"isInner":false,"widgetType":"Wprentals_Recent_Items_Slider","elType":"widget"}],"isInner":false,"elType":"column"}],"isInner":false,"elType":"section"},{"id":"381ce0df","settings":{"gap":"no","margin":{"unit":"px","top":"0","right":0,"bottom":"0","left":0,"isLinked":false},"stretch_section":"section-stretched","background_background":"classic","background_color":"#000000","background_position":"center center","background_overlay_background":"classic","background_overlay_color":"#000000","background_overlay_image":{"id":35112,"url":"https:\/\/main.wprentals.org\/wp-content\/uploads\/2019\/08\/back.jpg"},"background_overlay_attachment":"fixed","background_overlay_size":"cover","background_overlay_opacity":{"unit":"px","size":0.6999999999999999555910790149937383830547332763671875,"sizes":[]},"css_filters_brightness":{"unit":"px","size":87,"sizes":[]},"css_filters_saturate":{"unit":"px","size":98,"sizes":[]},"padding":{"unit":"px","top":"150","right":"20","bottom":"150","left":"20","isLinked":false},"background_overlay_position":"center center"},"elements":[{"id":"296ff9e2","settings":{"_column_size":100},"elements":[{"id":"63d71934","settings":{"title":"Find your next vacation","align":"left","title_color":"#ffffff","typography_typography":"custom","typography_font_size":{"unit":"px","size":28,"sizes":[]},"typography_font_weight":"600","typography_line_height":{"unit":"px","size":30,"sizes":[]},"_margin":{"unit":"px","top":"0","right":"0","bottom":"0","left":"0","isLinked":false},"typography_font_family":"Poppins","align_tablet":"center"},"elements":[],"isInner":false,"widgetType":"heading","elType":"widget"},{"id":"269d1d16","settings":{"title":"The most trendy cities and areas in the world","header_size":"p","align":"left","title_color":"#f8f8f9","typography_typography":"custom","typography_font_size":{"unit":"px","size":16,"sizes":[]},"typography_font_weight":"400","typography_line_height":{"unit":"px","size":18,"sizes":[]},"typography_font_family":"Poppins","align_tablet":"center"},"elements":[],"isInner":false,"widgetType":"heading","elType":"widget"},{"id":"6e972167","settings":{"_margin":{"unit":"px","top":"20","right":"0","bottom":"0","left":"0","isLinked":false}},"elements":[],"isInner":false,"widgetType":"Wprentals_Advanced_Search","elType":"widget"}],"isInner":false,"elType":"column"}],"isInner":false,"elType":"section"},{"id":"3180aae5","settings":{"gap":"no","margin":{"unit":"px","top":"","right":0,"bottom":"","left":0,"isLinked":true},"stretch_section":"section-stretched","background_background":"classic","background_color":"#ffffff","background_overlay_background":"classic","background_overlay_color":"#ffffff","background_overlay_color_b_stop":{"unit":"%","size":48,"sizes":[]},"background_overlay_gradient_angle":{"unit":"deg","size":240,"sizes":[]},"background_overlay_opacity":{"unit":"px","size":0.61999999999999999555910790149937383830547332763671875,"sizes":[]},"padding":{"unit":"px","top":"100","right":"0","bottom":"100","left":"0","isLinked":false},"background_color_b":"#e9e4f0","background_gradient_angle":{"unit":"deg","size":67,"sizes":[]},"padding_tablet":{"unit":"px","top":"59","right":"20","bottom":"60","left":"20","isLinked":false}},"elements":[{"id":"28a19a40","settings":{"_column_size":100},"elements":[{"id":"4ba91d42","settings":{"title":"Find a place that you love","align":"left","title_color":"#484848","typography_typography":"custom","typography_font_size":{"unit":"px","size":25,"sizes":[]},"typography_font_weight":"600","typography_line_height":{"unit":"px","size":27,"sizes":[]},"_margin":{"unit":"px","top":"0","right":"0","bottom":"0","left":"0","isLinked":false},"typography_font_family":"Poppins","align_tablet":"center"},"elements":[],"isInner":false,"widgetType":"heading","elType":"widget"},{"id":"6a753e16","settings":{"title":"Listings featured are shown first","header_size":"p","align":"left","title_color":"#5d6475","typography_typography":"custom","typography_font_size":{"unit":"px","size":15,"sizes":[]},"typography_font_weight":"400","typography_line_height":{"unit":"px","size":17,"sizes":[]},"typography_font_family":"Poppins","align_tablet":"center"},"elements":[],"isInner":false,"widgetType":"heading","elType":"widget"},{"id":"875aa86","settings":{"number":"6","rownumber":3,"link":"#","_margin":{"unit":"px","top":"30","right":"0","bottom":"0","left":"0","isLinked":false}},"elements":[],"isInner":false,"widgetType":"Wprentals_Recent_Items","elType":"widget"}],"isInner":false,"elType":"column"}],"isInner":false,"elType":"section"},{"id":"2f60acf9","settings":{"gap":"no","margin":{"unit":"px","top":"","right":0,"bottom":"","left":0,"isLinked":true},"stretch_section":"section-stretched","background_background":"gradient","background_overlay_background":"classic","background_overlay_color_b":"#e2e2e2","background_overlay_color_b_stop":{"unit":"%","size":48,"sizes":[]},"background_overlay_gradient_angle":{"unit":"deg","size":240,"sizes":[]},"background_overlay_opacity":{"unit":"px","size":0.61999999999999999555910790149937383830547332763671875,"sizes":[]},"padding":{"unit":"px","top":"100","right":"0","bottom":"100","left":"0","isLinked":false},"background_gradient_angle":{"unit":"deg","size":67,"sizes":[]},"padding_tablet":{"unit":"px","top":"60","right":"10","bottom":"60","left":"10","isLinked":false}},"elements":[{"id":"769f8ae3","settings":{"_column_size":100},"elements":[{"id":"62cce748","settings":{"title":"Places by preference","align":"left","title_color":"#484848","typography_typography":"custom","typography_font_size":{"unit":"px","size":25,"sizes":[]},"typography_font_weight":"600","typography_line_height":{"unit":"px","size":27,"sizes":[]},"_margin":{"unit":"px","top":"0","right":"0","bottom":"0","left":"0","isLinked":false},"typography_font_family":"Poppins","align_tablet":"center"},"elements":[],"isInner":false,"widgetType":"heading","elType":"widget"},{"id":"45b0c82f","settings":{"title":"Listing categories shortcode","header_size":"p","align":"left","title_color":"#5d6475","typography_typography":"custom","typography_font_size":{"unit":"px","size":15,"sizes":[]},"typography_font_weight":"400","typography_line_height":{"unit":"px","size":17,"sizes":[]},"typography_font_family":"Poppins","align_tablet":"center"},"elements":[],"isInner":false,"widgetType":"heading","elType":"widget"},{"id":"44fa770c","settings":{"place_list":["3","4","5","6","7","8","9","10"],"place_per_row":"4","spaces_unit":"5","_margin":{"unit":"px","top":"30","right":"0","bottom":"0","left":"0","isLinked":false}},"elements":[],"isInner":false,"widgetType":"Wprentals_Categories_List","elType":"widget"}],"isInner":false,"elType":"column"}],"isInner":false,"elType":"section"},{"id":"7988288a","settings":{"gap":"no","margin":{"unit":"px","top":"","right":0,"bottom":"","left":0,"isLinked":true},"stretch_section":"section-stretched","background_background":"classic","background_color":"#ffffff","background_overlay_background":"classic","background_overlay_color_b":"#e2e2e2","background_overlay_color_b_stop":{"unit":"%","size":48,"sizes":[]},"background_overlay_gradient_angle":{"unit":"deg","size":240,"sizes":[]},"background_overlay_opacity":{"unit":"px","size":0.61999999999999999555910790149937383830547332763671875,"sizes":[]},"padding":{"unit":"px","top":"100","right":"0","bottom":"100","left":"0","isLinked":false},"background_gradient_angle":{"unit":"deg","size":67,"sizes":[]},"padding_tablet":{"unit":"px","top":"60","right":"20","bottom":"60","left":"20","isLinked":false}},"elements":[{"id":"68fe6421","settings":{"_column_size":100},"elements":[{"id":"165a5181","settings":{"title":"From our community","align":"left","title_color":"#484848","typography_typography":"custom","typography_font_size":{"unit":"px","size":25,"sizes":[]},"typography_font_weight":"600","typography_line_height":{"unit":"px","size":27,"sizes":[]},"_margin":{"unit":"px","top":"0","right":"0","bottom":"0","left":"0","isLinked":false},"typography_font_family":"Poppins","align_tablet":"center"},"elements":[],"isInner":false,"widgetType":"heading","elType":"widget"},{"id":"5892847d","settings":{"title":"Superhosts and verified owners","header_size":"p","align":"left","title_color":"#5d6475","typography_typography":"custom","typography_font_size":{"unit":"px","size":15,"sizes":[]},"typography_font_weight":"300","typography_line_height":{"unit":"px","size":17,"sizes":[]},"typography_font_family":"Poppins","align_tablet":"center"},"elements":[],"isInner":false,"widgetType":"heading","elType":"widget"},{"id":"3097610f","settings":{"gap":"no","structure":"30","margin":{"unit":"px","top":"20","right":0,"bottom":"0","left":0,"isLinked":false}},"elements":[{"id":"563b05fa","settings":{"_column_size":33,"_inline_size":null},"elements":[{"id":"30786584","settings":{"owner_id":"886","notes":"verified owner","_padding":{"unit":"px","top":"0","right":"5","bottom":"0","left":"0","isLinked":false}},"elements":[],"isInner":false,"widgetType":"Wprentals_Featured_Owner","elType":"widget"}],"isInner":true,"elType":"column"},{"id":"4d407a82","settings":{"_column_size":33,"_inline_size":null},"elements":[{"id":"6a8aec31","settings":{"owner_id":"888","notes":"verified owner","_padding":{"unit":"px","top":"0","right":"5","bottom":"0","left":"5","isLinked":false}},"elements":[],"isInner":false,"widgetType":"Wprentals_Featured_Owner","elType":"widget"}],"isInner":true,"elType":"column"},{"id":"1aa341a","settings":{"_column_size":33,"_inline_size":null,"padding":{"unit":"px","top":"0","right":"0","bottom":"0","left":"5","isLinked":false}},"elements":[{"id":"224a1176","settings":{"owner_id":"887","notes":"verified superhost"},"elements":[],"isInner":false,"widgetType":"Wprentals_Featured_Owner","elType":"widget"}],"isInner":true,"elType":"column"}],"isInner":true,"elType":"section"}],"isInner":false,"elType":"column"}],"isInner":false,"elType":"section"},{"id":"7715b036","settings":{"gap":"no","margin":{"unit":"px","top":"80","right":0,"bottom":"80","left":0,"isLinked":true}},"elements":[{"id":"2c8436c8","settings":{"_column_size":100},"elements":[{"id":"1a38abf","settings":{"title":"Travel guide expert blog","align":"left","title_color":"#484848","typography_typography":"custom","typography_font_size":{"unit":"px","size":25,"sizes":[]},"typography_font_weight":"600","typography_line_height":{"unit":"px","size":27,"sizes":[]},"_margin":{"unit":"px","top":"0","right":"0","bottom":"0","left":"0","isLinked":false},"typography_font_family":"Poppins","align_tablet":"center"},"elements":[],"isInner":false,"widgetType":"heading","elType":"widget"},{"id":"5da5cc5d","settings":{"title":"How to travel on a budget around the world ","header_size":"p","align":"left","title_color":"#5d6475","typography_typography":"custom","typography_font_size":{"unit":"px","size":15,"sizes":[]},"typography_font_weight":"300","typography_line_height":{"unit":"px","size":17,"sizes":[]},"typography_font_family":"Poppins","align_tablet":"center"},"elements":[],"isInner":false,"widgetType":"heading","elType":"widget"},{"id":"26143232","settings":{"gap":"no","structure":"30","margin":{"unit":"px","top":"20","right":0,"bottom":"0","left":0,"isLinked":false}},"elements":[{"id":"576801f7","settings":{"_column_size":33,"_inline_size":null,"padding":{"unit":"px","top":"0","right":"5","bottom":"0","left":"0","isLinked":false}},"elements":[{"id":"330a869f","settings":{"article_id":"200","type":"type2"},"elements":[],"isInner":false,"widgetType":"Wprentals_Featured_Article","elType":"widget"},{"id":"52daaa7e","settings":{"article_id":"190","type":"type2"},"elements":[],"isInner":false,"widgetType":"Wprentals_Featured_Article","elType":"widget"}],"isInner":true,"elType":"column"},{"id":"1b2f675b","settings":{"_column_size":33,"_inline_size":null,"margin":{"unit":"px","top":"0","right":"0","bottom":"0","left":"0","isLinked":true},"padding":{"unit":"px","top":"0","right":"5","bottom":"0","left":"5","isLinked":false}},"elements":[{"id":"1af0adf6","settings":{"article_id":"240","type":"type2"},"elements":[],"isInner":false,"widgetType":"Wprentals_Featured_Article","elType":"widget"},{"id":"5447a449","settings":{"article_id":"230","type":"type2"},"elements":[],"isInner":false,"widgetType":"Wprentals_Featured_Article","elType":"widget"}],"isInner":true,"elType":"column"},{"id":"383db3d5","settings":{"_column_size":33,"_inline_size":null,"padding":{"unit":"px","top":"0","right":"0","bottom":"0","left":"5","isLinked":false}},"elements":[{"id":"20bf8a19","settings":{"article_id":"220","type":"type2"},"elements":[],"isInner":false,"widgetType":"Wprentals_Featured_Article","elType":"widget"},{"id":"1ee63cb0","settings":{"article_id":"192","type":"type2"},"elements":[],"isInner":false,"widgetType":"Wprentals_Featured_Article","elType":"widget"}],"isInner":true,"elType":"column"}],"isInner":true,"elType":"section"}],"isInner":false,"elType":"column"}],"isInner":false,"elType":"section"}]}