{"version":"0.4","title":"Homepage V4 Elementor","type":"page","content":[{"id":"6dfb18d5","settings":{"gap":"no","margin":{"unit":"px","top":"0","right":0,"bottom":"0","left":0,"isLinked":false},"stretch_section":"section-stretched","layout":"full_width","animation_delay":400,"background_background":"classic","background_color":"#ffffff","padding":{"unit":"px","top":"0100","right":"0","bottom":"100","left":"0","isLinked":false}},"elements":[{"id":"28df5578","settings":{"_column_size":100,"padding_tablet":{"unit":"px","top":"0","right":"20","bottom":"0","left":"20","isLinked":false}},"elements":[{"id":"317e3cd0","settings":{"title":"Latest properties published","align":"center","title_color":"#484848","typography_typography":"custom","typography_font_size":{"unit":"px","size":26,"sizes":[]},"typography_font_weight":"600","typography_line_height":{"unit":"em","size":1.399999999999999911182158029987476766109466552734375,"sizes":[]},"_margin":{"unit":"px","top":"0","right":"0","bottom":"0","left":"0","isLinked":false},"typography_font_family":"Poppins"},"elements":[],"isInner":false,"widgetType":"heading","elType":"widget"},{"id":"188346a8","settings":{"title":"Get the cheapest daily rates","header_size":"p","align":"center","title_color":"#5d6475","typography_typography":"custom","typography_font_size":{"unit":"px","size":15,"sizes":[]},"typography_font_weight":"400","typography_line_height":{"unit":"px","size":18,"sizes":[]},"typography_font_family":"Poppins"},"elements":[],"isInner":false,"widgetType":"heading","elType":"widget"},{"id":"3ce36afa","settings":{"margin":{"unit":"px","top":"45","right":0,"bottom":"0","left":0,"isLinked":false},"gap":"no"},"elements":[{"id":"5b3f5c25","settings":{"_column_size":100,"_inline_size":null},"elements":[{"id":"2dfb191","settings":{"number":"6","rownumber":3},"elements":[],"isInner":false,"widgetType":"Wprentals_Recent_Items","elType":"widget"}],"isInner":true,"elType":"column"}],"isInner":true,"elType":"section"}],"isInner":false,"elType":"column"}],"isInner":false,"elType":"section"},{"id":"2727ec49","settings":{"gap":"no","margin":{"unit":"px","top":"0","right":0,"bottom":"0","left":0,"isLinked":false},"stretch_section":"section-stretched","background_background":"classic","padding":{"unit":"px","top":"100","right":"0","bottom":"100","left":"0","isLinked":false},"animation_delay":400},"elements":[{"id":"46cd4a2b","settings":{"_column_size":100},"elements":[{"id":"206f3fb6","settings":{"title":"Book from our featured listings","align":"center","title_color":"#484848","typography_typography":"custom","typography_font_size":{"unit":"px","size":26,"sizes":[]},"typography_font_weight":"600","typography_line_height":{"unit":"px","size":26,"sizes":[]},"_margin":{"unit":"px","top":"0","right":"0","bottom":"0","left":"0","isLinked":false},"typography_font_family":"Poppins"},"elements":[],"isInner":false,"widgetType":"heading","elType":"widget"},{"id":"105f35fb","settings":{"title":"Show the best listings published","header_size":"p","align":"center","title_color":"#5d6475","typography_typography":"custom","typography_font_size":{"unit":"px","size":15,"sizes":[]},"typography_font_weight":"400","typography_line_height":{"unit":"px","size":18,"sizes":[]},"typography_font_family":"Poppins"},"elements":[],"isInner":false,"widgetType":"heading","elType":"widget"},{"id":"585f696","settings":{"structure":"20","margin":{"unit":"px","top":"45","right":0,"bottom":"0","left":0,"isLinked":false},"padding_tablet":{"unit":"px","top":"0","right":"20","bottom":"0","left":"20","isLinked":false}},"elements":[{"id":"ae34381","settings":{"_column_size":50,"_inline_size":null,"padding":{"unit":"px","top":"0","right":"10","bottom":"0","left":"0","isLinked":false}},"elements":[{"id":"4c0cc6d7","settings":{"listing_id":"94","type":"type2"},"elements":[],"isInner":false,"widgetType":"Wprentals_Featured_Listing","elType":"widget"}],"isInner":true,"elType":"column"},{"id":"4d95c0bb","settings":{"_column_size":50,"_inline_size":null,"margin":{"unit":"px","top":"0","right":"0","bottom":"0","left":"0","isLinked":false},"padding":{"unit":"px","top":"0","right":"0","bottom":"0","left":"10","isLinked":false}},"elements":[{"id":"5e8a6395","settings":{"listing_id":"145","type":"type2"},"elements":[],"isInner":false,"widgetType":"Wprentals_Featured_Listing","elType":"widget"}],"isInner":true,"elType":"column"}],"isInner":true,"elType":"section"}],"isInner":false,"elType":"column"}],"isInner":false,"elType":"section"},{"id":"7377192d","settings":{"background_background":"classic","background_image":{"id":35173,"url":"https:\/\/main.wprentals.org\/wp-content\/uploads\/2019\/08\/back-1.jpg"},"background_position":"center center","background_repeat":"no-repeat","background_size":"cover","background_overlay_background":"classic","background_overlay_color":"#000000","background_overlay_opacity":{"unit":"px","size":"0.2","sizes":[]},"margin":{"unit":"px","top":"0","right":"0","bottom":"0","left":"0","isLinked":""},"padding":{"unit":"px","top":"150","right":"15","bottom":"150","left":"15","isLinked":""},"padding_tablet":{"unit":"px","top":"68","right":"15","bottom":"61","left":"15","isLinked":""},"padding_mobile":{"unit":"px","top":"42","right":"15","bottom":"40","left":"15","isLinked":""},"animation":"fadeIn","background_attachment":"fixed","stretch_section":"section-stretched"},"elements":[{"id":"27a63d4e","settings":{"_column_size":"100","space_between_widgets":"0","margin":{"unit":"px","top":"0","right":"0","bottom":"0","left":"0","isLinked":""},"padding":{"unit":"px","top":"0","right":"0","bottom":"0","left":"0","isLinked":""},"padding_tablet":{"unit":"px","top":"0","right":"20","bottom":"0","left":"20","isLinked":false}},"elements":[{"id":"5581ddd8","settings":{"title":"Book your next home","align":"center","title_color":"#ffffff","typography_typography":"custom","typography_font_size":{"unit":"px","size":60,"sizes":[]},"typography_font_weight":"500","typography_line_height":{"unit":"em","size":"0.8","sizes":[]},"_margin":{"unit":"px","top":"0","right":"0","bottom":"0","left":"0","isLinked":""},"_padding":{"unit":"px","top":"0","right":"0","bottom":"0","left":"0","isLinked":""},"header_size":"h1","typography_font_size_tablet":{"unit":"px","size":60,"sizes":[]},"typography_font_size_mobile":{"unit":"px","size":45,"sizes":[]},"_animation":"fadeInUp","_animation_delay":"400","align_mobile":"center","_margin_mobile":{"unit":"px","top":"0","right":"0","bottom":"0","left":"0","isLinked":""},"_padding_mobile":{"unit":"px","top":"0","right":"0","bottom":"0","left":"0","isLinked":""},"typography_font_family":"Poppins","typography_line_height_mobile":{"unit":"em","size":1,"sizes":[]}},"elements":[],"isInner":false,"widgetType":"heading","elType":"widget"},{"id":"5f334fd5","settings":{"title":"find available listings with one click","align":"center","title_color":"#ffffff","typography_typography":"custom","typography_font_size":{"unit":"px","size":20,"sizes":[]},"typography_font_weight":"300","typography_line_height":{"unit":"em","size":1.399999999999999911182158029987476766109466552734375,"sizes":[]},"_margin":{"unit":"px","top":"30","right":"0","bottom":"35","left":"0","isLinked":false},"_padding":{"unit":"px","top":"0","right":"0","bottom":"0","left":"0","isLinked":""},"header_size":"h1","typography_font_size_tablet":{"unit":"px","size":20,"sizes":[]},"typography_font_size_mobile":{"unit":"px","size":20,"sizes":[]},"_animation":"fadeInUp","_animation_delay":"400","align_mobile":"center","_margin_mobile":{"unit":"px","top":"0","right":"0","bottom":"0","left":"0","isLinked":""},"_padding_mobile":{"unit":"px","top":"20","right":"0","bottom":"20","left":"0","isLinked":""},"typography_font_family":"Poppins","typography_line_height_mobile":{"unit":"em","size":1.399999999999999911182158029987476766109466552734375,"sizes":[]}},"elements":[],"isInner":false,"widgetType":"heading","elType":"widget"},{"id":"5bae52be","settings":{"_margin":{"unit":"px","top":"0","right":"0","bottom":"0","left":"0","isLinked":false}},"elements":[],"isInner":false,"widgetType":"Wprentals_Advanced_Search","elType":"widget"}],"isInner":"","elType":"column"}],"isInner":"","elType":"section"},{"id":"7c97d020","settings":{"gap":"no","margin":{"unit":"px","top":"0","right":0,"bottom":"0","left":0,"isLinked":false},"animation_delay":400,"stretch_section":"section-stretched","background_background":"classic","background_color":"#ffffff","padding":{"unit":"px","top":"100","right":"0","bottom":"100","left":"0","isLinked":false},"padding_tablet":{"unit":"px","top":"60","right":"20","bottom":"60","left":"20","isLinked":false}},"elements":[{"id":"7dae0b1e","settings":{"_column_size":100},"elements":[{"id":"4e5e0acc","settings":{"title":"Trending Cities &amp; Areas","align":"center","title_color":"#484848","typography_typography":"custom","typography_font_size":{"unit":"px","size":26,"sizes":[]},"typography_font_weight":"600","typography_line_height":{"unit":"em","size":1.399999999999999911182158029987476766109466552734375,"sizes":[]},"_margin":{"unit":"px","top":"0","right":"0","bottom":"0","left":"0","isLinked":false},"typography_font_family":"Poppins"},"elements":[],"isInner":false,"widgetType":"heading","elType":"widget"},{"id":"92dda43","settings":{"title":"Find listing by city or area","header_size":"p","align":"center","title_color":"#5d6475","typography_typography":"custom","typography_font_size":{"unit":"px","size":15,"sizes":[]},"typography_font_weight":"400","typography_line_height":{"unit":"px","size":18,"sizes":[]},"_padding":{"unit":"px","top":"0","right":"0","bottom":"45","left":"0","isLinked":false}},"elements":[],"isInner":false,"widgetType":"heading","elType":"widget"},{"id":"551838df","settings":{"place_list":["1694","2008","2835","2855","2859"],"place_per_row":"4","_padding":{"unit":"px","top":"0","right":"0","bottom":"0","left":"0","isLinked":false}},"elements":[],"isInner":false,"widgetType":"Wprentals_Categories_Slider","elType":"widget"}],"isInner":false,"elType":"column"}],"isInner":false,"elType":"section"},{"id":"72637712","settings":{"gap":"no","margin":{"unit":"px","top":"0","right":0,"bottom":"0","left":0,"isLinked":false},"animation_delay":400,"background_background":"classic","padding":{"unit":"px","top":"100","right":"0","bottom":"100","left":"0","isLinked":false},"stretch_section":"section-stretched"},"elements":[{"id":"3daee45b","settings":{"_column_size":100},"elements":[{"id":"3595c557","settings":{"title":"Find Listings by Category","align":"center","title_color":"#484848","typography_typography":"custom","typography_font_size":{"unit":"px","size":26,"sizes":[]},"typography_font_weight":"600","typography_line_height":{"unit":"em","size":1.399999999999999911182158029987476766109466552734375,"sizes":[]},"_margin":{"unit":"px","top":"0","right":"0","bottom":"0","left":"0","isLinked":false},"typography_font_family":"Poppins"},"elements":[],"isInner":false,"widgetType":"heading","elType":"widget"},{"id":"6e4a2982","settings":{"title":"Find listing by category or type","header_size":"p","align":"center","title_color":"#5d6475","typography_typography":"custom","typography_font_size":{"unit":"px","size":15,"sizes":[]},"typography_font_weight":"400","typography_line_height":{"unit":"px","size":18,"sizes":[]},"_padding":{"unit":"px","top":"0","right":"0","bottom":"0","left":"0","isLinked":false},"typography_font_family":"Poppins"},"elements":[],"isInner":false,"widgetType":"heading","elType":"widget"},{"id":"30030616","settings":{"gap":"no","structure":"30","margin":{"unit":"px","top":"45","right":0,"bottom":"0","left":0,"isLinked":false},"padding":{"unit":"px","top":"0","right":"0","bottom":"0","left":"0","isLinked":false},"padding_tablet":{"unit":"px","top":"0","right":"20","bottom":"0","left":"20","isLinked":false}},"elements":[{"id":"41db6fca","settings":{"_column_size":33,"_inline_size":null,"padding":{"unit":"px","top":"0","right":"10","bottom":"0","left":"0","isLinked":false},"margin_mobile":{"unit":"px","top":"0","right":"0","bottom":"0","left":"0","isLinked":true},"padding_mobile":{"unit":"px","top":"0","right":"0","bottom":"0","left":"0","isLinked":false}},"elements":[{"id":"50c025a1","settings":{"place_id":"5","type":"type1","places_label":"great listing","_margin_mobile":{"unit":"px","top":"0","right":"0","bottom":"0","left":"0","isLinked":false},"_padding_mobile":{"unit":"px","top":"0","right":"0","bottom":"0","left":"0","isLinked":false}},"elements":[],"isInner":false,"widgetType":"WpRentals_Featured_Place","elType":"widget"}],"isInner":true,"elType":"column"},{"id":"23f15a72","settings":{"_column_size":33,"_inline_size":null,"padding":{"unit":"px","top":"0","right":"10","bottom":"0","left":"10","isLinked":false},"padding_mobile":{"unit":"px","top":"0","right":"0","bottom":"0","left":"0","isLinked":false}},"elements":[{"id":"6b5ca970","settings":{"place_id":"9","type":"type1","places_label":"great listing"},"elements":[],"isInner":false,"widgetType":"WpRentals_Featured_Place","elType":"widget"}],"isInner":true,"elType":"column"},{"id":"27e056b0","settings":{"_column_size":33,"_inline_size":null,"padding":{"unit":"px","top":"0","right":"0","bottom":"0","left":"10","isLinked":false},"padding_mobile":{"unit":"px","top":"0","right":"0","bottom":"0","left":"0","isLinked":false}},"elements":[{"id":"743763ef","settings":{"place_id":"8","type":"type1","places_label":"great listing"},"elements":[],"isInner":false,"widgetType":"WpRentals_Featured_Place","elType":"widget"}],"isInner":true,"elType":"column"}],"isInner":true,"elType":"section"},{"id":"2c6c9413","settings":{"gap":"no","structure":"30","margin":{"unit":"px","top":"20","right":0,"bottom":"0","left":0,"isLinked":false},"padding":{"unit":"px","top":"0","right":"0","bottom":"0","left":"0","isLinked":false},"padding_tablet":{"unit":"px","top":"0","right":"20","bottom":"0","left":"20","isLinked":false}},"elements":[{"id":"4fe362e0","settings":{"_column_size":33,"_inline_size":null,"padding":{"unit":"px","top":"0","right":"10","bottom":"0","left":"0","isLinked":false},"padding_mobile":{"unit":"px","top":"0","right":"0","bottom":"0","left":"0","isLinked":false}},"elements":[{"id":"82dc04f","settings":{"place_id":"11","type":"type1","places_label":"great listing"},"elements":[],"isInner":false,"widgetType":"WpRentals_Featured_Place","elType":"widget"}],"isInner":true,"elType":"column"},{"id":"cc479d2","settings":{"_column_size":33,"_inline_size":null,"padding":{"unit":"px","top":"0","right":"10","bottom":"0","left":"10","isLinked":false},"padding_mobile":{"unit":"px","top":"0","right":"0","bottom":"0","left":"0","isLinked":false}},"elements":[{"id":"2c035d81","settings":{"place_id":"10","type":"type1","places_label":"great listing"},"elements":[],"isInner":false,"widgetType":"WpRentals_Featured_Place","elType":"widget"}],"isInner":true,"elType":"column"},{"id":"37cec3cc","settings":{"_column_size":33,"_inline_size":null,"padding":{"unit":"px","top":"0","right":"0","bottom":"0","left":"10","isLinked":false},"padding_mobile":{"unit":"px","top":"0","right":"0","bottom":"0","left":"0","isLinked":false}},"elements":[{"id":"53a8c30e","settings":{"place_id":"6","type":"type1","places_label":"great listing"},"elements":[],"isInner":false,"widgetType":"WpRentals_Featured_Place","elType":"widget"}],"isInner":true,"elType":"column"}],"isInner":true,"elType":"section"}],"isInner":false,"elType":"column"}],"isInner":false,"elType":"section"},{"id":"39909b7","settings":{"gap":"no","margin":{"unit":"px","top":"0","right":0,"bottom":"0","left":0,"isLinked":false},"background_background":"classic","padding":{"unit":"px","top":"45","right":"500","bottom":"150","left":"45","isLinked":false},"background_image":{"id":"35020","url":"https:\/\/main.wprentals.org\/wp-content\/uploads\/2019\/08\/back3-e1564576960654.jpg"},"background_position":"center left","background_overlay_background":"classic","background_overlay_color":"#484848","background_overlay_opacity":{"unit":"px","size":0.40000000000000002220446049250313080847263336181640625,"sizes":[]},"css_filters_css_filter":"custom","padding_mobile":{"unit":"px","top":"30","right":"30","bottom":"30","left":"30","isLinked":false},"padding_tablet":{"unit":"px","top":"45","right":"45","bottom":"90","left":"45","isLinked":false}},"elements":[{"id":"1e2b65d5","settings":{"_column_size":100,"_inline_size":null,"_inline_size_tablet":80},"elements":[{"id":"7d08a006","settings":{"title":"Earn up to<b> $1,000<\/b> \/month hosting your home in with us","align":"left","title_color":"#ffffff","typography_typography":"custom","typography_font_size":{"unit":"px","size":38,"sizes":[]},"typography_font_weight":"400","typography_line_height":{"unit":"em","size":1.399999999999999911182158029987476766109466552734375,"sizes":[]},"_margin":{"unit":"px","top":"0","right":"0","bottom":"0","left":"0","isLinked":false},"typography_font_family":"Poppins","typography_font_size_mobile":{"unit":"px","size":24,"sizes":[]}},"elements":[],"isInner":false,"widgetType":"heading","elType":"widget"},{"id":"7b3317bb","settings":{"text":"List your space","size":"md","typography_typography":"custom","typography_font_family":"Poppins","button_text_color":"#484848","background_color":"#ffffff","_margin":{"unit":"px","top":"20","right":"0","bottom":"0","left":"0","isLinked":false}},"elements":[],"isInner":false,"widgetType":"button","elType":"widget"}],"isInner":false,"elType":"column"}],"isInner":false,"elType":"section"},{"id":"4a3e7455","settings":{"gap":"no","margin":{"unit":"px","top":"100","right":0,"bottom":"100","left":0,"isLinked":true},"animation_delay":400},"elements":[{"id":"7b4187b2","settings":{"_column_size":100},"elements":[{"id":"153aedd8","settings":{"title":"News &amp; tips about how it works","align":"center","title_color":"#484848","typography_typography":"custom","typography_font_size":{"unit":"px","size":28,"sizes":[]},"typography_font_weight":"600","typography_line_height":{"unit":"em","size":1.399999999999999911182158029987476766109466552734375,"sizes":[]},"_margin":{"unit":"px","top":"0","right":"0","bottom":"0","left":"0","isLinked":false},"typography_font_family":"Poppins"},"elements":[],"isInner":false,"widgetType":"heading","elType":"widget"},{"id":"6958eab3","settings":{"title":"How to travel on a budget around the world ","header_size":"p","align":"center","title_color":"#5d6475","typography_typography":"custom","typography_font_size":{"unit":"px","size":15,"sizes":[]},"typography_font_weight":"400","typography_line_height":{"unit":"px","size":18,"sizes":[]},"typography_font_family":"Poppins"},"elements":[],"isInner":false,"widgetType":"heading","elType":"widget"},{"id":"76af39a6","settings":{"type":"articles","number":3,"rownumber":3,"_margin":{"unit":"px","top":"45","right":"0","bottom":"0","left":"0","isLinked":false}},"elements":[],"isInner":false,"widgetType":"Wprentals_Recent_Items","elType":"widget"}],"isInner":false,"elType":"column"}],"isInner":false,"elType":"section"},{"id":"78fc5bf6","settings":{"background_background":"classic","background_image":{"id":35174,"url":"https:\/\/main.wprentals.org\/wp-content\/uploads\/2019\/08\/background-1-e1564407087591.jpg"},"background_position":"center center","background_repeat":"no-repeat","background_size":"cover","background_overlay_background":"classic","background_overlay_color":"#000000","background_overlay_opacity":{"unit":"px","size":"0.06","sizes":[]},"margin":{"unit":"px","top":"0","right":"0","bottom":"0","left":"0","isLinked":""},"margin_mobile":{"unit":"px","top":"0","right":"0","bottom":"0","left":"0","isLinked":""},"padding":{"unit":"px","top":"20","right":"15","bottom":"20","left":"15","isLinked":""},"padding_tablet":{"unit":"px","top":"66","right":"15","bottom":"80","left":"15","isLinked":""},"padding_mobile":{"unit":"px","top":"45","right":"15","bottom":"50","left":"15","isLinked":""},"animation":"fadeIn","height":"min-height","custom_height":{"unit":"vh","size":"66","sizes":[]},"stretch_section":"section-stretched","background_attachment":"fixed"},"elements":[{"id":"79ee69b5","settings":{"_column_size":"100","space_between_widgets":"0","margin":{"unit":"px","top":"0","right":"0","bottom":"0","left":"0","isLinked":""},"padding":{"unit":"px","top":"0","right":"0","bottom":"0","left":"0","isLinked":""}},"elements":[{"id":"4c29b8fd","settings":{"content_width":{"unit":"px","size":"1170","sizes":[]},"margin":{"unit":"px","top":"0","right":"0","bottom":"0","left":"0","isLinked":""},"padding":{"unit":"px","top":"0","right":"100","bottom":"0","left":"100","isLinked":""},"padding_tablet":{"unit":"px","top":"0","right":"0","bottom":"0","left":"0","isLinked":""},"padding_mobile":{"unit":"px","top":"0","right":"0","bottom":"0","left":"0","isLinked":""}},"elements":[{"id":"6e947748","settings":{"_column_size":"100","space_between_widgets":"0","margin":{"unit":"px","top":"0","right":"0","bottom":"0","left":"0","isLinked":""},"padding":{"unit":"px","top":"0","right":"0","bottom":"0","left":"0","isLinked":""},"margin_mobile":{"unit":"px","top":"0","right":"0","bottom":"0","left":"0","isLinked":""},"padding_mobile":{"unit":"px","top":"0","right":"0","bottom":"0","left":"0","isLinked":""}},"elements":[{"id":"4a360ebd","settings":{"title":"Book. Travel. Have Fun.","title_color":"#ffffff","typography_typography":"custom","typography_font_family":"Poppins","typography_font_size":{"unit":"px","size":60,"sizes":[]},"typography_font_weight":"600","typography_line_height":{"unit":"em","size":1,"sizes":[]},"typography_letter_spacing":{"unit":"px","size":0,"sizes":[]},"_margin":{"unit":"px","top":"0","right":"0","bottom":"0","left":"0","isLinked":""},"_padding":{"unit":"px","top":"0","right":"0","bottom":"0","left":"0","isLinked":""},"typography_font_size_tablet":{"unit":"px","size":60,"sizes":[]},"typography_font_size_mobile":{"unit":"px","size":35,"sizes":[]},"_animation":"fadeInUp","_animation_delay":"400","align_mobile":"center","_margin_mobile":{"unit":"px","top":"0","right":"0","bottom":"0","left":"0","isLinked":""},"align":"center","_padding_mobile":{"unit":"px","top":"0","right":"0","bottom":"0","left":"0","isLinked":""}},"elements":[],"isInner":false,"widgetType":"heading","elType":"widget"},{"id":"61d8d625","settings":{"title":"subscribe for the latest travel news","align":"center","title_color":"#ffffff","typography_typography":"custom","typography_font_family":"Poppins","typography_font_size":{"unit":"px","size":20,"sizes":[]},"typography_font_size_mobile":{"unit":"px","size":20,"sizes":[]},"typography_font_weight":"300","typography_line_height":{"unit":"em","size":"1.4","sizes":[]},"typography_line_height_tablet":{"unit":"em","size":"1.2","sizes":[]},"_margin":{"unit":"px","top":"0","right":"0","bottom":"0","left":"0","isLinked":""},"_padding":{"unit":"px","top":"15","right":"0","bottom":"0","left":"0","isLinked":""},"header_size":"h3","_padding_tablet":{"unit":"px","top":"26","right":"0","bottom":"0","left":"0","isLinked":""},"_animation":"fadeInUp","_animation_delay":"500","align_mobile":"center","_margin_tablet":{"unit":"px","top":"0","right":"0","bottom":"0","left":"0","isLinked":""},"_margin_mobile":{"unit":"px","top":"0","right":"0","bottom":"0","left":"0","isLinked":""},"_padding_mobile":{"unit":"px","top":"23","right":"0","bottom":"0","left":"0","isLinked":""}},"elements":[],"isInner":false,"widgetType":"heading","elType":"widget"}],"isInner":"1","elType":"column"}],"isInner":"1","elType":"section"},{"id":"29be6f85","settings":{"structure":"30","margin":{"unit":"px","top":"45","right":0,"bottom":"0","left":0,"isLinked":false}},"elements":[{"id":"74e684ce","settings":{"_column_size":33,"_inline_size":20},"elements":[],"isInner":true,"elType":"column"},{"id":"60afa287","settings":{"_column_size":33,"_inline_size":59.99900000000000233058017329312860965728759765625},"elements":[{"id":"6127d630","settings":{"shortcode":"[mc4wp_form id=\"22123\"]"},"elements":[],"isInner":false,"widgetType":"shortcode","elType":"widget"}],"isInner":true,"elType":"column"},{"id":"39deb4fe","settings":{"_column_size":33,"_inline_size":20},"elements":[],"isInner":true,"elType":"column"}],"isInner":true,"elType":"section"}],"isInner":"","elType":"column"}],"isInner":"","elType":"section"}]}