{"version":"0.4","title":"Homepage V3 Elementor","type":"page","content":[{"id":"5797f6c8","settings":{"margin":{"unit":"px","top":"30","right":0,"bottom":"30","left":0,"isLinked":false}},"elements":[{"id":"59a9ac3b","settings":{"_column_size":100},"elements":[{"id":"4ebf76e8","settings":{"title":"Recommended homes","align":"center","title_color":"#484848","typography_typography":"custom","typography_font_size":{"unit":"px","size":30,"sizes":[]},"typography_line_height":{"unit":"em","size":1,"sizes":[]},"typography_font_family":"Poppins","typography_font_weight":"600"},"elements":[],"isInner":false,"widgetType":"heading","elType":"widget"},{"id":"15aafaa1","settings":{"title":"Find your property and book now","header_size":"p","align":"center","title_color":"#5d6475","typography_typography":"custom","typography_font_size":{"unit":"px","size":16,"sizes":[]},"typography_font_weight":"400","typography_line_height":{"unit":"px","size":18,"sizes":[]},"typography_font_family":"Poppins"},"elements":[],"isInner":false,"widgetType":"heading","elType":"widget"},{"id":"4577d4d0","settings":{"category_ids":[],"number":"4","show_featured_only":"yes","autoscroll":"0","_margin":{"unit":"px","top":"0","right":"0","bottom":"0","left":"0","isLinked":false}},"elements":[],"isInner":false,"widgetType":"Wprentals_Recent_Items_Slider","elType":"widget"}],"isInner":false,"elType":"column"}],"isInner":false,"elType":"section"},{"id":"175ab37a","settings":{"stretch_section":"section-stretched","background_background":"classic","background_color":"#ffffff","padding":{"unit":"px","top":"60","right":"0","bottom":"60","left":"0","isLinked":false}},"elements":[{"id":"69d3c12e","settings":{"_column_size":100},"elements":[{"id":"7dfa94b4","settings":{"title":"Explore your dream city","align":"center","title_color":"#484848","typography_typography":"custom","typography_font_size":{"unit":"px","size":30,"sizes":[]},"typography_line_height":{"unit":"em","size":1,"sizes":[]},"typography_font_family":"Poppins","typography_font_weight":"600"},"elements":[],"isInner":false,"widgetType":"heading","elType":"widget"},{"id":"140fc669","settings":{"title":"Find your property and book now","header_size":"p","align":"center","title_color":"#5d6475","typography_typography":"custom","typography_font_size":{"unit":"px","size":16,"sizes":[]},"typography_font_weight":"400","typography_line_height":{"unit":"px","size":18,"sizes":[]},"typography_font_family":"Poppins"},"elements":[],"isInner":false,"widgetType":"heading","elType":"widget"},{"id":"2234f3ea","settings":{"structure":"30","margin":{"unit":"px","top":"20","right":0,"bottom":"0","left":0,"isLinked":false}},"elements":[{"id":"29fab71f","settings":{"_column_size":33,"_inline_size":null},"elements":[{"id":"59d8d54","settings":{"place_id":"8","type":"type2","_margin":{"unit":"px","top":"0","right":"0","bottom":"10","left":"0","isLinked":false},"_padding":{"unit":"px","top":"0","right":"0","bottom":"0","left":"0","isLinked":false}},"elements":[],"isInner":false,"widgetType":"WpRentals_Featured_Place","elType":"widget"}],"isInner":true,"elType":"column"},{"id":"601d17e6","settings":{"_column_size":33,"_inline_size":null},"elements":[{"id":"2596f9a","settings":{"place_id":"9","type":"type2"},"elements":[],"isInner":false,"widgetType":"WpRentals_Featured_Place","elType":"widget"}],"isInner":true,"elType":"column"},{"id":"621a588b","settings":{"_column_size":33,"_inline_size":null},"elements":[{"id":"79203bc3","settings":{"place_id":"11","type":"type2"},"elements":[],"isInner":false,"widgetType":"WpRentals_Featured_Place","elType":"widget"}],"isInner":true,"elType":"column"}],"isInner":true,"elType":"section"},{"id":"1ef9e15a","settings":{"structure":"30","margin":{"unit":"px","top":"0","right":0,"bottom":"0","left":0,"isLinked":false}},"elements":[{"id":"41171081","settings":{"_column_size":33,"_inline_size":null},"elements":[{"id":"167c1f3","settings":{"place_id":"7","type":"type2"},"elements":[],"isInner":false,"widgetType":"WpRentals_Featured_Place","elType":"widget"}],"isInner":true,"elType":"column"},{"id":"3d7e8792","settings":{"_column_size":33,"_inline_size":null},"elements":[{"id":"7f946cbb","settings":{"place_id":"5","type":"type2"},"elements":[],"isInner":false,"widgetType":"WpRentals_Featured_Place","elType":"widget"}],"isInner":true,"elType":"column"},{"id":"66017329","settings":{"_column_size":33,"_inline_size":null},"elements":[{"id":"6228b2ad","settings":{"place_id":"6","type":"type2"},"elements":[],"isInner":false,"widgetType":"WpRentals_Featured_Place","elType":"widget"}],"isInner":true,"elType":"column"}],"isInner":true,"elType":"section"}],"isInner":false,"elType":"column"}],"isInner":false,"elType":"section"},{"id":"7f876fa","settings":{"stretch_section":"section-stretched","background_background":"classic","background_image":{"id":35162,"url":"https:\/\/main.wprentals.org\/wp-content\/uploads\/2019\/08\/71_resized.jpg"},"background_position":"center center","background_attachment":"fixed","padding":{"unit":"px","top":"150","right":"0","bottom":"150","left":"0","isLinked":false}},"elements":[{"id":"31e6b60e","settings":{"_column_size":100},"elements":[{"id":"43088e2","settings":{"title":"List Your Space","align":"center","title_color":"#484848","typography_typography":"custom","typography_font_size":{"unit":"px","size":65,"sizes":[]},"typography_line_height":{"unit":"em","size":1,"sizes":[]},"typography_font_family":"Poppins","typography_font_weight":"600","_animation":"fadeInUp","_animation_delay":200},"elements":[],"isInner":false,"widgetType":"heading","elType":"widget"},{"id":"5dbc3e2","settings":{"title":"We\u2019ll be with you every step of the way.","align":"center","title_color":"#5d6475","typography_typography":"custom","typography_font_size":{"unit":"px","size":16,"sizes":[]},"typography_line_height":{"unit":"em","size":2,"sizes":[]},"typography_font_family":"Poppins","typography_font_weight":"400","_animation":"fadeInUp","_animation_delay":200},"elements":[],"isInner":false,"widgetType":"heading","elType":"widget"},{"id":"7ad13543","settings":{"text":"List your space","align":"center","size":"md","typography_typography":"custom","typography_font_family":"Poppins","background_color":"#b881fc","border_radius":{"unit":"px","top":"45","right":"45","bottom":"45","left":"45","isLinked":true},"_margin":{"unit":"px","top":"30","right":"0","bottom":"0","left":"0","isLinked":false},"_padding":{"unit":"px","top":"0","right":"0","bottom":"0","left":"0","isLinked":false},"_animation":"fadeInUp","_animation_delay":200},"elements":[],"isInner":false,"widgetType":"button","elType":"widget"}],"isInner":false,"elType":"column"}],"isInner":false,"elType":"section"},{"id":"2febcf68","settings":{"margin":{"unit":"px","top":"90","right":0,"bottom":"30","left":0,"isLinked":false}},"elements":[{"id":"446cd6d2","settings":{"_column_size":100},"elements":[{"id":"49506595","settings":{"title":"Explore where to go","align":"center","title_color":"#333333","typography_typography":"custom","typography_font_size":{"unit":"px","size":30,"sizes":[]},"typography_line_height":{"unit":"em","size":1,"sizes":[]},"typography_font_family":"Poppins"},"elements":[],"isInner":false,"widgetType":"heading","elType":"widget"},{"id":"4dba616f","settings":{"title":"The best deals are here","header_size":"p","align":"center","title_color":"#5d6475","typography_typography":"custom","typography_font_size":{"unit":"px","size":16,"sizes":[]},"typography_font_weight":"400","typography_line_height":{"unit":"px","size":18,"sizes":[]},"typography_font_family":"Poppins"},"elements":[],"isInner":false,"widgetType":"heading","elType":"widget"}],"isInner":false,"elType":"column"}],"isInner":false,"elType":"section"},{"id":"4665d07f","settings":[],"elements":[{"id":"103f747","settings":{"_column_size":100},"elements":[{"id":"75aa8baf","settings":{"number":"6","rownumber":"3"},"elements":[],"isInner":false,"widgetType":"Wprentals_Recent_Items","elType":"widget"}],"isInner":false,"elType":"column"}],"isInner":false,"elType":"section"},{"id":"4d9df55f","settings":{"stretch_section":"section-stretched","layout":"full_width","gap":"no","margin":{"unit":"px","top":"70","right":0,"bottom":"70","left":0,"isLinked":true}},"elements":[{"id":"68450711","settings":{"_column_size":100},"elements":[{"id":"6e80455c","settings":{"article_id":"220","type":"type3"},"elements":[],"isInner":false,"widgetType":"Wprentals_Featured_Article","elType":"widget"}],"isInner":false,"elType":"column"}],"isInner":false,"elType":"section"},{"id":"42068eab","settings":{"margin":{"unit":"px","top":"90","right":0,"bottom":"30","left":0,"isLinked":false}},"elements":[{"id":"46b905ea","settings":{"_column_size":100},"elements":[{"id":"58249769","settings":{"title":"Daily News and Tips","align":"center","title_color":"#333333","typography_typography":"custom","typography_font_size":{"unit":"px","size":30,"sizes":[]},"typography_line_height":{"unit":"em","size":1,"sizes":[]},"typography_font_family":"Poppins"},"elements":[],"isInner":false,"widgetType":"heading","elType":"widget"},{"id":"1f3e327f","settings":{"title":"The most detailed blog posts","header_size":"p","align":"center","title_color":"#5d6475","typography_typography":"custom","typography_font_size":{"unit":"px","size":16,"sizes":[]},"typography_font_weight":"400","typography_line_height":{"unit":"px","size":18,"sizes":[]},"typography_font_family":"Poppins"},"elements":[],"isInner":false,"widgetType":"heading","elType":"widget"}],"isInner":false,"elType":"column"}],"isInner":false,"elType":"section"},{"id":"60fbe847","settings":[],"elements":[{"id":"43fab74d","settings":{"_column_size":100},"elements":[{"id":"381a6ed6","settings":{"number":"6","rownumber":3,"type":"articles"},"elements":[],"isInner":false,"widgetType":"Wprentals_Recent_Items","elType":"widget"}],"isInner":false,"elType":"column"}],"isInner":false,"elType":"section"}]}