{"version":"0.4","title":"Homepage Elementor V1","type":"page","content":[{"id":"3dd6632d","settings":{"gap":"no","margin":{"unit":"px","top":"0","right":0,"bottom":"0","left":0,"isLinked":false},"stretch_section":"section-stretched","background_background":"classic","background_color":"#ffffff","padding":{"unit":"px","top":"90","right":"0","bottom":"90","left":"0","isLinked":false},"padding_tablet":{"unit":"px","top":"60","right":"20","bottom":"60","left":"20","isLinked":false}},"elements":[{"id":"60fd43ae","settings":{"_column_size":100},"elements":[{"id":"6737c707","settings":{"title":"Featured listings to rent","align":"left","title_color":"#484848","typography_typography":"custom","typography_font_size":{"unit":"px","size":26,"sizes":[]},"typography_font_weight":"600","typography_line_height":{"unit":"px","size":28,"sizes":[]},"_margin":{"unit":"px","top":"0","right":"0","bottom":"0","left":"0","isLinked":false},"typography_font_family":"Poppins","align_mobile":"center"},"elements":[],"isInner":false,"widgetType":"heading","elType":"widget"},{"id":"38197ed8","settings":{"title":"The most trendy accommodations available\u200b","header_size":"p","align":"left","title_color":"#5d6475","typography_typography":"custom","typography_font_size":{"unit":"px","size":15,"sizes":[]},"typography_font_weight":"400","typography_font_family":"Poppins","typography_letter_spacing":{"unit":"px","size":0.5,"sizes":[]},"align_mobile":"center"},"elements":[],"isInner":false,"widgetType":"heading","elType":"widget"},{"id":"56a454c2","settings":{"number":"6","rownumber":3,"_margin":{"unit":"px","top":"20","right":"0","bottom":"0","left":"0","isLinked":false}},"elements":[],"isInner":false,"widgetType":"Wprentals_Recent_Items","elType":"widget"}],"isInner":false,"elType":"column"}],"isInner":false,"elType":"section"},{"id":"5eb066e1","settings":{"gap":"no","margin":{"unit":"px","top":"0","right":0,"bottom":"0","left":0,"isLinked":false},"stretch_section":"section-stretched","padding":{"unit":"px","top":"90","right":"0","bottom":"90","left":"0","isLinked":false},"padding_tablet":{"unit":"px","top":"60","right":"20","bottom":"60","left":"20","isLinked":false},"background_background":"gradient","background_color":"#f6f5f4","background_color_b":"#f8f7f6","background_color_stop":{"unit":"%","size":63,"sizes":[]}},"elements":[{"id":"28092245","settings":{"_column_size":100},"elements":[{"id":"66c2f1cf","settings":{"title":"Best places to visit","align":"left","title_color":"#484848","typography_typography":"custom","typography_font_size":{"unit":"px","size":26,"sizes":[]},"typography_font_weight":"600","typography_line_height":{"unit":"px","size":28,"sizes":[]},"_margin":{"unit":"px","top":"0","right":"0","bottom":"0","left":"0","isLinked":false},"typography_font_family":"Poppins","align_mobile":"center"},"elements":[],"isInner":false,"widgetType":"heading","elType":"widget"},{"id":"397eddfd","settings":{"title":"The most trendy cities and areas in the world","header_size":"p","align":"left","title_color":"#5d6475","typography_typography":"custom","typography_font_size":{"unit":"px","size":15,"sizes":[]},"typography_font_weight":"400","typography_line_height":{"unit":"em","size":1.399999999999999911182158029987476766109466552734375,"sizes":[]},"typography_font_family":"Poppins","typography_letter_spacing":{"unit":"px","size":0.5,"sizes":[]},"align_mobile":"center"},"elements":[],"isInner":false,"widgetType":"heading","elType":"widget"},{"id":"720e6463","settings":{"place_list":["1694","2008","2835","2855","2859"],"place_per_row":"4","_margin":{"unit":"px","top":"20","right":"0","bottom":"0","left":"0","isLinked":false}},"elements":[],"isInner":false,"widgetType":"Wprentals_Categories_Slider","elType":"widget"}],"isInner":false,"elType":"column"}],"isInner":false,"elType":"section"},{"id":"7bb07f5f","settings":{"stretch_section":"section-stretched","gap":"no","background_background":"classic","background_color":"#ffffff","padding":{"unit":"px","top":"60","right":"0","bottom":"60","left":"0","isLinked":false},"padding_tablet":{"unit":"px","top":"60","right":"0","bottom":"60","left":"0","isLinked":false}},"elements":[{"id":"d8ad4cf","settings":{"_column_size":100},"elements":[{"id":"33477b73","settings":{"gap":"no","structure":"20","background_background":"classic","background_image":{"id":35020,"url":"https:\/\/main.wprentals.org\/wp-content\/uploads\/2019\/08\/back3-e1564576960654.jpg"},"background_position":"center center","background_overlay_background":"classic","background_overlay_color":"#484848","background_overlay_opacity":{"unit":"px","size":0.40000000000000002220446049250313080847263336181640625,"sizes":[]},"overlay_blend_mode":"luminosity","padding":{"unit":"px","top":"90","right":"0","bottom":"150","left":"45","isLinked":false},"padding_mobile":{"unit":"px","top":"30","right":"30","bottom":"30","left":"30","isLinked":true}},"elements":[{"id":"462f92cb","settings":{"_column_size":50,"_inline_size":null,"padding_mobile":{"unit":"px","top":"0","right":"4","bottom":"0","left":"0","isLinked":false}},"elements":[{"id":"6ed1535c","settings":{"title":"Earn up to<b> $1,000<\/b> \/month hosting your home in with us","align":"left","title_color":"#ffffff","typography_typography":"custom","typography_font_size":{"unit":"px","size":38,"sizes":[]},"typography_font_weight":"400","typography_line_height":{"unit":"em","size":1.399999999999999911182158029987476766109466552734375,"sizes":[]},"_margin":{"unit":"px","top":"0","right":"0","bottom":"0","left":"0","isLinked":false},"typography_font_family":"Poppins","typography_font_size_mobile":{"unit":"px","size":25,"sizes":[]}},"elements":[],"isInner":false,"widgetType":"heading","elType":"widget"},{"id":"51b086c1","settings":{"text":"List your space","size":"md","typography_typography":"custom","typography_font_family":"Poppins","button_text_color":"#484848","background_color":"#ffffff","_margin":{"unit":"px","top":"20","right":"0","bottom":"0","left":"0","isLinked":false},"hover_color":"#ffffff","button_background_hover_color":"#b881fd","typography_letter_spacing":{"unit":"px","size":0.5,"sizes":[]}},"elements":[],"isInner":false,"widgetType":"button","elType":"widget"}],"isInner":true,"elType":"column"},{"id":"5b486c10","settings":{"_column_size":50,"_inline_size":null},"elements":[],"isInner":true,"elType":"column"}],"isInner":true,"elType":"section"}],"isInner":false,"elType":"column"}],"isInner":false,"elType":"section"},{"id":"12c98cd2","settings":{"gap":"no","margin":{"unit":"px","top":"0","right":0,"bottom":"0","left":0,"isLinked":false},"stretch_section":"section-stretched","background_background":"classic","background_color":"#ffffff","padding":{"unit":"px","top":"30","right":"0","bottom":"90","left":"0","isLinked":false},"padding_tablet":{"unit":"px","top":"0","right":"20","bottom":"60","left":"20","isLinked":false}},"elements":[{"id":"7c3052d1","settings":{"_column_size":100},"elements":[{"id":"7deafd3d","settings":{"title":"Featured properties","align":"left","title_color":"#484848","typography_typography":"custom","typography_font_size":{"unit":"px","size":26,"sizes":[]},"typography_font_weight":"600","typography_line_height":{"unit":"px","size":28,"sizes":[]},"_margin":{"unit":"px","top":"0","right":"0","bottom":"0","left":"0","isLinked":false},"typography_font_family":"Poppins","align_mobile":"center"},"elements":[],"isInner":false,"widgetType":"heading","elType":"widget"},{"id":"46ec88b8","settings":{"title":"The most trendy listings on our website","header_size":"p","align":"left","title_color":"#5d6475","typography_typography":"custom","typography_font_size":{"unit":"px","size":15,"sizes":[]},"typography_font_weight":"400","typography_line_height":{"unit":"em","size":1.399999999999999911182158029987476766109466552734375,"sizes":[]},"typography_font_family":"Poppins","typography_letter_spacing":{"unit":"px","size":0.5,"sizes":[]},"align_mobile":"center"},"elements":[],"isInner":false,"widgetType":"heading","elType":"widget"},{"id":"55c86e4c","settings":{"gap":"no","structure":"20","margin":{"unit":"px","top":"20","right":0,"bottom":"0","left":0,"isLinked":false}},"elements":[{"id":"41b4b64e","settings":{"_column_size":50,"_inline_size":48,"padding":{"unit":"px","top":"0","right":"10","bottom":"0","left":"0","isLinked":false},"_inline_size_tablet":100,"padding_tablet":{"unit":"px","top":"0","right":"0","bottom":"0","left":"0","isLinked":false}},"elements":[{"id":"4ce83ff1","settings":{"listing_id":"133"},"elements":[],"isInner":false,"widgetType":"Wprentals_Featured_Listing","elType":"widget"}],"isInner":true,"elType":"column"},{"id":"314c7038","settings":{"_column_size":50,"_inline_size":52,"margin":{"unit":"px","top":"0","right":"0","bottom":"0","left":"0","isLinked":false},"padding":{"unit":"px","top":"0","right":"0","bottom":"0","left":"10","isLinked":false},"_inline_size_tablet":100,"padding_tablet":{"unit":"px","top":"10","right":"0","bottom":"0","left":"0","isLinked":false}},"elements":[{"id":"5513f110","settings":{"listing_id":"124"},"elements":[],"isInner":false,"widgetType":"Wprentals_Featured_Listing","elType":"widget"}],"isInner":true,"elType":"column"}],"isInner":true,"elType":"section"}],"isInner":false,"elType":"column"}],"isInner":false,"elType":"section"},{"id":"6198385f","settings":{"stretch_section":"section-stretched","layout":"full_width","gap":"no","margin":{"unit":"px","top":"0","right":0,"bottom":"0","left":0,"isLinked":true},"padding":{"unit":"px","top":"0","right":"0","bottom":"0","left":"0","isLinked":true}},"elements":[{"id":"7faff17f","settings":{"_column_size":100},"elements":[{"id":"674a2403","settings":{"listing_id":"137","type":"type3"},"elements":[],"isInner":false,"widgetType":"Wprentals_Featured_Listing","elType":"widget"}],"isInner":false,"elType":"column"}],"isInner":false,"elType":"section"},{"id":"bb29f61","settings":{"gap":"no","margin":{"unit":"px","top":"0","right":0,"bottom":"0","left":0,"isLinked":true},"padding":{"unit":"px","top":"90","right":"0","bottom":"90","left":"0","isLinked":false},"padding_tablet":{"unit":"px","top":"60","right":"20","bottom":"60","left":"20","isLinked":false},"stretch_section":"section-stretched","background_background":"classic","background_color":"#ffffff","background_color_b":"#ffffff","background_gradient_angle":{"unit":"deg","size":67,"sizes":[]}},"elements":[{"id":"7afe1361","settings":{"_column_size":100},"elements":[{"id":"7a258a4c","settings":{"title":"Best places to rent ","align":"left","title_color":"#484848","typography_typography":"custom","typography_font_size":{"unit":"px","size":26,"sizes":[]},"typography_font_weight":"600","typography_line_height":{"unit":"px","size":28,"sizes":[]},"_margin":{"unit":"px","top":"0","right":"0","bottom":"0","left":"0","isLinked":false},"typography_font_family":"Poppins","align_mobile":"center"},"elements":[],"isInner":false,"widgetType":"heading","elType":"widget"},{"id":"7d418168","settings":{"title":"How to travel on a budget around the world ","header_size":"p","align":"left","title_color":"#5d6475","typography_typography":"custom","typography_font_size":{"unit":"px","size":15,"sizes":[]},"typography_font_weight":"400","typography_font_family":"Poppins","typography_letter_spacing":{"unit":"px","size":0.5,"sizes":[]},"align_mobile":"center"},"elements":[],"isInner":false,"widgetType":"heading","elType":"widget"},{"id":"1b9a4bb","settings":{"gap":"narrow","structure":"40","margin":{"unit":"px","top":"20","right":0,"bottom":"0","left":0,"isLinked":false}},"elements":[{"id":"49a16146","settings":{"_column_size":25,"_inline_size":null,"_inline_size_tablet":50},"elements":[{"id":"70847561","settings":{"place_id":"4","type":"type3","places_label":"great views"},"elements":[],"isInner":false,"widgetType":"WpRentals_Featured_Place","elType":"widget"}],"isInner":true,"elType":"column"},{"id":"172741a7","settings":{"_column_size":25,"_inline_size":null,"_inline_size_tablet":50},"elements":[{"id":"61cbb7f9","settings":{"place_id":"5","type":"type3","places_label":"best places"},"elements":[],"isInner":false,"widgetType":"WpRentals_Featured_Place","elType":"widget"}],"isInner":true,"elType":"column"},{"id":"4def789a","settings":{"_column_size":25,"_inline_size":null,"_inline_size_tablet":50},"elements":[{"id":"1686ed9b","settings":{"place_id":"7","type":"type3","places_label":"best places"},"elements":[],"isInner":false,"widgetType":"WpRentals_Featured_Place","elType":"widget"}],"isInner":true,"elType":"column"},{"id":"52c5124a","settings":{"_column_size":25,"_inline_size":null,"_inline_size_tablet":50},"elements":[{"id":"4d63a754","settings":{"place_id":"8","type":"type3","places_label":"best places"},"elements":[],"isInner":false,"widgetType":"WpRentals_Featured_Place","elType":"widget"}],"isInner":true,"elType":"column"}],"isInner":true,"elType":"section"}],"isInner":false,"elType":"column"}],"isInner":false,"elType":"section"},{"id":"1946e64e","settings":{"gap":"no","margin":{"unit":"px","top":"0","right":0,"bottom":"0","left":0,"isLinked":true},"padding":{"unit":"px","top":"90","right":"0","bottom":"90","left":"0","isLinked":false},"padding_tablet":{"unit":"px","top":"60","right":"20","bottom":"60","left":"20","isLinked":false},"stretch_section":"section-stretched","background_background":"gradient","background_color":"#f6f5f4","background_color_b":"#f8f7f6","background_color_stop":{"unit":"%","size":63,"sizes":[]}},"elements":[{"id":"46c3604","settings":{"_column_size":100},"elements":[{"id":"4dc49522","settings":{"title":"Verified Owners","align":"left","title_color":"#484848","typography_typography":"custom","typography_font_size":{"unit":"px","size":26,"sizes":[]},"typography_font_weight":"600","typography_line_height":{"unit":"px","size":28,"sizes":[]},"_margin":{"unit":"px","top":"0","right":"0","bottom":"0","left":"0","isLinked":false},"typography_font_family":"Poppins","align_mobile":"center"},"elements":[],"isInner":false,"widgetType":"heading","elType":"widget"},{"id":"3dab0e9d","settings":{"title":"List specific owners in any page","header_size":"p","align":"left","title_color":"#5d6475","typography_typography":"custom","typography_font_size":{"unit":"px","size":15,"sizes":[]},"typography_font_weight":"400","typography_line_height":{"unit":"em","size":1.399999999999999911182158029987476766109466552734375,"sizes":[]},"typography_font_family":"Poppins","typography_letter_spacing":{"unit":"px","size":0.5,"sizes":[]},"align_mobile":"center"},"elements":[],"isInner":false,"widgetType":"heading","elType":"widget"},{"id":"79afb866","settings":{"gap":"no","structure":"30","margin":{"unit":"px","top":"20","right":0,"bottom":"0","left":0,"isLinked":false}},"elements":[{"id":"7d31d2a4","settings":{"_column_size":33,"_inline_size":null},"elements":[{"id":"6c527ca6","settings":{"owner_id":"887","notes":"Verified and Superhost","_padding":{"unit":"px","top":"0","right":"10","bottom":"0","left":"0","isLinked":false}},"elements":[],"isInner":false,"widgetType":"Wprentals_Featured_Owner","elType":"widget"}],"isInner":true,"elType":"column"},{"id":"23c1d781","settings":{"_column_size":33,"_inline_size":null,"padding":{"unit":"px","top":"0","right":"10","bottom":"0","left":"10","isLinked":false}},"elements":[{"id":"5e4e0286","settings":{"owner_id":"886","notes":"Verified and Superhost"},"elements":[],"isInner":false,"widgetType":"Wprentals_Featured_Owner","elType":"widget"}],"isInner":true,"elType":"column"},{"id":"27f9f565","settings":{"_column_size":33,"_inline_size":null,"padding":{"unit":"px","top":"0","right":"0","bottom":"0","left":"10","isLinked":false}},"elements":[{"id":"421677d5","settings":{"owner_id":"888","notes":"Verified and Superhost"},"elements":[],"isInner":false,"widgetType":"Wprentals_Featured_Owner","elType":"widget"}],"isInner":true,"elType":"column"}],"isInner":true,"elType":"section"}],"isInner":false,"elType":"column"}],"isInner":false,"elType":"section"},{"id":"1dc0c34f","settings":{"gap":"no","margin":{"unit":"px","top":"","right":0,"bottom":"","left":0,"isLinked":true},"stretch_section":"section-stretched","background_background":"classic","background_color":"#ffffff","padding":{"unit":"px","top":"90","right":"0","bottom":"90","left":"0","isLinked":false},"padding_tablet":{"unit":"px","top":"60","right":"10","bottom":"60","left":"10","isLinked":false}},"elements":[{"id":"2106b49e","settings":{"_column_size":100},"elements":[{"id":"18e809a0","settings":{"title":"Expert testimonials","align":"center","title_color":"#484848","typography_typography":"custom","typography_font_size":{"unit":"px","size":26,"sizes":[]},"typography_font_weight":"600","typography_line_height":{"unit":"px","size":28,"sizes":[]},"_margin":{"unit":"px","top":"0","right":"0","bottom":"0","left":"0","isLinked":false},"typography_font_family":"Poppins"},"elements":[],"isInner":false,"widgetType":"heading","elType":"widget"},{"id":"348091db","settings":{"title":"How to travel on a budget around the world ","header_size":"p","align":"center","title_color":"#5d6475","typography_typography":"custom","typography_font_size":{"unit":"px","size":15,"sizes":[]},"typography_font_weight":"400","typography_font_family":"Poppins","typography_letter_spacing":{"unit":"px","size":0.5,"sizes":[]}},"elements":[],"isInner":false,"widgetType":"heading","elType":"widget"},{"id":"433d3777","settings":{"content_width":{"unit":"px","size":1770,"sizes":[]},"gap":"wide","structure":"30","margin":{"unit":"px","top":"20","right":0,"bottom":"0","left":0,"isLinked":false}},"elements":[{"id":"63f910bd","settings":{"_column_size":33,"_inline_size":null},"elements":[{"id":"70ee8bbf","settings":{"client_name":"Jay Simon","title_client":"happy owner","imagelinks":{"id":35021,"url":"https:\/\/main.wprentals.org\/wp-content\/uploads\/2019\/08\/smile.jpg"},"testimonial_text":"WpRentals has increased our booking requests 10 times more than our older website. Thank you for the amazing work!"},"elements":[],"isInner":false,"widgetType":"WpRentals_Testimonial","elType":"widget"}],"isInner":true,"elType":"column"},{"id":"3aeb1731","settings":{"_column_size":33,"_inline_size":null},"elements":[{"id":"6bdd9bc8","settings":{"client_name":"Tania Smith","title_client":"happy client","imagelinks":{"id":35022,"url":"https:\/\/main.wprentals.org\/wp-content\/uploads\/2019\/08\/profile2.jpg"},"testimonial_text":"With WpRentals I can run my business without worries. Clients can browse our site easily and requests are coming every day. "},"elements":[],"isInner":false,"widgetType":"WpRentals_Testimonial","elType":"widget"}],"isInner":true,"elType":"column"},{"id":"59c19b5d","settings":{"_column_size":33,"_inline_size":null},"elements":[{"id":"5c230c0f","settings":{"client_name":"Gina Roscoe","title_client":"happy client","imagelinks":{"id":35023,"url":"https:\/\/main.wprentals.org\/wp-content\/uploads\/2019\/08\/profile3-1.jpg"},"testimonial_text":"Lorem ipsum dolor sit amet, consectetur adipiscing elit, sed do eiusmod tempor incididunt ut labore et dolore magna aliqua. "},"elements":[],"isInner":false,"widgetType":"WpRentals_Testimonial","elType":"widget"}],"isInner":true,"elType":"column"}],"isInner":true,"elType":"section"}],"isInner":false,"elType":"column"}],"isInner":false,"elType":"section"},{"id":"62f5d1cd","settings":{"gap":"no","margin":{"unit":"px","top":"","right":0,"bottom":"","left":0,"isLinked":true},"stretch_section":"section-stretched","background_background":"gradient","background_color":"#f6f5f4","background_color_b":"#f8f7f6","padding":{"unit":"px","top":"90","right":"0","bottom":"90","left":"0","isLinked":false},"background_color_stop":{"unit":"%","size":63,"sizes":[]},"padding_tablet":{"unit":"px","top":"60","right":"20","bottom":"60","left":"20","isLinked":false}},"elements":[{"id":"4419052d","settings":{"_column_size":100},"elements":[{"id":"71845d9a","settings":{"title":"Travel guide expert blog","align":"left","title_color":"#484848","typography_typography":"custom","typography_font_size":{"unit":"px","size":26,"sizes":[]},"typography_font_weight":"600","typography_line_height":{"unit":"px","size":28,"sizes":[]},"_margin":{"unit":"px","top":"0","right":"0","bottom":"0","left":"0","isLinked":false},"typography_font_family":"Poppins","align_tablet":"center"},"elements":[],"isInner":false,"widgetType":"heading","elType":"widget"},{"id":"5d249cb","settings":{"title":"How to travel on a budget around the world ","header_size":"p","align":"left","title_color":"#5d6475","typography_typography":"custom","typography_font_size":{"unit":"px","size":15,"sizes":[]},"typography_font_weight":"400","typography_line_height":{"unit":"em","size":1.399999999999999911182158029987476766109466552734375,"sizes":[]},"typography_font_family":"Poppins","typography_letter_spacing":{"unit":"px","size":0.5,"sizes":[]},"align_tablet":"center"},"elements":[],"isInner":false,"widgetType":"heading","elType":"widget"},{"id":"2971cefd","settings":{"gap":"no","structure":"30","margin":{"unit":"px","top":"20","right":0,"bottom":"0","left":0,"isLinked":false}},"elements":[{"id":"2ec7426d","settings":{"_column_size":33,"_inline_size":null,"_inline_size_tablet":100,"padding":{"unit":"px","top":"0","right":"5","bottom":"0","left":"0","isLinked":false}},"elements":[{"id":"491773f3","settings":{"article_id":"220","type":"type2"},"elements":[],"isInner":false,"widgetType":"Wprentals_Featured_Article","elType":"widget"}],"isInner":true,"elType":"column"},{"id":"6cbc154","settings":{"_column_size":33,"_inline_size":null,"_inline_size_tablet":100,"padding":{"unit":"px","top":"0","right":"5","bottom":"0","left":"5","isLinked":false},"padding_tablet":{"unit":"px","top":"10","right":"0","bottom":"0","left":"0","isLinked":false}},"elements":[{"id":"a3482ef","settings":{"article_id":"230","type":"type2"},"elements":[],"isInner":false,"widgetType":"Wprentals_Featured_Article","elType":"widget"}],"isInner":true,"elType":"column"},{"id":"48e47caa","settings":{"_column_size":33,"_inline_size":null,"_inline_size_tablet":100,"padding":{"unit":"px","top":"0","right":"0","bottom":"0","left":"5","isLinked":false},"padding_tablet":{"unit":"px","top":"010","right":"0","bottom":"0","left":"0","isLinked":false}},"elements":[{"id":"3ab1ff74","settings":{"article_id":"240","type":"type2"},"elements":[],"isInner":false,"widgetType":"Wprentals_Featured_Article","elType":"widget"}],"isInner":true,"elType":"column"}],"isInner":true,"elType":"section"},{"id":"292fba67","settings":{"gap":"no","structure":"30","margin":{"unit":"px","top":"10","right":0,"bottom":"0","left":0,"isLinked":false}},"elements":[{"id":"33dbebb9","settings":{"_column_size":33,"_inline_size":null,"_inline_size_tablet":100,"padding":{"unit":"px","top":"0","right":"5","bottom":"0","left":"0","isLinked":false}},"elements":[{"id":"3834f34","settings":{"article_id":"192","type":"type2"},"elements":[],"isInner":false,"widgetType":"Wprentals_Featured_Article","elType":"widget"}],"isInner":true,"elType":"column"},{"id":"a791e77","settings":{"_column_size":33,"_inline_size":null,"_inline_size_tablet":100,"padding":{"unit":"px","top":"0","right":"5","bottom":"0","left":"5","isLinked":false},"padding_tablet":{"unit":"px","top":"10","right":"0","bottom":"0","left":"0","isLinked":false}},"elements":[{"id":"3c7c809f","settings":{"article_id":"190","type":"type2"},"elements":[],"isInner":false,"widgetType":"Wprentals_Featured_Article","elType":"widget"}],"isInner":true,"elType":"column"},{"id":"31cb09e8","settings":{"_column_size":33,"_inline_size":null,"_inline_size_tablet":100,"padding":{"unit":"px","top":"0","right":"0","bottom":"0","left":"5","isLinked":false},"padding_tablet":{"unit":"px","top":"10","right":"0","bottom":"0","left":"0","isLinked":false}},"elements":[{"id":"6ae968c","settings":{"article_id":"200","type":"type2"},"elements":[],"isInner":false,"widgetType":"Wprentals_Featured_Article","elType":"widget"}],"isInner":true,"elType":"column"}],"isInner":true,"elType":"section"}],"isInner":false,"elType":"column"}],"isInner":false,"elType":"section"}]}