{"version":"0.4","title":"Main Demo Elementor","type":"page","content":[{"id":"f522a0","settings":{"gap":"no","margin":{"unit":"px","top":"0","right":0,"bottom":"0","left":0,"isLinked":false},"stretch_section":"section-stretched","background_background":"gradient","background_color":"#f6f5f4","padding":{"unit":"px","top":"120","right":"0","bottom":"120","left":"0","isLinked":false},"padding_tablet":{"unit":"px","top":"60","right":"20","bottom":"60","left":"20","isLinked":false},"background_color_stop":{"unit":"%","size":63,"sizes":[]},"background_color_b":"#f8f7f6"},"elements":[{"id":"58b77945","settings":{"_column_size":100},"elements":[{"id":"739fe30a","settings":{"title":"Featured listings to rent","align":"left","title_color":"#484848","typography_typography":"custom","typography_font_size":{"unit":"px","size":26,"sizes":[]},"typography_font_weight":"600","typography_line_height":{"unit":"px","size":28,"sizes":[]},"_margin":{"unit":"px","top":"0","right":"0","bottom":"0","left":"0","isLinked":false},"typography_font_family":"Roboto","align_mobile":"center","_animation":"fadeIn","_animation_delay":200},"elements":[],"isInner":false,"widgetType":"heading","elType":"widget"},{"id":"2c26f59b","settings":{"title":"The most trendy accommodations available\u200b","header_size":"p","align":"left","title_color":"#5D6475","typography_typography":"custom","typography_font_size":{"unit":"px","size":15,"sizes":[]},"typography_font_weight":"400","typography_font_family":"Roboto","typography_letter_spacing":{"unit":"px","size":0.5,"sizes":[]},"align_mobile":"center","typography_line_height":{"unit":"em","size":1.399999999999999911182158029987476766109466552734375,"sizes":[]},"_animation":"fadeIn","_animation_delay":200},"elements":[],"isInner":false,"widgetType":"heading","elType":"widget"},{"id":"437f11e4","settings":{"number":"6","rownumber":3,"_margin":{"unit":"px","top":"20","right":"0","bottom":"0","left":"0","isLinked":false},"_animation":"fadeIn","animation_duration":"slow","_animation_delay":200},"elements":[],"isInner":false,"widgetType":"Wprentals_Recent_Items","elType":"widget"}],"isInner":false,"elType":"column"}],"isInner":false,"elType":"section"},{"id":"4276a9ac","settings":{"gap":"no","margin":{"unit":"px","top":"0","right":0,"bottom":"0","left":0,"isLinked":false},"stretch_section":"section-stretched","padding":{"unit":"px","top":"120","right":"0","bottom":"120","left":"0","isLinked":false},"padding_tablet":{"unit":"px","top":"60","right":"20","bottom":"60","left":"20","isLinked":false},"background_background":"classic","background_color":"#FFFFFF","background_color_b":"#f8f7f6","background_color_stop":{"unit":"%","size":63,"sizes":[]}},"elements":[{"id":"7d281d4d","settings":{"_column_size":100},"elements":[{"id":"74e44124","settings":{"title":"Best places to visit","align":"left","title_color":"#484848","typography_typography":"custom","typography_font_size":{"unit":"px","size":26,"sizes":[]},"typography_font_weight":"600","typography_line_height":{"unit":"px","size":28,"sizes":[]},"_margin":{"unit":"px","top":"0","right":"0","bottom":"0","left":"0","isLinked":false},"typography_font_family":"Roboto","align_mobile":"center","_animation":"fadeIn","_animation_delay":200},"elements":[],"isInner":false,"widgetType":"heading","elType":"widget"},{"id":"55b04ede","settings":{"title":"The most trendy cities and areas in the world","header_size":"p","align":"left","title_color":"#5D6475","typography_typography":"custom","typography_font_size":{"unit":"px","size":15,"sizes":[]},"typography_font_weight":"400","typography_line_height":{"unit":"em","size":1.399999999999999911182158029987476766109466552734375,"sizes":[]},"typography_font_family":"Roboto","typography_letter_spacing":{"unit":"px","size":0.5,"sizes":[]},"align_mobile":"center","_animation":"fadeIn","_animation_delay":200},"elements":[],"isInner":false,"widgetType":"heading","elType":"widget"},{"id":"6fe014d8","settings":{"place_list":["17","20","22","23","25"],"place_per_row":"4","_margin":{"unit":"px","top":"20","right":"0","bottom":"0","left":"0","isLinked":false},"_animation":"fadeIn","animation_duration":"slow","_animation_delay":200},"elements":[],"isInner":false,"widgetType":"Wprentals_Categories_Slider","elType":"widget"}],"isInner":false,"elType":"column"}],"isInner":false,"elType":"section"},{"id":"4e3e5020","settings":{"gap":"no","margin":{"unit":"px","top":"0","right":0,"bottom":"0","left":0,"isLinked":false},"stretch_section":"section-stretched","background_background":"gradient","background_color":"#f6f5f4","padding":{"unit":"px","top":"120","right":"0","bottom":"120","left":"0","isLinked":false},"padding_tablet":{"unit":"px","top":"60","right":"20","bottom":"60","left":"20","isLinked":false},"background_color_stop":{"unit":"%","size":63,"sizes":[]},"background_color_b":"#f8f7f6","background_overlay_background":"classic","background_overlay_position":"initial","background_overlay_xpos":{"unit":"px","size":-16,"sizes":[]},"background_overlay_ypos":{"unit":"px","size":-229,"sizes":[]}},"elements":[{"id":"54519e86","settings":{"_column_size":100},"elements":[{"id":"7f3e5132","settings":{"title":"Featured properties","align":"left","title_color":"#484848","typography_typography":"custom","typography_font_size":{"unit":"px","size":26,"sizes":[]},"typography_font_weight":"600","typography_line_height":{"unit":"px","size":28,"sizes":[]},"_margin":{"unit":"px","top":"0","right":"0","bottom":"0","left":"0","isLinked":false},"typography_font_family":"Roboto","align_mobile":"center","_animation":"fadeIn","_animation_delay":200},"elements":[],"isInner":false,"widgetType":"heading","elType":"widget"},{"id":"760a85a","settings":{"title":"The most trendy listings on our website","header_size":"p","align":"left","title_color":"#5D6475","typography_typography":"custom","typography_font_size":{"unit":"px","size":15,"sizes":[]},"typography_font_weight":"400","typography_line_height":{"unit":"em","size":1.399999999999999911182158029987476766109466552734375,"sizes":[]},"typography_font_family":"Roboto","typography_letter_spacing":{"unit":"px","size":0.5,"sizes":[]},"align_mobile":"center","_animation":"fadeIn","_animation_delay":200},"elements":[],"isInner":false,"widgetType":"heading","elType":"widget"},{"id":"63294f9f","settings":{"gap":"no","structure":"20","margin":{"unit":"px","top":"20","right":0,"bottom":"0","left":0,"isLinked":false}},"elements":[{"id":"159c6388","settings":{"_column_size":50,"_inline_size":48,"padding":{"unit":"px","top":"0","right":"10","bottom":"0","left":"0","isLinked":false},"_inline_size_tablet":100,"padding_tablet":{"unit":"px","top":"0","right":"0","bottom":"0","left":"0","isLinked":false}},"elements":[{"id":"5a36bbe9","settings":{"listing_id":"145","_animation":"fadeIn","_animation_delay":200},"elements":[],"isInner":false,"widgetType":"Wprentals_Featured_Listing","elType":"widget"}],"isInner":true,"elType":"column"},{"id":"6470f4dc","settings":{"_column_size":50,"_inline_size":52,"margin":{"unit":"px","top":"0","right":"0","bottom":"0","left":"0","isLinked":false},"padding":{"unit":"px","top":"0","right":"0","bottom":"0","left":"10","isLinked":false},"_inline_size_tablet":100,"padding_tablet":{"unit":"px","top":"10","right":"0","bottom":"0","left":"0","isLinked":false}},"elements":[{"id":"6439afd8","settings":{"listing_id":"124","_animation":"fadeIn","_animation_delay":200},"elements":[],"isInner":false,"widgetType":"Wprentals_Featured_Listing","elType":"widget"}],"isInner":true,"elType":"column"}],"isInner":true,"elType":"section"}],"isInner":false,"elType":"column"}],"isInner":false,"elType":"section"},{"id":"6bffc9fd","settings":{"stretch_section":"section-stretched","layout":"full_width","gap":"no","margin":{"unit":"px","top":"0","right":0,"bottom":"0","left":0,"isLinked":true},"padding":{"unit":"px","top":"0","right":"0","bottom":"0","left":"0","isLinked":true}},"elements":[{"id":"59780fbd","settings":{"_column_size":100},"elements":[{"id":"1d3d9fe9","settings":{"listing_id":"137","type":"type3","_animation":"fadeIn","animation_duration":"slow","_animation_delay":200},"elements":[],"isInner":false,"widgetType":"Wprentals_Featured_Listing","elType":"widget"}],"isInner":false,"elType":"column"}],"isInner":false,"elType":"section"},{"id":"66043852","settings":{"gap":"no","margin":{"unit":"px","top":"0","right":0,"bottom":"0","left":0,"isLinked":true},"padding":{"unit":"px","top":"120","right":"0","bottom":"120","left":"0","isLinked":false},"padding_tablet":{"unit":"px","top":"60","right":"20","bottom":"60","left":"20","isLinked":false},"stretch_section":"section-stretched","background_background":"classic","background_color":"#ffffff","background_color_b":"#ffffff","background_gradient_angle":{"unit":"deg","size":67,"sizes":[]},"background_overlay_background":"classic","background_overlay_image":{"url":"http:\/\/devmerentals.wpestate.info\/wp-content\/uploads\/2020\/07\/background_row-1.png","id":38069},"background_overlay_attachment":"fixed","background_overlay_opacity":{"unit":"px","size":0.05000000000000000277555756156289135105907917022705078125,"sizes":[]}},"elements":[{"id":"41fcf401","settings":{"_column_size":100},"elements":[{"id":"67cb9ba7","settings":{"title":"Best places to rent ","align":"left","title_color":"#484848","typography_typography":"custom","typography_font_size":{"unit":"px","size":26,"sizes":[]},"typography_font_weight":"600","typography_line_height":{"unit":"px","size":28,"sizes":[]},"_margin":{"unit":"px","top":"0","right":"0","bottom":"0","left":"0","isLinked":false},"typography_font_family":"Roboto","align_mobile":"center","_animation":"fadeIn","_animation_delay":200},"elements":[],"isInner":false,"widgetType":"heading","elType":"widget"},{"id":"79237be1","settings":{"title":"How to travel on a budget around the world ","header_size":"p","align":"left","title_color":"#5D6475","typography_typography":"custom","typography_font_size":{"unit":"px","size":15,"sizes":[]},"typography_font_weight":"400","typography_font_family":"Roboto","typography_letter_spacing":{"unit":"px","size":0.5,"sizes":[]},"align_mobile":"center","typography_line_height":{"unit":"em","size":1.399999999999999911182158029987476766109466552734375,"sizes":[]},"_animation":"fadeIn","_animation_delay":200},"elements":[],"isInner":false,"widgetType":"heading","elType":"widget"},{"id":"5dd2efa","settings":{"gap":"narrow","structure":"40","margin":{"unit":"px","top":"20","right":0,"bottom":"0","left":0,"isLinked":false}},"elements":[{"id":"5a08eca2","settings":{"_column_size":25,"_inline_size":null,"_inline_size_tablet":50},"elements":[{"id":"1b1daf7f","settings":{"place_id":"4","type":"type3","places_label":"great views","_animation":"fadeIn","_animation_delay":200},"elements":[],"isInner":false,"widgetType":"WpRentals_Featured_Place","elType":"widget"}],"isInner":true,"elType":"column"},{"id":"464a5336","settings":{"_column_size":25,"_inline_size":null,"_inline_size_tablet":50},"elements":[{"id":"27ffdf11","settings":{"place_id":"5","type":"type3","places_label":"Best homes","_animation":"fadeIn","_animation_delay":400},"elements":[],"isInner":false,"widgetType":"WpRentals_Featured_Place","elType":"widget"}],"isInner":true,"elType":"column"},{"id":"2099884c","settings":{"_column_size":25,"_inline_size":null,"_inline_size_tablet":50},"elements":[{"id":"101eeebc","settings":{"place_id":"7","type":"type3","places_label":"best places","_animation":"fadeIn","_animation_delay":600},"elements":[],"isInner":false,"widgetType":"WpRentals_Featured_Place","elType":"widget"}],"isInner":true,"elType":"column"},{"id":"39c26f4d","settings":{"_column_size":25,"_inline_size":null,"_inline_size_tablet":50},"elements":[{"id":"791bf599","settings":{"place_id":"8","type":"type3","places_label":"best places","_animation":"fadeIn","_animation_delay":800},"elements":[],"isInner":false,"widgetType":"WpRentals_Featured_Place","elType":"widget"}],"isInner":true,"elType":"column"}],"isInner":true,"elType":"section"}],"isInner":false,"elType":"column"}],"isInner":false,"elType":"section"},{"id":"29369f22","settings":{"stretch_section":"section-stretched","gap":"no","background_background":"classic","background_color":"#ffffff","padding":{"unit":"px","top":"0","right":"0","bottom":"120","left":"0","isLinked":false},"padding_tablet":{"unit":"px","top":"60","right":"20","bottom":"60","left":"20","isLinked":false},"background_color_b":"#ffffff","background_gradient_angle":{"unit":"deg","size":67,"sizes":[]},"background_overlay_background":"classic","background_overlay_image":{"url":"http:\/\/devmerentals.wpestate.info\/wp-content\/uploads\/2020\/07\/background_row-1.png","id":38069},"background_overlay_attachment":"fixed","background_overlay_opacity":{"unit":"px","size":0.05000000000000000277555756156289135105907917022705078125,"sizes":[]},"margin":{"unit":"px","top":"0","right":0,"bottom":"0","left":0,"isLinked":true}},"elements":[{"id":"7897be4d","settings":{"_column_size":100,"space_between_widgets":0},"elements":[{"id":"6538ce3b","settings":{"gap":"no","structure":"20","background_background":"classic","background_image":{"url":"http:\/\/devmerentals.wpestate.info\/wp-content\/uploads\/2019\/07\/back3-e1564576960654.jpg","id":35419},"background_position":"center center","background_overlay_background":"classic","background_overlay_color":"#484848","background_overlay_opacity":{"unit":"px","size":0.40000000000000002220446049250313080847263336181640625,"sizes":[]},"overlay_blend_mode":"luminosity","padding":{"unit":"%","top":"14","right":"10","bottom":"14","left":"10","isLinked":false},"padding_mobile":{"unit":"px","top":"30","right":"30","bottom":"30","left":"30","isLinked":true}},"elements":[{"id":"cbce357","settings":{"_column_size":50,"_inline_size":60,"padding_mobile":{"unit":"px","top":"0","right":"4","bottom":"0","left":"0","isLinked":false}},"elements":[{"id":"33554f3c","settings":{"title":"Earn up to<b> $1,000<\/b> \/month hosting your home in with us","align":"left","title_color":"#ffffff","typography_typography":"custom","typography_font_size":{"unit":"px","size":38,"sizes":[]},"typography_font_weight":"400","typography_line_height":{"unit":"em","size":1.399999999999999911182158029987476766109466552734375,"sizes":[]},"_margin":{"unit":"px","top":"0","right":"0","bottom":"0","left":"0","isLinked":false},"typography_font_family":"Roboto","typography_font_size_mobile":{"unit":"px","size":25,"sizes":[]}},"elements":[],"isInner":false,"widgetType":"heading","elType":"widget"},{"id":"79e85d13","settings":{"text":"List your space","size":"md","typography_typography":"custom","typography_font_family":"Roboto","button_text_color":"#484848","background_color":"#ffffff","_margin":{"unit":"px","top":"20","right":"0","bottom":"0","left":"0","isLinked":false},"hover_color":"#ffffff","button_background_hover_color":"#b881fd","typography_letter_spacing":{"unit":"px","size":0.5,"sizes":[]}},"elements":[],"isInner":false,"widgetType":"button","elType":"widget"}],"isInner":true,"elType":"column"},{"id":"1cde8554","settings":{"_column_size":50,"_inline_size":40},"elements":[],"isInner":true,"elType":"column"}],"isInner":true,"elType":"section"}],"isInner":false,"elType":"column"}],"isInner":false,"elType":"section"},{"id":"2c9e8ee4","settings":{"gap":"no","margin":{"unit":"px","top":"0","right":0,"bottom":"0","left":0,"isLinked":true},"padding":{"unit":"px","top":"0","right":"0","bottom":"120","left":"0","isLinked":false},"padding_tablet":{"unit":"px","top":"60","right":"20","bottom":"60","left":"20","isLinked":false},"stretch_section":"section-stretched","background_background":"classic","background_color":"#FFFFFF","background_color_b":"#FFFFFF","background_gradient_angle":{"unit":"deg","size":67,"sizes":[]},"background_overlay_background":"classic","background_overlay_image":{"url":"http:\/\/devmerentals.wpestate.info\/wp-content\/uploads\/2020\/07\/background_row-1.png","id":38069},"background_overlay_attachment":"fixed","background_overlay_opacity":{"unit":"px","size":0.05000000000000000277555756156289135105907917022705078125,"sizes":[]}},"elements":[{"id":"229de3ee","settings":{"_column_size":100},"elements":[{"id":"6ad03148","settings":{"title":"Verified Owners","align":"left","title_color":"#484848","typography_typography":"custom","typography_font_size":{"unit":"px","size":26,"sizes":[]},"typography_font_weight":"600","typography_line_height":{"unit":"px","size":28,"sizes":[]},"_margin":{"unit":"px","top":"0","right":"0","bottom":"0","left":"0","isLinked":false},"typography_font_family":"Roboto","align_mobile":"center","_animation":"fadeIn","_animation_delay":200},"elements":[],"isInner":false,"widgetType":"heading","elType":"widget"},{"id":"4581a229","settings":{"title":"Highlight the most popular owners","header_size":"p","align":"left","title_color":"#5D6475","typography_typography":"custom","typography_font_size":{"unit":"px","size":15,"sizes":[]},"typography_font_weight":"400","typography_line_height":{"unit":"em","size":1.399999999999999911182158029987476766109466552734375,"sizes":[]},"typography_font_family":"Roboto","typography_letter_spacing":{"unit":"px","size":0.5,"sizes":[]},"align_mobile":"center","_animation":"fadeIn","_animation_delay":200},"elements":[],"isInner":false,"widgetType":"heading","elType":"widget"},{"id":"7d9afd16","settings":{"gap":"no","structure":"30","margin":{"unit":"px","top":"20","right":0,"bottom":"0","left":0,"isLinked":false}},"elements":[{"id":"2a1b308","settings":{"_column_size":33,"_inline_size":null,"padding":{"unit":"px","top":"0","right":"10","bottom":"0","left":"0","isLinked":false}},"elements":[{"id":"3a57bc42","settings":{"owner_id":"36352","notes":"Verified and Superhost","_animation":"fadeIn","_animation_delay":200,"design_type":"2"},"elements":[],"isInner":false,"widgetType":"Wprentals_Featured_Owner","elType":"widget"}],"isInner":true,"elType":"column"},{"id":"25966371","settings":{"_column_size":33,"_inline_size":null},"elements":[{"id":"5b3837ad","settings":{"owner_id":"35567","notes":"Verified and Superhost","_padding":{"unit":"px","top":"0","right":"10","bottom":"0","left":"0","isLinked":false},"_animation":"fadeIn","_animation_delay":200,"design_type":"2"},"elements":[],"isInner":false,"widgetType":"Wprentals_Featured_Owner","elType":"widget"}],"isInner":true,"elType":"column"},{"id":"6badc8e8","settings":{"_column_size":33,"_inline_size":null,"padding":{"unit":"px","top":"0","right":"0","bottom":"0","left":"010","isLinked":false}},"elements":[{"id":"328fd58e","settings":{"owner_id":"35755","notes":"Verified and Superhost","_animation":"fadeIn","_animation_delay":200,"design_type":"2"},"elements":[],"isInner":false,"widgetType":"Wprentals_Featured_Owner","elType":"widget"}],"isInner":true,"elType":"column"}],"isInner":true,"elType":"section"}],"isInner":false,"elType":"column"}],"isInner":false,"elType":"section"},{"id":"498fd4c0","settings":{"stretch_section":"section-stretched","padding":{"unit":"px","top":"120","right":"0","bottom":"0","left":"0","isLinked":false},"background_background":"classic","shape_divider_top_width":{"unit":"%","size":100,"sizes":[]},"shape_divider_top_height":{"unit":"px","size":313,"sizes":[]},"shape_divider_bottom":"mountains","shape_divider_bottom_width":{"unit":"%","size":100,"sizes":[]},"shape_divider_bottom_height":{"unit":"px","size":313,"sizes":[]},"padding_tablet":{"unit":"px","top":"45","right":"0","bottom":"45","left":"0","isLinked":false},"background_color":"#F6F5F4"},"elements":[{"id":"5e2ab74f","settings":{"_column_size":100,"_inline_size":null},"elements":[{"id":"29b637ca","settings":{"structure":"30","margin":{"unit":"px","top":"0","right":0,"bottom":"030","left":0,"isLinked":false}},"elements":[{"id":"5ffc091c","settings":{"_column_size":33,"_inline_size":25,"_inline_size_tablet":10},"elements":[],"isInner":true,"elType":"column"},{"id":"475acc99","settings":{"_column_size":33,"_inline_size":49.33200000000000073896444519050419330596923828125,"space_between_widgets":10,"_inline_size_tablet":80},"elements":[{"id":"44ae8cb0","settings":{"title":"Expert Owners Testimonials","title_color":"#484848","typography_typography":"custom","typography_font_size":{"unit":"px","size":26,"sizes":[]},"typography_line_height":{"unit":"px","size":28,"sizes":[]},"_animation":"fadeIn","_animation_delay":200,"align_mobile":"center","align":"center","typography_font_family":"Roboto","typography_font_weight":"600","_margin":{"unit":"px","top":"0","right":"0","bottom":"0","left":"0","isLinked":false}},"elements":[],"isInner":false,"widgetType":"heading","elType":"widget"},{"id":"58f9cf20","settings":{"title":"We are committed to making our clients happy with our services","header_size":"p","align":"center","title_color":"#5D6475","typography_typography":"custom","typography_font_size":{"unit":"px","size":15,"sizes":[]},"typography_font_weight":"400","typography_line_height":{"unit":"em","size":1.399999999999999911182158029987476766109466552734375,"sizes":[]},"typography_font_family":"Roboto","typography_letter_spacing":{"unit":"px","size":0.5,"sizes":[]},"align_mobile":"center","_animation":"fadeIn","_animation_delay":200},"elements":[],"isInner":false,"widgetType":"heading","elType":"widget"}],"isInner":true,"elType":"column"},{"id":"2ce87450","settings":{"_column_size":33,"_inline_size":25,"_inline_size_tablet":10},"elements":[],"isInner":true,"elType":"column"}],"isInner":true,"elType":"section"},{"id":"589964a8","settings":{"structure":"30"},"elements":[{"id":"3d8eb96f","settings":{"_column_size":33,"_inline_size":null,"space_between_widgets":0},"elements":[{"id":"50ec2cc7","settings":{"client_name":"Jay Simon","title_client":"happy owner","imagelinks":{"url":"http:\/\/devmerentals.wpestate.info\/wp-content\/uploads\/2019\/07\/smile.jpg","id":35166},"testimonial_text":"WpRentals has increased our booking requests 10 times more than our older website. Thank you for the amazing work!","_animation":"fadeIn","_animation_delay":200,"testimonials_type":"2","testimonial_type":"2","stars_client":"5"},"elements":[],"isInner":false,"widgetType":"WpRentals_Testimonial","elType":"widget"}],"isInner":true,"elType":"column"},{"id":"32b1ff4a","settings":{"_column_size":33,"_inline_size":null},"elements":[{"id":"339bf3f2","settings":{"client_name":"Tania Smith","title_client":"happy client","imagelinks":{"url":"http:\/\/devmerentals.wpestate.info\/wp-content\/uploads\/2020\/07\/testimonial.jpg","id":38466},"testimonial_text":"With WpRentals I can run my business without worries. Clients can browse our site easily and requests are coming every day. ","_animation":"fadeIn","_animation_delay":200,"testimonials_type":"2","testimonial_type":"2","stars_client":"4"},"elements":[],"isInner":false,"widgetType":"WpRentals_Testimonial","elType":"widget"}],"isInner":true,"elType":"column"},{"id":"78eb67bc","settings":{"_column_size":33,"_inline_size":null},"elements":[{"id":"17aaa7ab","settings":{"client_name":"Gina Roscoe","title_client":"happy client","imagelinks":{"url":"http:\/\/devmerentals.wpestate.info\/wp-content\/uploads\/2019\/07\/profile3-1.jpg","id":35170},"testimonial_text":"Lorem ipsum dolor sit amet, consectetur adipiscing elit, sed do eiusmod tempor incididunt ut labore et dolore magna aliqua. ","_animation":"fadeIn","_animation_delay":200,"testimonials_type":"2","testimonial_type":"2","stars_client":"3.5"},"elements":[],"isInner":false,"widgetType":"WpRentals_Testimonial","elType":"widget"}],"isInner":true,"elType":"column"}],"isInner":true,"elType":"section"},{"id":"1858711c","settings":{"structure":"30"},"elements":[{"id":"62e80b1f","settings":{"_column_size":33,"_inline_size":null,"space_between_widgets":0},"elements":[{"id":"6b33ed3d","settings":{"client_name":"John Windsmore","title_client":"happy owner","imagelinks":{"url":"http:\/\/devmerentals.wpestate.info\/wp-content\/uploads\/2020\/07\/person.jpg","id":38011},"testimonial_text":"WpRentals has increased our booking requests 10 times more than our older website. Thank you for the amazing work!","_animation":"fadeIn","_animation_delay":200,"testimonials_type":"2","testimonial_type":"2","stars_client":"5"},"elements":[],"isInner":false,"widgetType":"WpRentals_Testimonial","elType":"widget"}],"isInner":true,"elType":"column"},{"id":"f8a8c0d","settings":{"_column_size":33,"_inline_size":null},"elements":[{"id":"5cbf459f","settings":{"client_name":"Elisabeth True","title_client":"happy client","imagelinks":{"url":"http:\/\/devmerentals.wpestate.info\/wp-content\/uploads\/2020\/07\/person7.png","id":38000},"testimonial_text":"With WpRentals I can run my business without worries. Clients can browse our site easily and requests are coming every day. ","_animation":"fadeIn","_animation_delay":200,"testimonials_type":"2","testimonial_type":"2","stars_client":"5"},"elements":[],"isInner":false,"widgetType":"WpRentals_Testimonial","elType":"widget"}],"isInner":true,"elType":"column"},{"id":"5cb33992","settings":{"_column_size":33,"_inline_size":null},"elements":[{"id":"7a51c456","settings":{"client_name":"Robert Redford","title_client":"happy  owner","imagelinks":{"url":"http:\/\/devmerentals.wpestate.info\/wp-content\/uploads\/2020\/07\/person2.jpg","id":38002},"testimonial_text":"Lorem ipsum dolor sit amet, consectetur adipiscing elit, sed do eiusmod tempor incididunt ut labore et dolore magna aliqua. ","_animation":"fadeIn","_animation_delay":200,"testimonials_type":"2","testimonial_type":"2","stars_client":"5"},"elements":[],"isInner":false,"widgetType":"WpRentals_Testimonial","elType":"widget"}],"isInner":true,"elType":"column"}],"isInner":true,"elType":"section"}],"isInner":false,"elType":"column"}],"isInner":false,"elType":"section"},{"id":"1245b461","settings":{"stretch_section":"section-stretched","background_background":"classic","background_color":"#FFFFFF","padding":{"unit":"px","top":"120","right":"0","bottom":"40","left":"0","isLinked":false},"padding_tablet":{"unit":"px","top":"45","right":"10","bottom":"45","left":"10","isLinked":false}},"elements":[{"id":"13da0d4e","settings":{"_column_size":100,"_inline_size":100,"content_position":"center","padding":{"unit":"px","top":"0","right":"0","bottom":"0","left":"0","isLinked":false}},"elements":[{"id":"9e73814","settings":{"structure":"30","margin":{"unit":"px","top":"0","right":0,"bottom":"030","left":0,"isLinked":false}},"elements":[{"id":"19ebc7ab","settings":{"_column_size":33,"_inline_size":25,"_inline_size_tablet":10},"elements":[],"isInner":true,"elType":"column"},{"id":"7f284c96","settings":{"_column_size":33,"_inline_size":49.33200000000000073896444519050419330596923828125,"space_between_widgets":10,"_inline_size_tablet":80},"elements":[{"id":"fbf7866","settings":{"title":"Complete Solution for Owners","title_color":"#484848","typography_typography":"custom","typography_font_size":{"unit":"px","size":26,"sizes":[]},"typography_line_height":{"unit":"px","size":28,"sizes":[]},"_animation":"fadeIn","_animation_delay":200,"align_mobile":"center","align":"center","typography_font_family":"Roboto","typography_font_weight":"600","_margin":{"unit":"px","top":"0","right":"0","bottom":"0","left":"0","isLinked":false}},"elements":[],"isInner":false,"widgetType":"heading","elType":"widget"},{"id":"5f939d8d","settings":{"title":"Learn more about our features and services","header_size":"p","align":"center","title_color":"#5D6475","typography_typography":"custom","typography_font_size":{"unit":"px","size":15,"sizes":[]},"typography_font_weight":"400","typography_line_height":{"unit":"em","size":1.399999999999999911182158029987476766109466552734375,"sizes":[]},"typography_font_family":"Roboto","typography_letter_spacing":{"unit":"px","size":0.5,"sizes":[]},"align_mobile":"center","_animation":"fadeIn","_animation_delay":200},"elements":[],"isInner":false,"widgetType":"heading","elType":"widget"}],"isInner":true,"elType":"column"},{"id":"319f0146","settings":{"_column_size":33,"_inline_size":25,"_inline_size_tablet":10},"elements":[],"isInner":true,"elType":"column"}],"isInner":true,"elType":"section"},{"id":"2c840636","settings":{"structure":"30"},"elements":[{"id":"69848ac5","settings":{"_column_size":33,"_inline_size":null,"background_background":"gradient","background_color":"#FFFFFF","background_color_b":"#FFFFFF","border_border":"solid","border_width":{"unit":"px","top":"0","right":"0","bottom":"2","left":"0","isLinked":false},"border_color":"rgba(2, 1, 1, 0)","box_shadow_box_shadow":{"horizontal":0,"vertical":10,"blur":31,"spread":0,"color":"rgba(181, 127, 250, 0.09)"},"border_hover_border":"solid","border_hover_width":{"unit":"px","top":"0","right":"0","bottom":"2","left":"0","isLinked":false},"border_hover_color":"#B881FC","box_shadow_hover_box_shadow_type":"yes","box_shadow_hover_box_shadow":{"horizontal":0,"vertical":10,"blur":20,"spread":0,"color":"rgba(0, 0, 0, 0.2)"},"border_hover_transition":{"unit":"px","size":0.40000000000000002220446049250313080847263336181640625,"sizes":[]},"margin":{"unit":"px","top":"0","right":"15","bottom":"0","left":"15","isLinked":false},"padding":{"unit":"px","top":"48","right":"32","bottom":"32","left":"32","isLinked":false},"css_classes":"box-effect-hover","animation":"fadeIn","align":"space-evenly","box_shadow_box_shadow_type":"yes","animation_delay":200,"margin_mobile":{"unit":"px","top":"0","right":"15","bottom":"15","left":"15","isLinked":false},"_inline_size_tablet":50,"margin_tablet":{"unit":"px","top":"15","right":"15","bottom":"15","left":"15","isLinked":true}},"elements":[{"id":"1260d1c4","settings":{"icon":"fa fa-tint","primary_color":"#B881FC","size":{"unit":"px","size":40,"sizes":[]},"_animation":"fadeIn","animation_duration":"slow","hover_animation":"pulse","selected_icon":{"value":{"url":"http:\/\/devmerentals.wpestate.info\/wp-content\/uploads\/2020\/07\/user_group.svg","id":38054},"library":"svg"},"_padding":{"unit":"px","top":"0","right":"0","bottom":"0","left":"0","isLinked":false},"__fa4_migrated":{"selected_icon":true},"align":"left"},"elements":[],"isInner":false,"widgetType":"icon","elType":"widget"},{"id":"46abb997","settings":{"image":{"url":"","id":""},"title_text":"Register for free","description_text":"Lorem ipsum dolor sit amet, consectetur adipiscing elit, sed do eiusmod tempor incididunt ut labore et dolore. ","css_filters_css_filter":"custom","title_color":"#484848","title_typography_typography":"custom","title_typography_font_family":"Roboto","title_typography_font_weight":"700","text_align":"left","content_vertical_alignment":"middle","title_typography_font_size":{"unit":"px","size":17,"sizes":[]},"description_typography_typography":"custom","description_typography_font_size":{"unit":"px","size":15,"sizes":[]},"description_typography_font_weight":"400","description_typography_line_height":{"unit":"em","size":1.600000000000000088817841970012523233890533447265625,"sizes":[]},"position":"left","description_typography_font_family":"Roboto"},"elements":[],"isInner":false,"widgetType":"image-box","elType":"widget"}],"isInner":true,"elType":"column"},{"id":"76d2a23c","settings":{"_column_size":33,"_inline_size":null,"background_background":"gradient","background_color":"#FFFFFF","background_color_b":"#FFFFFF","border_border":"solid","border_width":{"unit":"px","top":"0","right":"0","bottom":"2","left":"0","isLinked":false},"border_color":"rgba(2, 1, 1, 0)","box_shadow_box_shadow":{"horizontal":0,"vertical":10,"blur":31,"spread":0,"color":"rgba(181, 127, 250, 0.09)"},"border_hover_border":"solid","border_hover_width":{"unit":"px","top":"0","right":"0","bottom":"2","left":"0","isLinked":false},"border_hover_color":"#B881FC","box_shadow_hover_box_shadow_type":"yes","box_shadow_hover_box_shadow":{"horizontal":0,"vertical":10,"blur":20,"spread":0,"color":"rgba(0, 0, 0, 0.2)"},"border_hover_transition":{"unit":"px","size":0.40000000000000002220446049250313080847263336181640625,"sizes":[]},"margin":{"unit":"px","top":"0","right":"15","bottom":"0","left":"15","isLinked":false},"padding":{"unit":"px","top":"48","right":"32","bottom":"32","left":"32","isLinked":false},"css_classes":"box-effect-hover","animation":"fadeIn","align":"space-evenly","box_shadow_box_shadow_type":"yes","animation_delay":200,"margin_mobile":{"unit":"px","top":"0","right":"15","bottom":"15","left":"15","isLinked":false},"_inline_size_tablet":50,"margin_tablet":{"unit":"px","top":"15","right":"15","bottom":"15","left":"15","isLinked":true}},"elements":[{"id":"4bc92422","settings":{"icon":"fa fa-tint","primary_color":"#B881FC","size":{"unit":"px","size":40,"sizes":[]},"_animation":"fadeIn","animation_duration":"slow","hover_animation":"pulse","selected_icon":{"value":{"id":38043,"url":"http:\/\/devmerentals.wpestate.info\/wp-content\/uploads\/2020\/07\/house-1.svg"},"library":"svg"},"_padding":{"unit":"px","top":"0","right":"0","bottom":"0","left":"0","isLinked":false},"__fa4_migrated":{"selected_icon":true},"align":"left"},"elements":[],"isInner":false,"widgetType":"icon","elType":"widget"},{"id":"2e0d082a","settings":{"image":{"url":"","id":""},"title_text":"Add your listing","description_text":"Lorem ipsum dolor sit amet, consectetur adipiscing elit, sed do eiusmod tempor incididunt ut labore et dolore.  ","css_filters_css_filter":"custom","title_color":"#484848","title_typography_typography":"custom","title_typography_font_family":"Roboto","title_typography_font_weight":"700","text_align":"left","content_vertical_alignment":"middle","title_typography_font_size":{"unit":"px","size":17,"sizes":[]},"description_typography_typography":"custom","description_typography_font_size":{"unit":"px","size":15,"sizes":[]},"description_typography_font_weight":"400","description_typography_line_height":{"unit":"em","size":1.600000000000000088817841970012523233890533447265625,"sizes":[]},"position":"left","description_typography_font_family":"Roboto"},"elements":[],"isInner":false,"widgetType":"image-box","elType":"widget"}],"isInner":true,"elType":"column"},{"id":"5bbab7c4","settings":{"_column_size":33,"_inline_size":null,"background_background":"gradient","background_color":"#FFFFFF","background_color_b":"#FFFFFF","border_border":"solid","border_width":{"unit":"px","top":"0","right":"0","bottom":"2","left":"0","isLinked":false},"border_color":"rgba(2, 1, 1, 0)","box_shadow_box_shadow":{"horizontal":0,"vertical":10,"blur":31,"spread":0,"color":"rgba(181, 127, 250, 0.09)"},"border_hover_border":"solid","border_hover_width":{"unit":"px","top":"0","right":"0","bottom":"2","left":"0","isLinked":false},"border_hover_color":"#B881FC","box_shadow_hover_box_shadow_type":"yes","box_shadow_hover_box_shadow":{"horizontal":0,"vertical":10,"blur":20,"spread":0,"color":"rgba(0, 0, 0, 0.2)"},"border_hover_transition":{"unit":"px","size":0.40000000000000002220446049250313080847263336181640625,"sizes":[]},"margin":{"unit":"px","top":"0","right":"15","bottom":"0","left":"15","isLinked":false},"padding":{"unit":"px","top":"48","right":"32","bottom":"32","left":"32","isLinked":false},"css_classes":"box-effect-hover","animation":"fadeIn","align":"space-evenly","box_shadow_box_shadow_type":"yes","animation_delay":200,"margin_mobile":{"unit":"px","top":"0","right":"15","bottom":"15","left":"15","isLinked":false},"_inline_size_tablet":50,"margin_tablet":{"unit":"px","top":"15","right":"15","bottom":"15","left":"15","isLinked":true}},"elements":[{"id":"29b604c9","settings":{"icon":"fa fa-tint","primary_color":"#B881FC","size":{"unit":"px","size":40,"sizes":[]},"_animation":"fadeIn","animation_duration":"slow","hover_animation":"pulse","selected_icon":{"value":{"url":"http:\/\/devmerentals.wpestate.info\/wp-content\/uploads\/2020\/07\/camera-1.svg","id":38052},"library":"svg"},"_padding":{"unit":"px","top":"0","right":"0","bottom":"0","left":"0","isLinked":false},"__fa4_migrated":{"selected_icon":true},"align":"left"},"elements":[],"isInner":false,"widgetType":"icon","elType":"widget"},{"id":"62899b9b","settings":{"image":{"url":"","id":""},"title_text":"<span style=\"background-color: transparent;\">Upload beautiful images<\/span>","description_text":"Lorem ipsum dolor sit amet, consectetur adipiscing elit, sed do eiusmod tempor incididunt ut labore et dolore. ","css_filters_css_filter":"custom","title_color":"#484848","title_typography_typography":"custom","title_typography_font_family":"Roboto","title_typography_font_weight":"700","text_align":"left","content_vertical_alignment":"middle","title_typography_font_size":{"unit":"px","size":17,"sizes":[]},"description_typography_typography":"custom","description_typography_font_size":{"unit":"px","size":15,"sizes":[]},"description_typography_font_weight":"400","description_typography_line_height":{"unit":"em","size":1.600000000000000088817841970012523233890533447265625,"sizes":[]},"position":"left","description_typography_font_family":"Roboto"},"elements":[],"isInner":false,"widgetType":"image-box","elType":"widget"}],"isInner":true,"elType":"column"}],"isInner":true,"elType":"section"},{"id":"31677066","settings":{"structure":"30","margin":{"unit":"px","top":"30","right":0,"bottom":"0","left":0,"isLinked":false}},"elements":[{"id":"46af01ee","settings":{"_column_size":33,"_inline_size":null,"background_background":"gradient","background_color":"#FFFFFF","background_color_b":"#FFFFFF","border_border":"solid","border_width":{"unit":"px","top":"0","right":"0","bottom":"2","left":"0","isLinked":false},"border_color":"rgba(2, 1, 1, 0)","box_shadow_box_shadow":{"horizontal":0,"vertical":10,"blur":31,"spread":0,"color":"rgba(181, 127, 250, 0.09)"},"border_hover_border":"solid","border_hover_width":{"unit":"px","top":"0","right":"0","bottom":"2","left":"0","isLinked":false},"border_hover_color":"#B881FC","box_shadow_hover_box_shadow_type":"yes","box_shadow_hover_box_shadow":{"horizontal":0,"vertical":10,"blur":20,"spread":0,"color":"rgba(0, 0, 0, 0.2)"},"border_hover_transition":{"unit":"px","size":0.40000000000000002220446049250313080847263336181640625,"sizes":[]},"margin":{"unit":"px","top":"0","right":"15","bottom":"0","left":"15","isLinked":false},"padding":{"unit":"px","top":"48","right":"32","bottom":"32","left":"32","isLinked":false},"css_classes":"box-effect-hover","animation":"fadeIn","align":"space-evenly","box_shadow_box_shadow_type":"yes","animation_delay":200,"margin_mobile":{"unit":"px","top":"0","right":"15","bottom":"15","left":"15","isLinked":false},"_inline_size_tablet":50,"margin_tablet":{"unit":"px","top":"15","right":"15","bottom":"15","left":"15","isLinked":true}},"elements":[{"id":"6078d2ce","settings":{"icon":"fa fa-tint","primary_color":"#B881FC","size":{"unit":"px","size":40,"sizes":[]},"_animation":"fadeIn","animation_duration":"slow","hover_animation":"pulse","selected_icon":{"value":{"url":"http:\/\/devmerentals.wpestate.info\/wp-content\/uploads\/2020\/07\/publish_listing.svg","id":38056},"library":"svg"},"_padding":{"unit":"px","top":"0","right":"0","bottom":"0","left":"0","isLinked":false},"__fa4_migrated":{"selected_icon":true},"align":"left"},"elements":[],"isInner":false,"widgetType":"icon","elType":"widget"},{"id":"60a5abeb","settings":{"image":{"url":"","id":""},"title_text":"Publish your listing","description_text":"Lorem ipsum dolor sit amet, consectetur adipiscing elit, sed do eiusmod tempor incididunt ut labore et dolore. ","css_filters_css_filter":"custom","title_color":"#484848","title_typography_typography":"custom","title_typography_font_family":"Roboto","title_typography_font_weight":"700","text_align":"left","content_vertical_alignment":"middle","title_typography_font_size":{"unit":"px","size":17,"sizes":[]},"description_typography_typography":"custom","description_typography_font_size":{"unit":"px","size":15,"sizes":[]},"description_typography_font_weight":"400","description_typography_line_height":{"unit":"em","size":1.600000000000000088817841970012523233890533447265625,"sizes":[]},"position":"left","description_typography_font_family":"Roboto"},"elements":[],"isInner":false,"widgetType":"image-box","elType":"widget"}],"isInner":true,"elType":"column"},{"id":"75f302d9","settings":{"_column_size":33,"_inline_size":null,"background_background":"gradient","background_color":"#FFFFFF","background_color_b":"#FFFFFF","border_border":"solid","border_width":{"unit":"px","top":"0","right":"0","bottom":"2","left":"0","isLinked":false},"border_color":"rgba(2, 1, 1, 0)","box_shadow_box_shadow":{"horizontal":0,"vertical":10,"blur":31,"spread":0,"color":"rgba(181, 127, 250, 0.09)"},"border_hover_border":"solid","border_hover_width":{"unit":"px","top":"0","right":"0","bottom":"2","left":"0","isLinked":false},"border_hover_color":"#B881FC","box_shadow_hover_box_shadow_type":"yes","box_shadow_hover_box_shadow":{"horizontal":0,"vertical":10,"blur":20,"spread":0,"color":"rgba(0, 0, 0, 0.2)"},"border_hover_transition":{"unit":"px","size":0.40000000000000002220446049250313080847263336181640625,"sizes":[]},"margin":{"unit":"px","top":"0","right":"15","bottom":"0","left":"15","isLinked":false},"padding":{"unit":"px","top":"48","right":"32","bottom":"32","left":"32","isLinked":false},"css_classes":"box-effect-hover","animation":"fadeIn","align":"space-evenly","box_shadow_box_shadow_type":"yes","animation_delay":200,"margin_mobile":{"unit":"px","top":"0","right":"15","bottom":"15","left":"15","isLinked":false},"_inline_size_tablet":50,"margin_tablet":{"unit":"px","top":"15","right":"15","bottom":"15","left":"15","isLinked":true}},"elements":[{"id":"18b5e80e","settings":{"icon":"fa fa-tint","primary_color":"#B881FC","size":{"unit":"px","size":40,"sizes":[]},"_animation":"fadeIn","animation_duration":"slow","hover_animation":"pulse","selected_icon":{"value":{"id":38042,"url":"http:\/\/devmerentals.wpestate.info\/wp-content\/uploads\/2020\/07\/evaluate-1.svg"},"library":"svg"},"_padding":{"unit":"px","top":"0","right":"0","bottom":"0","left":"0","isLinked":false},"__fa4_migrated":{"selected_icon":true},"align":"left"},"elements":[],"isInner":false,"widgetType":"icon","elType":"widget"},{"id":"7b35b60e","settings":{"image":{"url":"","id":""},"title_text":"Get reservations","description_text":"Lorem ipsum dolor sit amet, consectetur adipiscing elit, sed do eiusmod tempor incididunt ut labore et dolore. ","css_filters_css_filter":"custom","title_color":"#484848","title_typography_typography":"custom","title_typography_font_family":"Roboto","title_typography_font_weight":"700","text_align":"left","content_vertical_alignment":"middle","title_typography_font_size":{"unit":"px","size":17,"sizes":[]},"description_typography_typography":"custom","description_typography_font_size":{"unit":"px","size":15,"sizes":[]},"description_typography_font_weight":"400","description_typography_line_height":{"unit":"em","size":1.600000000000000088817841970012523233890533447265625,"sizes":[]},"position":"left","description_typography_font_family":"Roboto"},"elements":[],"isInner":false,"widgetType":"image-box","elType":"widget"}],"isInner":true,"elType":"column"},{"id":"796aa5c4","settings":{"_column_size":33,"_inline_size":null,"background_background":"gradient","background_color":"#FFFFFF","background_color_b":"#FFFFFF","border_border":"solid","border_width":{"unit":"px","top":"0","right":"0","bottom":"2","left":"0","isLinked":false},"border_color":"rgba(2, 1, 1, 0)","box_shadow_box_shadow":{"horizontal":0,"vertical":10,"blur":31,"spread":0,"color":"rgba(181, 127, 250, 0.09)"},"border_hover_border":"solid","border_hover_width":{"unit":"px","top":"0","right":"0","bottom":"2","left":"0","isLinked":false},"border_hover_color":"#B881FC","box_shadow_hover_box_shadow_type":"yes","box_shadow_hover_box_shadow":{"horizontal":0,"vertical":10,"blur":20,"spread":0,"color":"rgba(0, 0, 0, 0.2)"},"border_hover_transition":{"unit":"px","size":0.40000000000000002220446049250313080847263336181640625,"sizes":[]},"margin":{"unit":"px","top":"0","right":"15","bottom":"0","left":"15","isLinked":false},"padding":{"unit":"px","top":"48","right":"32","bottom":"32","left":"32","isLinked":false},"css_classes":"box-effect-hover","animation":"fadeIn","align":"space-evenly","box_shadow_box_shadow_type":"yes","animation_delay":200,"margin_mobile":{"unit":"px","top":"0","right":"15","bottom":"15","left":"15","isLinked":false},"_inline_size_tablet":50,"margin_tablet":{"unit":"px","top":"15","right":"15","bottom":"15","left":"15","isLinked":true}},"elements":[{"id":"78856f1b","settings":{"icon":"fa fa-tint","primary_color":"#B881FC","size":{"unit":"px","size":40,"sizes":[]},"_animation":"fadeIn","animation_duration":"slow","hover_animation":"pulse","selected_icon":{"value":{"url":"http:\/\/devmerentals.wpestate.info\/wp-content\/uploads\/2020\/07\/icon_bar-1.svg","id":38041},"library":"svg"},"_padding":{"unit":"px","top":"0","right":"0","bottom":"0","left":"0","isLinked":false},"__fa4_migrated":{"selected_icon":true},"align":"left"},"elements":[],"isInner":false,"widgetType":"icon","elType":"widget"},{"id":"de21e16","settings":{"image":{"url":"","id":""},"title_text":"Build a successful business","description_text":"Lorem ipsum dolor sit amet, consectetur adipiscing elit, sed do eiusmod tempor incididunt ut labore et dolore. ","css_filters_css_filter":"custom","title_color":"#484848","title_typography_typography":"custom","title_typography_font_family":"Roboto","title_typography_font_weight":"700","text_align":"left","content_vertical_alignment":"middle","title_typography_font_size":{"unit":"px","size":17,"sizes":[]},"description_typography_typography":"custom","description_typography_font_size":{"unit":"px","size":15,"sizes":[]},"description_typography_font_weight":"400","description_typography_line_height":{"unit":"em","size":1.600000000000000088817841970012523233890533447265625,"sizes":[]},"position":"left","description_typography_font_family":"Roboto"},"elements":[],"isInner":false,"widgetType":"image-box","elType":"widget"}],"isInner":true,"elType":"column"}],"isInner":true,"elType":"section"}],"isInner":false,"elType":"column"}],"isInner":false,"elType":"section"},{"id":"6685e50a","settings":{"stretch_section":"section-stretched","padding":{"unit":"px","top":"180","right":"0","bottom":"120","left":"0","isLinked":false},"background_background":"classic","shape_divider_top":"mountains","shape_divider_top_width":{"unit":"%","size":100,"sizes":[]},"shape_divider_top_height":{"unit":"px","size":145,"sizes":[]},"shape_divider_bottom_width":{"unit":"%","size":100,"sizes":[]},"shape_divider_bottom_height":{"unit":"px","size":313,"sizes":[]},"padding_tablet":{"unit":"px","top":"45","right":"10","bottom":"45","left":"10","isLinked":false},"padding_mobile":{"unit":"px","top":"0","right":"0","bottom":"0","left":"0","isLinked":false},"background_color":"#F6F5F4"},"elements":[{"id":"4f2b9300","settings":{"_column_size":100,"_inline_size":null},"elements":[{"id":"48f7238b","settings":{"structure":"30","margin":{"unit":"px","top":"0","right":0,"bottom":"030","left":0,"isLinked":false}},"elements":[{"id":"75136eeb","settings":{"_column_size":33,"_inline_size":25,"_inline_size_tablet":10},"elements":[],"isInner":true,"elType":"column"},{"id":"64b3840e","settings":{"_column_size":33,"_inline_size":49.33200000000000073896444519050419330596923828125,"space_between_widgets":10,"_inline_size_tablet":80},"elements":[{"id":"497e8c45","settings":{"title":"Travel guide expert blog","title_color":"#484848","typography_typography":"custom","typography_font_size":{"unit":"px","size":26,"sizes":[]},"typography_line_height":{"unit":"px","size":28,"sizes":[]},"_animation":"fadeIn","_animation_delay":200,"align_mobile":"center","align":"center","typography_font_family":"Roboto","typography_font_weight":"600","_margin":{"unit":"px","top":"0","right":"0","bottom":"0","left":"0","isLinked":false}},"elements":[],"isInner":false,"widgetType":"heading","elType":"widget"},{"id":"30a62663","settings":{"title":"How to travel on a budget around the world ","header_size":"p","align":"center","title_color":"#5D6475","typography_typography":"custom","typography_font_size":{"unit":"px","size":15,"sizes":[]},"typography_font_weight":"400","typography_line_height":{"unit":"em","size":1.399999999999999911182158029987476766109466552734375,"sizes":[]},"typography_font_family":"Roboto","typography_letter_spacing":{"unit":"px","size":0.5,"sizes":[]},"align_mobile":"center","_animation":"fadeIn","_animation_delay":200},"elements":[],"isInner":false,"widgetType":"heading","elType":"widget"}],"isInner":true,"elType":"column"},{"id":"35ada1b","settings":{"_column_size":33,"_inline_size":25,"_inline_size_tablet":10},"elements":[],"isInner":true,"elType":"column"}],"isInner":true,"elType":"section"},{"id":"7e53f185","settings":{"gap":"no","structure":"30","margin":{"unit":"px","top":"20","right":0,"bottom":"0","left":0,"isLinked":false}},"elements":[{"id":"728d1f52","settings":{"_column_size":33,"_inline_size":null,"_inline_size_tablet":100,"padding":{"unit":"px","top":"0","right":"5","bottom":"0","left":"0","isLinked":false}},"elements":[{"id":"79dca9e4","settings":{"article_id":"220","_animation":"fadeIn","_animation_delay":200},"elements":[],"isInner":false,"widgetType":"Wprentals_Featured_Article","elType":"widget"}],"isInner":true,"elType":"column"},{"id":"44ba2922","settings":{"_column_size":33,"_inline_size":null,"_inline_size_tablet":100,"padding":{"unit":"px","top":"0","right":"5","bottom":"0","left":"5","isLinked":false},"padding_tablet":{"unit":"px","top":"10","right":"0","bottom":"0","left":"0","isLinked":false}},"elements":[{"id":"6a19d5d3","settings":{"article_id":"230","_animation":"fadeIn","_animation_delay":200},"elements":[],"isInner":false,"widgetType":"Wprentals_Featured_Article","elType":"widget"}],"isInner":true,"elType":"column"},{"id":"6a7222cf","settings":{"_column_size":33,"_inline_size":null,"_inline_size_tablet":100,"padding":{"unit":"px","top":"0","right":"0","bottom":"0","left":"5","isLinked":false},"padding_tablet":{"unit":"px","top":"010","right":"0","bottom":"0","left":"0","isLinked":false}},"elements":[{"id":"dc372fc","settings":{"article_id":"240","_animation":"fadeIn","_animation_delay":200},"elements":[],"isInner":false,"widgetType":"Wprentals_Featured_Article","elType":"widget"}],"isInner":true,"elType":"column"}],"isInner":true,"elType":"section"},{"id":"3c5b734c","settings":{"gap":"no","structure":"30","margin":{"unit":"px","top":"10","right":0,"bottom":"0","left":0,"isLinked":false}},"elements":[{"id":"45e6b71c","settings":{"_column_size":33,"_inline_size":null,"_inline_size_tablet":100,"padding":{"unit":"px","top":"0","right":"5","bottom":"0","left":"0","isLinked":false}},"elements":[{"id":"77ae7954","settings":{"article_id":"192","_animation":"fadeIn","_animation_delay":400},"elements":[],"isInner":false,"widgetType":"Wprentals_Featured_Article","elType":"widget"}],"isInner":true,"elType":"column"},{"id":"6ba47ed","settings":{"_column_size":33,"_inline_size":null,"_inline_size_tablet":100,"padding":{"unit":"px","top":"0","right":"5","bottom":"0","left":"5","isLinked":false},"padding_tablet":{"unit":"px","top":"10","right":"0","bottom":"0","left":"0","isLinked":false}},"elements":[{"id":"2ceeb345","settings":{"article_id":"190","_animation":"fadeIn","_animation_delay":400},"elements":[],"isInner":false,"widgetType":"Wprentals_Featured_Article","elType":"widget"}],"isInner":true,"elType":"column"},{"id":"2d2b3e19","settings":{"_column_size":33,"_inline_size":null,"_inline_size_tablet":100,"padding":{"unit":"px","top":"0","right":"0","bottom":"0","left":"5","isLinked":false},"padding_tablet":{"unit":"px","top":"10","right":"0","bottom":"0","left":"0","isLinked":false}},"elements":[{"id":"6f6da073","settings":{"article_id":"200","_animation":"fadeIn","_animation_delay":400},"elements":[],"isInner":false,"widgetType":"Wprentals_Featured_Article","elType":"widget"}],"isInner":true,"elType":"column"}],"isInner":true,"elType":"section"}],"isInner":false,"elType":"column"}],"isInner":false,"elType":"section"}]}