{"version":"0.4","title":"Homepage V5 Elementor","type":"page","content":[{"id":"645918a4","settings":{"gap":"no","margin":{"unit":"px","top":"0","right":0,"bottom":"0","left":0,"isLinked":false},"background_background":"classic","padding":{"unit":"px","top":"080","right":"0","bottom":"100","left":"0","isLinked":false},"stretch_section":"section-stretched","background_color":"#ffffff"},"elements":[{"id":"142e18ab","settings":{"_column_size":100},"elements":[{"id":"47773c17","settings":{"margin":{"unit":"px","top":"","right":0,"bottom":"","left":0,"isLinked":true}},"elements":[{"id":"7062c2f2","settings":{"_column_size":100,"_inline_size":null},"elements":[{"id":"5c79b60a","settings":{"title":"How WpRentals Works","align":"center","title_color":"#484848","typography_typography":"custom","typography_font_size":{"unit":"px","size":28,"sizes":[]},"typography_font_weight":"600","_margin":{"unit":"px","top":"0","right":"0","bottom":"0","left":"0","isLinked":false},"typography_font_family":"Poppins"},"elements":[],"isInner":false,"widgetType":"heading","elType":"widget"},{"id":"c1d570","settings":{"title":"Start your own rental site today","header_size":"p","align":"center","title_color":"#5d6475","typography_typography":"custom","typography_font_size":{"unit":"px","size":15,"sizes":[]},"typography_font_weight":"400","typography_font_family":"Poppins","typography_line_height":{"unit":"em","size":1.399999999999999911182158029987476766109466552734375,"sizes":[]},"typography_letter_spacing":{"unit":"px","size":0.5,"sizes":[]}},"elements":[],"isInner":false,"widgetType":"heading","elType":"widget"},{"id":"7a75d9d9","settings":{"width":{"unit":"px","size":"","sizes":[]},"align":"center"},"elements":[],"isInner":false,"widgetType":"divider","elType":"widget"}],"isInner":true,"elType":"column"}],"isInner":true,"elType":"section"},{"id":"7ec766c3","settings":{"gap":"no","structure":"30","padding":{"unit":"px","top":"0","right":"0","bottom":"0","left":"0","isLinked":false}},"elements":[{"id":"29be6dd2","settings":{"_column_size":33,"_inline_size":null,"padding":{"unit":"px","top":"0","right":"20","bottom":"0","left":"0","isLinked":false}},"elements":[{"id":"758dfdfb","settings":{"image":{"id":35199,"url":"https:\/\/main.wprentals.org\/wp-content\/uploads\/2019\/08\/1392250422_map-.png"},"title_text":"Explore","description_text":"Find, save, and share the perfect place to stay, all from your phone. Find, save, and share the perfect place to stay, all from your phone.","hover_animation":"pop","title_color":"#333333","description_color":"#5d6475","description_typography_typography":"custom","description_typography_font_size":{"unit":"px","size":15,"sizes":[]},"description_typography_line_height":{"unit":"em","size":1.6999999999999999555910790149937383830547332763671875,"sizes":[]},"thumbnail_size":"custom","text_align":"center","thumbnail_custom_dimension":{"width":"70","height":"70"},"background_hover_transition":{"unit":"px","size":"","sizes":[]},"title_typography_typography":"custom","title_typography_font_family":"Poppins","description_typography_font_family":"Poppins"},"elements":[],"isInner":false,"widgetType":"image-box","elType":"widget"}],"isInner":true,"elType":"column"},{"id":"757d2d7c","settings":{"_column_size":33,"_inline_size":null,"padding":{"unit":"px","top":"0","right":"20","bottom":"0","left":"20","isLinked":false}},"elements":[{"id":"18b61705","settings":{"image":{"id":35200,"url":"https:\/\/main.wprentals.org\/wp-content\/uploads\/2019\/08\/1392250322_bubbles.png"},"title_text":"Book","description_text":"Book a listing from a secure platform. Contact owner and ask any questions you have before sending a booking request.","hover_animation":"pop","title_color":"#333333","description_color":"#5d6475","description_typography_typography":"custom","description_typography_font_size":{"unit":"px","size":15,"sizes":[]},"description_typography_line_height":{"unit":"em","size":1.6999999999999999555910790149937383830547332763671875,"sizes":[]},"css_filters_css_filter":"custom","text_align":"center","thumbnail_size":"custom","thumbnail_custom_dimension":{"width":"70","height":"70"},"title_typography_typography":"custom","title_typography_font_family":"Poppins","description_typography_font_family":"Poppins"},"elements":[],"isInner":false,"widgetType":"image-box","elType":"widget"}],"isInner":true,"elType":"column"},{"id":"1412dc7a","settings":{"_column_size":33,"_inline_size":null,"padding":{"unit":"px","top":"0","right":"0","bottom":"0","left":"20","isLinked":false}},"elements":[{"id":"424f6fad","settings":{"image":{"id":35201,"url":"https:\/\/main.wprentals.org\/wp-content\/uploads\/2019\/08\/1392250361_Briefcase.png"},"title_text":"Travel","description_text":"Travel to your favorite places and save money by renting affordable accommodation. Use your savings to buy more gifts for you.","hover_animation":"pop","title_color":"#333333","description_color":"#5d6475","description_typography_typography":"custom","description_typography_font_size":{"unit":"px","size":15,"sizes":[]},"description_typography_line_height":{"unit":"em","size":1.6999999999999999555910790149937383830547332763671875,"sizes":[]},"thumbnail_size":"custom","thumbnail_custom_dimension":{"width":"70","height":"70"},"css_filters_css_filter":"custom","title_typography_typography":"custom","title_typography_font_family":"Poppins","description_typography_font_family":"Poppins"},"elements":[],"isInner":false,"widgetType":"image-box","elType":"widget"}],"isInner":true,"elType":"column"}],"isInner":true,"elType":"section"}],"isInner":false,"elType":"column"}],"isInner":false,"elType":"section"},{"id":"ad62283","settings":{"gap":"no","margin":{"unit":"px","top":"0","right":0,"bottom":"0","left":0,"isLinked":false},"background_background":"classic","padding":{"unit":"px","top":"100","right":"0","bottom":"100","left":"0","isLinked":false},"stretch_section":"section-stretched"},"elements":[{"id":"1c26d3de","settings":{"_column_size":100},"elements":[{"id":"566ad8a","settings":{"margin":{"unit":"px","top":"","right":0,"bottom":"","left":0,"isLinked":true},"gap":"no"},"elements":[{"id":"fac2171","settings":{"_column_size":100,"_inline_size":null},"elements":[{"id":"70d72377","settings":{"title":"List by Category","align":"center","title_color":"#484848","typography_typography":"custom","typography_font_size":{"unit":"px","size":28,"sizes":[]},"typography_font_weight":"600","_margin":{"unit":"px","top":"0","right":"0","bottom":"0","left":"0","isLinked":false},"typography_font_family":"Poppins"},"elements":[],"isInner":false,"widgetType":"heading","elType":"widget"},{"id":"4fd0fb9e","settings":{"title":"highlight the best of your categories","header_size":"p","align":"center","title_color":"#5d6475","typography_typography":"custom","typography_font_size":{"unit":"px","size":15,"sizes":[]},"typography_font_weight":"400","typography_font_family":"Poppins","typography_line_height":{"unit":"em","size":1.399999999999999911182158029987476766109466552734375,"sizes":[]},"typography_letter_spacing":{"unit":"px","size":0.5,"sizes":[]}},"elements":[],"isInner":false,"widgetType":"heading","elType":"widget"},{"id":"53a86a47","settings":{"place_list":["2","3","4","5","6"],"place_per_row":"3","_margin":{"unit":"px","top":"30","right":"0","bottom":"0","left":"0","isLinked":false}},"elements":[],"isInner":false,"widgetType":"Wprentals_Categories_Slider","elType":"widget"}],"isInner":true,"elType":"column"}],"isInner":true,"elType":"section"}],"isInner":false,"elType":"column"}],"isInner":false,"elType":"section"},{"id":"cb19874","settings":{"gap":"no","margin":{"unit":"px","top":"0","right":0,"bottom":"0","left":0,"isLinked":false},"background_background":"classic","padding":{"unit":"px","top":"100","right":"0","bottom":"100","left":"0","isLinked":false},"stretch_section":"section-stretched","background_color":"#ffffff"},"elements":[{"id":"1f46a9e5","settings":{"_column_size":100},"elements":[{"id":"55da40ab","settings":{"margin":{"unit":"px","top":"","right":0,"bottom":"","left":0,"isLinked":true}},"elements":[{"id":"2a4ecc7f","settings":{"_column_size":100,"_inline_size":null},"elements":[{"id":"3fd7968c","settings":{"title":"Featured Listings","align":"center","title_color":"#484848","typography_typography":"custom","typography_font_size":{"unit":"px","size":28,"sizes":[]},"typography_font_weight":"600","_margin":{"unit":"px","top":"0","right":"0","bottom":"0","left":"0","isLinked":false},"typography_font_family":"Poppins"},"elements":[],"isInner":false,"widgetType":"heading","elType":"widget"},{"id":"6b5ed49a","settings":{"title":"highlight the best of your properties","header_size":"p","align":"center","title_color":"#5d6475","typography_typography":"custom","typography_font_size":{"unit":"px","size":15,"sizes":[]},"typography_font_weight":"400","typography_font_family":"Poppins","typography_line_height":{"unit":"em","size":1.399999999999999911182158029987476766109466552734375,"sizes":[]},"typography_letter_spacing":{"unit":"px","size":0.5,"sizes":[]}},"elements":[],"isInner":false,"widgetType":"heading","elType":"widget"}],"isInner":true,"elType":"column"}],"isInner":true,"elType":"section"},{"id":"53410bd7","settings":{"gap":"no","structure":"20","margin":{"unit":"px","top":"30","right":0,"bottom":"0","left":0,"isLinked":false}},"elements":[{"id":"5b70d6b9","settings":{"_column_size":50,"_inline_size":null,"margin":{"unit":"px","top":"0","right":"10","bottom":"0","left":"0","isLinked":false}},"elements":[{"id":"ff96110","settings":{"listing_id":"149"},"elements":[],"isInner":false,"widgetType":"Wprentals_Featured_Listing","elType":"widget"}],"isInner":true,"elType":"column"},{"id":"77b207f8","settings":{"_column_size":50,"_inline_size":null,"margin":{"unit":"px","top":"0","right":"0","bottom":"0","left":"10","isLinked":false}},"elements":[{"id":"651b1243","settings":{"listing_id":"137"},"elements":[],"isInner":false,"widgetType":"Wprentals_Featured_Listing","elType":"widget"}],"isInner":true,"elType":"column"}],"isInner":true,"elType":"section"},{"id":"36c56593","settings":{"gap":"no","structure":"20","margin":{"unit":"px","top":"20","right":0,"bottom":"0","left":0,"isLinked":false}},"elements":[{"id":"28e0ef54","settings":{"_column_size":50,"_inline_size":null,"margin":{"unit":"px","top":"0","right":"10","bottom":"0","left":"0","isLinked":false}},"elements":[{"id":"36830e3e","settings":{"listing_id":"133"},"elements":[],"isInner":false,"widgetType":"Wprentals_Featured_Listing","elType":"widget"}],"isInner":true,"elType":"column"},{"id":"351f654f","settings":{"_column_size":50,"_inline_size":null,"margin":{"unit":"px","top":"0","right":"0","bottom":"0","left":"10","isLinked":false}},"elements":[{"id":"71a25b8f","settings":{"listing_id":"129"},"elements":[],"isInner":false,"widgetType":"Wprentals_Featured_Listing","elType":"widget"}],"isInner":true,"elType":"column"}],"isInner":true,"elType":"section"}],"isInner":false,"elType":"column"}],"isInner":false,"elType":"section"},{"id":"488a6db7","settings":{"gap":"no","margin":{"unit":"px","top":"100","right":0,"bottom":"30","left":0,"isLinked":false},"background_background":"classic","padding":{"unit":"px","top":"0","right":"0","bottom":"0","left":"0","isLinked":false}},"elements":[{"id":"72c4ceeb","settings":{"_column_size":100},"elements":[{"id":"2a7844ba","settings":{"title":"Find a listing ","align":"center","title_color":"#484848","typography_typography":"custom","typography_font_size":{"unit":"px","size":28,"sizes":[]},"typography_font_weight":"600","_margin":{"unit":"px","top":"0","right":"0","bottom":"0","left":"0","isLinked":false},"typography_font_family":"Poppins"},"elements":[],"isInner":false,"widgetType":"heading","elType":"widget"},{"id":"65bb6b96","settings":{"title":"sort listings by category, type, city or area ","header_size":"p","align":"center","title_color":"#5d6475","typography_typography":"custom","typography_font_size":{"unit":"px","size":16,"sizes":[]},"typography_font_weight":"400","typography_font_family":"Poppins"},"elements":[],"isInner":false,"widgetType":"heading","elType":"widget"}],"isInner":false,"elType":"column"}],"isInner":false,"elType":"section"}]}