{"version":"0.4","title":"Homepage Santorini Elementor October 2020","type":"page","content":[{"id":"51824094","settings":{"background_background":"classic","background_color":"#F8F8F8","background_overlay_background":"classic","background_overlay_position":"center right","background_overlay_attachment":"scroll","background_overlay_repeat":"repeat","background_overlay_size":"cover","background_overlay_opacity":{"unit":"px","size":0.040000000000000000832667268468867405317723751068115234375,"sizes":[]},"padding":{"unit":"em","top":"7","right":"0","bottom":"8","left":"0","isLinked":false},"padding_mobile":{"unit":"em","top":"5","right":"0","bottom":"5","left":"0","isLinked":false},"overflow":"hidden","stretch_section":"section-stretched"},"elements":[{"id":"354a9137","settings":{"_column_size":100,"padding_mobile":{"unit":"em","top":"0","right":"1","bottom":"0","left":"1","isLinked":false}},"elements":[{"id":"47a2ce11","settings":{"structure":"30","margin":{"unit":"px","top":"0","right":0,"bottom":"40","left":0,"isLinked":false}},"elements":[{"id":"47b5629d","settings":{"_column_size":33,"_inline_size":20},"elements":[],"isInner":true,"elType":"column"},{"id":"4b454ab1","settings":{"_column_size":33,"_inline_size":59.332999999999998408384271897375583648681640625,"space_between_widgets":0,"animation":"fadeIn","animation_delay":200,"space_between_widgets_mobile":15},"elements":[{"id":"6efb0ad3","settings":{"title":"Why Choose","align":"center","title_color":"#006BFF","typography_typography":"custom","typography_font_family":"Satisfy","typography_font_size":{"unit":"px","size":33,"sizes":[]},"typography_font_weight":"400","typography_line_height":{"unit":"em","size":1,"sizes":[]}},"elements":[],"isInner":false,"widgetType":"heading","elType":"widget"},{"id":"30d4942","settings":{"title":"Santorini Rentals","align":"center","_z_index":5,"title_color":"#484848","typography_typography":"custom","typography_font_size":{"unit":"px","size":50,"sizes":[]},"typography_font_weight":"600","typography_line_height":{"unit":"em","size":1.600000000000000088817841970012523233890533447265625,"sizes":[]},"typography_font_size_mobile":{"unit":"px","size":39,"sizes":[]},"typography_line_height_mobile":{"unit":"em","size":1.1999999999999999555910790149937383830547332763671875,"sizes":[]}},"elements":[],"isInner":false,"widgetType":"heading","elType":"widget"},{"id":"1750aa90","settings":{"title":"Lorem ipsum dolor sit amet, consectetuer adipiscing elit. Aene an commodo ligula eget dolor. Aenean massa. Lorem ipsum dolor sit amet, consectetuer adipisc","header_size":"p","align":"center","title_color":"#5D6475","typography_typography":"custom","typography_font_family":"Roboto","typography_font_size":{"unit":"px","size":16,"sizes":[]},"typography_font_weight":"400","typography_line_height":{"unit":"px","size":26,"sizes":[]}},"elements":[],"isInner":false,"widgetType":"heading","elType":"widget"}],"isInner":true,"elType":"column"},{"id":"76fb9151","settings":{"_column_size":33,"_inline_size":20,"space_between_widgets":0},"elements":[],"isInner":true,"elType":"column"}],"isInner":true,"elType":"section"},{"id":"49f56c24","settings":{"structure":"30","z_index":2,"content_position":"middle","overflow":"hidden"},"elements":[{"id":"251c7d76","settings":{"_column_size":33,"_inline_size":null,"background_background":"classic","background_color":"#ffffff","border_radius":{"unit":"px","top":"10","right":"10","bottom":"10","left":"10","isLinked":true},"margin":{"unit":"px","top":"15","right":"15","bottom":"15","left":"15","isLinked":true},"padding":{"unit":"px","top":"40","right":"50","bottom":"40","left":"50","isLinked":false},"padding_tablet":{"unit":"px","top":"15","right":"15","bottom":"15","left":"15","isLinked":true},"padding_mobile":{"unit":"em","top":"2","right":"1","bottom":"2","left":"1","isLinked":false},"background_hover_background":"classic","background_hover_color":"#F8F8F8","z_index":2,"animation":"fadeIn","animation_delay":200},"elements":[{"id":"24f13796","settings":{"image":{"id":28142,"url":"https:\/\/wpestate1.wpestate.info\/wp-content\/uploads\/2020\/09\/beach-villa.svg"},"title_text":"Luxury Villas Rentals","description_text":"Get ready to launch your business in minutes with the easiest editor.","image_size":{"unit":"%","size":56,"sizes":[]},"text_align":"center","text_align_tablet":"center","text_align_mobile":"center","title_bottom_space":{"unit":"px","size":9,"sizes":[]},"title_color":"#484848","title_typography_typography":"custom","title_typography_font_size":{"unit":"px","size":24,"sizes":[]},"title_typography_font_size_tablet":{"unit":"px","size":24,"sizes":[]},"title_typography_font_size_mobile":{"unit":"px","size":26,"sizes":[]},"title_typography_font_weight":"700","title_typography_line_height":{"unit":"px","size":32,"sizes":[]},"description_color":"#5D6475","description_typography_typography":"custom","description_typography_font_size":{"unit":"px","size":16,"sizes":[]},"description_typography_line_height":{"unit":"px","size":26,"sizes":[]},"_margin_mobile":{"unit":"px","top":"0","right":"0","bottom":"25","left":"0","isLinked":false},"image_size_mobile":{"unit":"%","size":42,"sizes":[]}},"elements":[],"isInner":false,"widgetType":"image-box","elType":"widget"},{"id":"7a66c611","settings":{"text":"Read More","align":"center","icon_align":"right","icon_indent":{"unit":"px","size":8,"sizes":[]},"typography_typography":"custom","typography_font_size":{"unit":"px","size":14,"sizes":[]},"typography_font_weight":"500","typography_letter_spacing":{"unit":"px","size":1.3000000000000000444089209850062616169452667236328125,"sizes":[]},"button_text_color":"#006BFF","background_color":"rgba(255, 157, 28, 0)","border_radius":{"unit":"px","top":"6","right":"6","bottom":"6","left":"6","isLinked":true},"text_padding":{"unit":"px","top":"0","right":"0","bottom":"0","left":"0","isLinked":true},"selected_icon":{"value":"fas fa-caret-right","library":"fa-solid"},"hover_color":"#222222"},"elements":[],"isInner":false,"widgetType":"button","elType":"widget"}],"isInner":true,"elType":"column"},{"id":"16f9bb80","settings":{"_column_size":33,"_inline_size":null,"background_background":"classic","background_color":"#ffffff","border_radius":{"unit":"px","top":"10","right":"10","bottom":"10","left":"10","isLinked":true},"margin":{"unit":"px","top":"15","right":"15","bottom":"15","left":"15","isLinked":true},"padding":{"unit":"px","top":"40","right":"50","bottom":"40","left":"50","isLinked":false},"padding_tablet":{"unit":"px","top":"15","right":"15","bottom":"15","left":"15","isLinked":true},"padding_mobile":{"unit":"em","top":"2","right":"1","bottom":"2","left":"1","isLinked":false},"background_hover_background":"classic","background_hover_color":"#F8F8F8","z_index":2,"animation":"fadeIn","animation_delay":200},"elements":[{"id":"595854c2","settings":{"image":{"id":28179,"url":"https:\/\/wpestate1.wpestate.info\/wp-content\/uploads\/2020\/09\/boat-steering.svg"},"title_text":"No Booking Fees","description_text":"Get ready to launch your business in minutes with the easiest editor.","image_size":{"unit":"%","size":56,"sizes":[]},"text_align":"center","text_align_tablet":"center","text_align_mobile":"center","title_bottom_space":{"unit":"px","size":9,"sizes":[]},"title_color":"#484848","title_typography_typography":"custom","title_typography_font_size":{"unit":"px","size":24,"sizes":[]},"title_typography_font_size_tablet":{"unit":"px","size":24,"sizes":[]},"title_typography_font_size_mobile":{"unit":"px","size":26,"sizes":[]},"title_typography_font_weight":"700","title_typography_line_height":{"unit":"px","size":32,"sizes":[]},"description_color":"#5D6475","description_typography_typography":"custom","description_typography_font_size":{"unit":"px","size":16,"sizes":[]},"description_typography_line_height":{"unit":"px","size":26,"sizes":[]},"_margin_mobile":{"unit":"px","top":"0","right":"0","bottom":"25","left":"0","isLinked":false},"image_size_mobile":{"unit":"%","size":42,"sizes":[]}},"elements":[],"isInner":false,"widgetType":"image-box","elType":"widget"},{"id":"71aedb02","settings":{"text":"Read More","align":"center","icon_align":"right","icon_indent":{"unit":"px","size":8,"sizes":[]},"typography_typography":"custom","typography_font_size":{"unit":"px","size":14,"sizes":[]},"typography_font_weight":"500","typography_letter_spacing":{"unit":"px","size":1.3000000000000000444089209850062616169452667236328125,"sizes":[]},"button_text_color":"#006BFF","background_color":"rgba(255, 157, 28, 0)","border_radius":{"unit":"px","top":"6","right":"6","bottom":"6","left":"6","isLinked":true},"text_padding":{"unit":"px","top":"0","right":"0","bottom":"0","left":"0","isLinked":true},"selected_icon":{"value":"fas fa-caret-right","library":"fa-solid"},"hover_color":"#222222"},"elements":[],"isInner":false,"widgetType":"button","elType":"widget"}],"isInner":true,"elType":"column"},{"id":"15743d5c","settings":{"_column_size":33,"_inline_size":null,"background_background":"classic","background_color":"#ffffff","border_radius":{"unit":"px","top":"10","right":"10","bottom":"10","left":"10","isLinked":true},"margin":{"unit":"px","top":"15","right":"15","bottom":"15","left":"15","isLinked":true},"padding":{"unit":"px","top":"40","right":"50","bottom":"40","left":"50","isLinked":false},"padding_tablet":{"unit":"px","top":"15","right":"15","bottom":"15","left":"15","isLinked":true},"padding_mobile":{"unit":"em","top":"2","right":"1","bottom":"2","left":"1","isLinked":false},"background_hover_background":"classic","background_hover_color":"#F8F8F8","z_index":2,"animation":"fadeIn","animation_delay":200},"elements":[{"id":"2a996d43","settings":{"image":{"id":28180,"url":"https:\/\/wpestate1.wpestate.info\/wp-content\/uploads\/2020\/09\/digital-camera.svg"},"title_text":"Personalized Service","description_text":"Customize the site to your expectations and design.","image_size":{"unit":"%","size":56,"sizes":[]},"text_align":"center","text_align_tablet":"center","text_align_mobile":"center","title_bottom_space":{"unit":"px","size":9,"sizes":[]},"title_color":"#484848","title_typography_typography":"custom","title_typography_font_size":{"unit":"px","size":24,"sizes":[]},"title_typography_font_size_tablet":{"unit":"px","size":24,"sizes":[]},"title_typography_font_size_mobile":{"unit":"px","size":26,"sizes":[]},"title_typography_font_weight":"700","title_typography_line_height":{"unit":"px","size":32,"sizes":[]},"description_color":"#5D6475","description_typography_typography":"custom","description_typography_font_size":{"unit":"px","size":16,"sizes":[]},"description_typography_line_height":{"unit":"px","size":26,"sizes":[]},"_margin_mobile":{"unit":"px","top":"0","right":"0","bottom":"25","left":"0","isLinked":false},"image_size_mobile":{"unit":"%","size":42,"sizes":[]}},"elements":[],"isInner":false,"widgetType":"image-box","elType":"widget"},{"id":"37e234d2","settings":{"text":"Read More","align":"center","icon_align":"right","icon_indent":{"unit":"px","size":8,"sizes":[]},"typography_typography":"custom","typography_font_size":{"unit":"px","size":14,"sizes":[]},"typography_font_weight":"500","typography_letter_spacing":{"unit":"px","size":1.3000000000000000444089209850062616169452667236328125,"sizes":[]},"button_text_color":"#006BFF","background_color":"rgba(255, 157, 28, 0)","border_radius":{"unit":"px","top":"6","right":"6","bottom":"6","left":"6","isLinked":true},"text_padding":{"unit":"px","top":"0","right":"0","bottom":"0","left":"0","isLinked":true},"selected_icon":{"value":"fas fa-caret-right","library":"fa-solid"},"hover_color":"#222222"},"elements":[],"isInner":false,"widgetType":"button","elType":"widget"}],"isInner":true,"elType":"column"}],"isInner":true,"elType":"section"}],"isInner":false,"elType":"column"}],"isInner":false,"elType":"section"},{"id":"37dfb276","settings":{"background_background":"classic","background_overlay_background":"classic","background_overlay_position":"top center","background_overlay_attachment":"scroll","background_overlay_repeat":"no-repeat","background_overlay_size":"cover","background_overlay_opacity":{"unit":"px","size":1,"sizes":[]},"padding":{"unit":"em","top":"8","right":"0","bottom":"10","left":"0","isLinked":false},"padding_mobile":{"unit":"em","top":"5","right":"0","bottom":"6","left":"0","isLinked":false},"gap":"no","overflow":"hidden","stretch_section":"section-stretched","background_color":"#FFFFFF","padding_tablet":{"unit":"px","top":"90","right":"15","bottom":"90","left":"15","isLinked":false}},"elements":[{"id":"6bca09d1","settings":{"_column_size":100,"padding_mobile":{"unit":"em","top":"0","right":"1","bottom":"0","left":"1","isLinked":false}},"elements":[{"id":"7e2d6dca","settings":{"structure":"30","margin":{"unit":"px","top":"0","right":0,"bottom":"40","left":0,"isLinked":false}},"elements":[{"id":"27c616bd","settings":{"_column_size":33,"_inline_size":20},"elements":[],"isInner":true,"elType":"column"},{"id":"48a87541","settings":{"_column_size":33,"_inline_size":59.332999999999998408384271897375583648681640625,"space_between_widgets":0,"animation":"fadeIn","animation_delay":200,"space_between_widgets_mobile":15},"elements":[{"id":"68dd5bac","settings":{"title":"Discover a Wide","align":"center","title_color":"#006BFF","typography_typography":"custom","typography_font_family":"Satisfy","typography_font_size":{"unit":"px","size":33,"sizes":[]},"typography_font_weight":"400","typography_line_height":{"unit":"em","size":1,"sizes":[]}},"elements":[],"isInner":false,"widgetType":"heading","elType":"widget"},{"id":"348f86ca","settings":{"title":"Villas Selection","align":"center","_z_index":5,"title_color":"#484848","typography_typography":"custom","typography_font_size":{"unit":"px","size":50,"sizes":[]},"typography_font_weight":"600","typography_line_height":{"unit":"em","size":1.600000000000000088817841970012523233890533447265625,"sizes":[]},"typography_font_size_mobile":{"unit":"px","size":39,"sizes":[]},"typography_line_height_mobile":{"unit":"em","size":1.1999999999999999555910790149937383830547332763671875,"sizes":[]}},"elements":[],"isInner":false,"widgetType":"heading","elType":"widget"},{"id":"546746d8","settings":{"title":"Lorem ipsum dolor sit amet, consectetuer adipiscing elit. Aene an commodo ligula eget dolor. Aenean massa. Lorem ipsum dolor sit amet, consectetuer adipisc","header_size":"p","align":"center","title_color":"#5D6475","typography_typography":"custom","typography_font_family":"Roboto","typography_font_size":{"unit":"px","size":16,"sizes":[]},"typography_font_weight":"400","typography_line_height":{"unit":"px","size":26,"sizes":[]}},"elements":[],"isInner":false,"widgetType":"heading","elType":"widget"}],"isInner":true,"elType":"column"},{"id":"4e84c92b","settings":{"_column_size":33,"_inline_size":20,"space_between_widgets":0},"elements":[],"isInner":true,"elType":"column"}],"isInner":true,"elType":"section"},{"id":"6d2d1005","settings":{"number":"6","rownumber":3},"elements":[],"isInner":false,"widgetType":"Wprentals_Recent_Items","elType":"widget"}],"isInner":false,"elType":"column"}],"isInner":false,"elType":"section"},{"id":"6680b532","settings":{"background_background":"classic","background_color":"#F8F8F8","background_overlay_background":"classic","background_overlay_position":"top center","background_overlay_attachment":"scroll","background_overlay_repeat":"no-repeat","background_overlay_size":"cover","background_overlay_opacity":{"unit":"px","size":1,"sizes":[]},"padding":{"unit":"em","top":"10","right":"0","bottom":"10","left":"0","isLinked":false},"padding_mobile":{"unit":"em","top":"5","right":"0","bottom":"6","left":"0","isLinked":false},"gap":"no","overflow":"hidden","stretch_section":"section-stretched","padding_tablet":{"unit":"px","top":"90","right":"15","bottom":"90","left":"15","isLinked":false}},"elements":[{"id":"6cf19a2b","settings":{"_column_size":100,"padding_mobile":{"unit":"em","top":"0","right":"1","bottom":"0","left":"1","isLinked":false}},"elements":[{"id":"5bdbc515","settings":{"structure":"30","margin":{"unit":"px","top":"0","right":0,"bottom":"40","left":0,"isLinked":false}},"elements":[{"id":"2a3a9889","settings":{"_column_size":33,"_inline_size":20},"elements":[],"isInner":true,"elType":"column"},{"id":"4921ac2f","settings":{"_column_size":33,"_inline_size":59.332999999999998408384271897375583648681640625,"space_between_widgets":0,"animation":"fadeIn","animation_delay":200,"space_between_widgets_mobile":15},"elements":[{"id":"60f93777","settings":{"title":"Choose Your","align":"center","title_color":"#006BFF","typography_typography":"custom","typography_font_family":"Satisfy","typography_font_size":{"unit":"px","size":33,"sizes":[]},"typography_font_weight":"400","typography_line_height":{"unit":"em","size":1,"sizes":[]}},"elements":[],"isInner":false,"widgetType":"heading","elType":"widget"},{"id":"7223e0b8","settings":{"title":"Town or Village","align":"center","_z_index":5,"title_color":"#484848","typography_typography":"custom","typography_font_size":{"unit":"px","size":50,"sizes":[]},"typography_font_weight":"600","typography_line_height":{"unit":"em","size":1.600000000000000088817841970012523233890533447265625,"sizes":[]},"typography_font_size_mobile":{"unit":"px","size":39,"sizes":[]},"typography_line_height_mobile":{"unit":"em","size":1.1999999999999999555910790149937383830547332763671875,"sizes":[]}},"elements":[],"isInner":false,"widgetType":"heading","elType":"widget"},{"id":"53a70585","settings":{"title":"Lorem ipsum dolor sit amet, consectetuer adipiscing elit. Aene an commodo ligula eget dolor. Aenean massa. Lorem ipsum dolor sit amet, consectetuer adipisc","header_size":"p","align":"center","title_color":"#5D6475","typography_typography":"custom","typography_font_family":"Roboto","typography_font_size":{"unit":"px","size":16,"sizes":[]},"typography_font_weight":"400","typography_line_height":{"unit":"px","size":26,"sizes":[]}},"elements":[],"isInner":false,"widgetType":"heading","elType":"widget"}],"isInner":true,"elType":"column"},{"id":"15cb8667","settings":{"_column_size":33,"_inline_size":20,"space_between_widgets":0},"elements":[],"isInner":true,"elType":"column"}],"isInner":true,"elType":"section"},{"id":"7da6a13c","settings":{"structure":"30","z_index":2,"gap":"narrow"},"elements":[{"id":"415c62e4","settings":{"_column_size":33,"_inline_size":49.6490000000000009094947017729282379150390625,"space_between_widgets":10,"animation":"fadeIn","animation_delay":0,"_inline_size_tablet":49},"elements":[{"id":"59e82915","settings":{"place_id":"18","type":"type3","places_height":"360"},"elements":[],"isInner":false,"widgetType":"WpRentals_Featured_Place","elType":"widget"}],"isInner":true,"elType":"column"},{"id":"14ff3cea","settings":{"_column_size":33,"_inline_size":25.0150000000000005684341886080801486968994140625,"space_between_widgets":10,"animation":"fadeIn","animation_delay":0,"_inline_size_tablet":49},"elements":[{"id":"fa8c872","settings":{"place_id":"23","type":"type3","places_height":"360"},"elements":[],"isInner":false,"widgetType":"WpRentals_Featured_Place","elType":"widget"}],"isInner":true,"elType":"column"},{"id":"77a00b98","settings":{"_column_size":33,"_inline_size":25,"space_between_widgets":10,"animation":"fadeIn","animation_delay":0,"_inline_size_tablet":49},"elements":[{"id":"2f7ab99c","settings":{"place_id":"21","type":"type3","places_height":"360"},"elements":[],"isInner":false,"widgetType":"WpRentals_Featured_Place","elType":"widget"}],"isInner":true,"elType":"column"}],"isInner":true,"elType":"section"},{"id":"1aa90e3","settings":{"structure":"30","z_index":2,"gap":"narrow"},"elements":[{"id":"3be4a92d","settings":{"_column_size":33,"_inline_size":24.6640000000000014779288903810083866119384765625,"space_between_widgets":10,"animation":"fadeIn","animation_delay":0,"_inline_size_tablet":49},"elements":[{"id":"41cc6836","settings":{"place_id":"22","type":"type3","places_height":"360"},"elements":[],"isInner":false,"widgetType":"WpRentals_Featured_Place","elType":"widget"}],"isInner":true,"elType":"column"},{"id":"697af0f3","settings":{"_column_size":33,"_inline_size":25,"space_between_widgets":10,"animation":"fadeIn","animation_delay":0,"_inline_size_tablet":49},"elements":[{"id":"3c741446","settings":{"place_id":"19","type":"type3","places_height":"360"},"elements":[],"isInner":false,"widgetType":"WpRentals_Featured_Place","elType":"widget"}],"isInner":true,"elType":"column"},{"id":"a485471","settings":{"_column_size":33,"_inline_size":50,"space_between_widgets":10,"animation":"fadeIn","animation_delay":0,"_inline_size_tablet":49},"elements":[{"id":"4b649b4f","settings":{"place_id":"17","type":"type3","places_height":"360"},"elements":[],"isInner":false,"widgetType":"WpRentals_Featured_Place","elType":"widget"}],"isInner":true,"elType":"column"}],"isInner":true,"elType":"section"},{"id":"2190290d","settings":{"space_mobile":{"unit":"px","size":30,"sizes":[]}},"elements":[],"isInner":false,"widgetType":"spacer","elType":"widget"}],"isInner":false,"elType":"column"}],"isInner":false,"elType":"section"},{"id":"2896b314","settings":{"layout":"full_width","stretch_section":"section-stretched","background_background":"classic","background_image":{"url":"https:\/\/wpestate1.wpestate.info\/wp-content\/uploads\/2018\/05\/santorini-4-2.jpg","id":28002},"background_attachment":"fixed","background_overlay_background":"classic","background_overlay_color":"#00000099","background_overlay_opacity":{"unit":"px","size":1,"sizes":[]},"padding":{"unit":"px","top":"150","right":"0","bottom":"150","left":"0","isLinked":false}},"elements":[{"id":"29a52f64","settings":{"_column_size":100,"_inline_size":null},"elements":[{"id":"479df46b","settings":{"structure":"30","margin":{"unit":"px","top":"0","right":0,"bottom":"40","left":0,"isLinked":false}},"elements":[{"id":"16504e4c","settings":{"_column_size":33,"_inline_size":20},"elements":[],"isInner":true,"elType":"column"},{"id":"5ac9323","settings":{"_column_size":33,"_inline_size":59.332999999999998408384271897375583648681640625,"space_between_widgets":0,"animation":"fadeIn","animation_delay":200,"space_between_widgets_mobile":15},"elements":[{"id":"5f8ad10","settings":{"title":"The Unforgettable","align":"center","title_color":"#FFFFFF","typography_typography":"custom","typography_font_family":"Satisfy","typography_font_size":{"unit":"px","size":33,"sizes":[]},"typography_font_weight":"400","typography_line_height":{"unit":"em","size":1,"sizes":[]}},"elements":[],"isInner":false,"widgetType":"heading","elType":"widget"},{"id":"42f4c4","settings":{"title":"Santorini Island","align":"center","_z_index":5,"title_color":"#FFFFFF","typography_typography":"custom","typography_font_size":{"unit":"px","size":50,"sizes":[]},"typography_font_weight":"600","typography_line_height":{"unit":"em","size":1.600000000000000088817841970012523233890533447265625,"sizes":[]},"typography_font_size_mobile":{"unit":"px","size":39,"sizes":[]},"typography_line_height_mobile":{"unit":"em","size":1.1999999999999999555910790149937383830547332763671875,"sizes":[]}},"elements":[],"isInner":false,"widgetType":"heading","elType":"widget"},{"id":"71060c3d","settings":{"title":"Lorem ipsum dolor sit amet, consectetuer adipiscing elit. Aene an commodo ligula eget dolor. Aenean massa. Lorem ipsum dolor sit amet, consectetuer adipisc","header_size":"p","align":"center","title_color":"#FFFFFF","typography_typography":"custom","typography_font_family":"Roboto","typography_font_size":{"unit":"px","size":16,"sizes":[]},"typography_font_weight":"400","typography_line_height":{"unit":"px","size":26,"sizes":[]}},"elements":[],"isInner":false,"widgetType":"heading","elType":"widget"}],"isInner":true,"elType":"column"},{"id":"77180683","settings":{"_column_size":33,"_inline_size":20,"space_between_widgets":0},"elements":[],"isInner":true,"elType":"column"}],"isInner":true,"elType":"section"},{"id":"2a41e5f1","settings":{"structure":"30","margin":{"unit":"px","top":"0","right":0,"bottom":"00","left":0,"isLinked":false}},"elements":[{"id":"131e4e29","settings":{"_column_size":33,"_inline_size":15},"elements":[],"isInner":true,"elType":"column"},{"id":"588480ef","settings":{"_column_size":33,"_inline_size":69.6640000000000014779288903810083866119384765625,"space_between_widgets":0},"elements":[{"id":"9415fc2","settings":{"video_type":"vimeo","youtube_url":"https:\/\/www.youtube.com\/watch?v=XHOmBV4js_E","vimeo_url":"https:\/\/vimeo.com\/71319358","dailymotion_url":"https:\/\/www.dailymotion.com\/video\/x6tqhqb","show_image_overlay":"yes","image_overlay":{"url":"https:\/\/wpestate1.wpestate.info\/wp-content\/uploads\/2020\/09\/tourist_couple_1000.jpg","id":28237}},"elements":[],"isInner":false,"widgetType":"video","elType":"widget"}],"isInner":true,"elType":"column"},{"id":"3c011042","settings":{"_column_size":33,"_inline_size":15},"elements":[],"isInner":true,"elType":"column"}],"isInner":true,"elType":"section"}],"isInner":false,"elType":"column"}],"isInner":false,"elType":"section"},{"id":"1b74460d","settings":{"background_background":"classic","background_color":"#F8F8F8","background_overlay_background":"classic","background_overlay_position":"top center","background_overlay_attachment":"scroll","background_overlay_repeat":"no-repeat","background_overlay_size":"cover","background_overlay_opacity":{"unit":"px","size":1,"sizes":[]},"padding":{"unit":"em","top":"10","right":"0","bottom":"10","left":"0","isLinked":false},"padding_mobile":{"unit":"em","top":"5","right":"0","bottom":"6","left":"0","isLinked":false},"gap":"no","overflow":"hidden","stretch_section":"section-stretched"},"elements":[{"id":"2d3ab6fe","settings":{"_column_size":100,"padding_mobile":{"unit":"em","top":"0","right":"1","bottom":"0","left":"1","isLinked":false}},"elements":[{"id":"2bae32c4","settings":{"structure":"30","margin":{"unit":"px","top":"0","right":0,"bottom":"40","left":0,"isLinked":false}},"elements":[{"id":"6f8c50de","settings":{"_column_size":33,"_inline_size":20},"elements":[],"isInner":true,"elType":"column"},{"id":"46e2508","settings":{"_column_size":33,"_inline_size":59.332999999999998408384271897375583648681640625,"space_between_widgets":0,"animation":"fadeIn","animation_delay":200,"space_between_widgets_mobile":15},"elements":[{"id":"18a7fa5b","settings":{"title":"Plan The","align":"center","title_color":"#006BFF","typography_typography":"custom","typography_font_family":"Satisfy","typography_font_size":{"unit":"px","size":33,"sizes":[]},"typography_font_weight":"400","typography_line_height":{"unit":"em","size":1,"sizes":[]}},"elements":[],"isInner":false,"widgetType":"heading","elType":"widget"},{"id":"78ed9683","settings":{"title":"Perfect Holiday","align":"center","_z_index":5,"title_color":"#484848","typography_typography":"custom","typography_font_size":{"unit":"px","size":50,"sizes":[]},"typography_font_weight":"600","typography_line_height":{"unit":"em","size":1.600000000000000088817841970012523233890533447265625,"sizes":[]},"typography_font_size_mobile":{"unit":"px","size":39,"sizes":[]},"typography_line_height_mobile":{"unit":"em","size":1.1999999999999999555910790149937383830547332763671875,"sizes":[]}},"elements":[],"isInner":false,"widgetType":"heading","elType":"widget"},{"id":"613c61b3","settings":{"title":"Lorem ipsum dolor sit amet, consectetuer adipiscing elit. Aene an commodo ligula eget dolor. Aenean massa. Lorem ipsum dolor sit amet, consectetuer adipisc","header_size":"p","align":"center","title_color":"#5D6475","typography_typography":"custom","typography_font_family":"Roboto","typography_font_size":{"unit":"px","size":16,"sizes":[]},"typography_font_weight":"400","typography_line_height":{"unit":"px","size":26,"sizes":[]}},"elements":[],"isInner":false,"widgetType":"heading","elType":"widget"}],"isInner":true,"elType":"column"},{"id":"492765","settings":{"_column_size":33,"_inline_size":20,"space_between_widgets":0},"elements":[],"isInner":true,"elType":"column"}],"isInner":true,"elType":"section"},{"id":"5b26e4d4","settings":{"z_index":2,"animation":"fadeIn","structure":"30"},"elements":[{"id":"2c65b826","settings":{"_column_size":33,"_inline_size":null},"elements":[{"id":"1e3ba578","settings":{"article_id":"230"},"elements":[],"isInner":false,"widgetType":"Wprentals_Featured_Article","elType":"widget"}],"isInner":true,"elType":"column"},{"id":"7e7a3051","settings":{"_column_size":33,"_inline_size":null},"elements":[{"id":"292d8c62","settings":{"article_id":"230"},"elements":[],"isInner":false,"widgetType":"Wprentals_Featured_Article","elType":"widget"}],"isInner":true,"elType":"column"},{"id":"46347f91","settings":{"_column_size":33,"_inline_size":null},"elements":[{"id":"73918431","settings":{"article_id":"230"},"elements":[],"isInner":false,"widgetType":"Wprentals_Featured_Article","elType":"widget"}],"isInner":true,"elType":"column"}],"isInner":true,"elType":"section"},{"id":"71f4ad4e","settings":{"z_index":2,"animation":"fadeIn","structure":"30"},"elements":[{"id":"55b43381","settings":{"_column_size":33,"_inline_size":null},"elements":[{"id":"1ad6a92","settings":{"article_id":"230"},"elements":[],"isInner":false,"widgetType":"Wprentals_Featured_Article","elType":"widget"}],"isInner":true,"elType":"column"},{"id":"470f2216","settings":{"_column_size":33,"_inline_size":null},"elements":[{"id":"459df130","settings":{"article_id":"230"},"elements":[],"isInner":false,"widgetType":"Wprentals_Featured_Article","elType":"widget"}],"isInner":true,"elType":"column"},{"id":"462e0a1e","settings":{"_column_size":33,"_inline_size":null},"elements":[{"id":"13edf2f5","settings":{"article_id":"230"},"elements":[],"isInner":false,"widgetType":"Wprentals_Featured_Article","elType":"widget"}],"isInner":true,"elType":"column"}],"isInner":true,"elType":"section"}],"isInner":false,"elType":"column"}],"isInner":false,"elType":"section"},{"id":"750aea6e","settings":{"stretch_section":"section-stretched","layout":"full_width","gap":"no","structure":"20"},"elements":[{"id":"61d1023a","settings":{"_column_size":50,"_inline_size":25,"space_between_widgets":0,"background_background":"classic","background_color":"#FFFFFF","padding":{"unit":"%","top":"20","right":"20","bottom":"20","left":"20","isLinked":true},"animation":"fadeIn","animation_duration":"slow","animation_delay":200},"elements":[{"id":"5f93c099","settings":{"selected_icon":{"value":"fas fa-phone-alt","library":"fa-solid"},"view":"framed","link":{"url":"#","is_external":"","nofollow":"","custom_attributes":""},"align":"left","primary_color":"#484848","size":{"unit":"px","size":19,"sizes":[]},"icon_padding":{"unit":"px","size":10,"sizes":[]},"border_width":{"unit":"px","top":"2","right":"2","bottom":"2","left":"2","isLinked":true},"_margin":{"unit":"px","top":"0","right":"0","bottom":"20","left":"0","isLinked":false}},"elements":[],"isInner":false,"widgetType":"icon","elType":"widget"},{"id":"24975786","settings":{"title":"Call us to help you book your next holiday!","title_color":"#484848","typography_typography":"custom","typography_font_size":{"unit":"px","size":23,"sizes":[]},"_margin":{"unit":"px","top":"0","right":"0","bottom":"15","left":"0","isLinked":false}},"elements":[],"isInner":false,"widgetType":"heading","elType":"widget"},{"id":"cc5a523","settings":{"editor":"<p>Our phone office is<br \/><strong><a href=\"#\">+ 800 8765 5443<\/a><\/strong><\/p>","text_color":"#5D6475","typography_typography":"custom","typography_font_size":{"unit":"px","size":15,"sizes":[]},"typography_line_height":{"unit":"em","size":1.600000000000000088817841970012523233890533447265625,"sizes":[]}},"elements":[],"isInner":false,"widgetType":"text-editor","elType":"widget"},{"id":"6c90579f","settings":{"editor":"<p>Opening hours:<br \/>Monday - Friday<br \/>9:00 am - 18:00 pm<\/p>","text_color":"#5D6475","typography_typography":"custom","typography_font_size":{"unit":"px","size":15,"sizes":[]},"typography_line_height":{"unit":"em","size":1.600000000000000088817841970012523233890533447265625,"sizes":[]}},"elements":[],"isInner":false,"widgetType":"text-editor","elType":"widget"}],"isInner":false,"elType":"column"},{"id":"2af38e54","settings":{"_column_size":50,"_inline_size":75},"elements":[{"id":"5588b841","settings":{"map_height":"500"},"elements":[],"isInner":false,"widgetType":"Wprentals_Full_Map","elType":"widget"}],"isInner":false,"elType":"column"}],"isInner":false,"elType":"section"}]}