{"version":"0.4","title":"Santorini Elementor Homepage","type":"page","content":[{"id":"39dc414","settings":{"padding":{"unit":"px","top":"60","right":"0","bottom":"60","left":"0","isLinked":false}},"elements":[{"id":"6bc3f26c","settings":{"_column_size":100,"_inline_size":null},"elements":[{"id":"78f9c8f3","settings":{"title":"Towns & Villages","align":"center","title_color":"#484848","typography_typography":"custom","typography_font_size":{"unit":"px","size":40,"sizes":[]},"typography_font_weight":"900"},"elements":[],"isInner":false,"widgetType":"heading","elType":"widget"},{"id":"1d6b6e34","settings":{"editor":"<p>These are the best places on Hvar island<\/p>","align":"center","_margin":{"unit":"px","top":"0","right":"0","bottom":"015","left":"0","isLinked":false}},"elements":[],"isInner":false,"widgetType":"text-editor","elType":"widget"},{"id":"6947f6ea","settings":{"place_list":["8","9","10","16","23"],"place_per_row":"4"},"elements":[],"isInner":false,"widgetType":"Wprentals_Categories_Slider","elType":"widget"}],"isInner":false,"elType":"column"}],"isInner":false,"elType":"section"},{"id":"3abe0327","settings":{"stretch_section":"section-stretched","background_background":"classic","background_color":"#F9F9F9","padding":{"unit":"px","top":"90","right":"0","bottom":"90","left":"0","isLinked":false}},"elements":[{"id":"55a5e6dc","settings":{"_column_size":100,"_inline_size":null},"elements":[{"id":"6a493141","settings":{"gap":"wider","structure":"30"},"elements":[{"id":"518b7415","settings":{"_column_size":33,"_inline_size":null},"elements":[{"id":"65513520","settings":{"selected_icon":{"value":"fas fa-search-dollar","library":"fa-solid"},"title_text":"SEARCH","description_text":"Looking for a holiday home in Hvar?  Browse our offer to find the perfect holiday home in Hvar.","primary_color":"#484848","text_align":"center","title_color":"#484848","title_typography_typography":"custom","title_typography_font_size":{"unit":"px","size":24,"sizes":[]},"title_typography_font_weight":"600"},"elements":[],"isInner":false,"widgetType":"icon-box","elType":"widget"}],"isInner":true,"elType":"column"},{"id":"5f88cc","settings":{"_column_size":33,"_inline_size":null},"elements":[{"id":"6f52291f","settings":{"selected_icon":{"value":"fas fa-home","library":"fa-solid"},"title_text":"PERSONAL ADVICE","description_text":"We are happy to help you find your dream home and are available 7\/7 during your stay. Share your requirements with us and we will find you the perfect holiday home in Hvar.","primary_color":"#484848","text_align":"center","title_color":"#484848","title_typography_typography":"custom","title_typography_font_size":{"unit":"px","size":24,"sizes":[]},"title_typography_font_weight":"600"},"elements":[],"isInner":false,"widgetType":"icon-box","elType":"widget"}],"isInner":true,"elType":"column"},{"id":"4087360","settings":{"_column_size":33,"_inline_size":null},"elements":[{"id":"146c596d","settings":{"selected_icon":{"value":"fas fa-sun","library":"fa-solid"},"title_text":"ENJOY","description_text":"Manage your stay from start to finish with our website. Rate the place after you leave.","primary_color":"#484848","text_align":"center","title_color":"#484848","title_typography_typography":"custom","title_typography_font_size":{"unit":"px","size":24,"sizes":[]},"title_typography_font_weight":"600"},"elements":[],"isInner":false,"widgetType":"icon-box","elType":"widget"}],"isInner":true,"elType":"column"}],"isInner":true,"elType":"section"}],"isInner":false,"elType":"column"}],"isInner":false,"elType":"section"},{"id":"42026724","settings":{"padding":{"unit":"px","top":"60","right":"0","bottom":"60","left":"0","isLinked":false}},"elements":[{"id":"80736ad","settings":{"_column_size":100,"_inline_size":null},"elements":[{"id":"233e920f","settings":{"title":"Our Villas Selection","align":"center","title_color":"#484848","typography_typography":"custom","typography_font_size":{"unit":"px","size":40,"sizes":[]},"typography_font_weight":"900"},"elements":[],"isInner":false,"widgetType":"heading","elType":"widget"},{"id":"377e4ae6","settings":{"editor":"<p>Modern &amp; fully equipped villas<\/p>","align":"center","_margin":{"unit":"px","top":"0","right":"0","bottom":"015","left":"0","isLinked":false}},"elements":[],"isInner":false,"widgetType":"text-editor","elType":"widget"},{"id":"673f011","settings":{"number":"6","rownumber":3},"elements":[],"isInner":false,"widgetType":"Wprentals_Recent_Items","elType":"widget"}],"isInner":false,"elType":"column"}],"isInner":false,"elType":"section"},{"id":"5cc02e1f","settings":{"stretch_section":"section-stretched","layout":"full_width"},"elements":[{"id":"280f3585","settings":{"_column_size":100,"_inline_size":null},"elements":[{"id":"13202b57","settings":{"listing_id":"133","type":"type3"},"elements":[],"isInner":false,"widgetType":"Wprentals_Featured_Listing","elType":"widget"}],"isInner":false,"elType":"column"}],"isInner":false,"elType":"section"},{"id":"607365a6","settings":{"padding":{"unit":"px","top":"60","right":"0","bottom":"60","left":"0","isLinked":false}},"elements":[{"id":"3a0581c5","settings":{"_column_size":100,"_inline_size":null},"elements":[{"id":"53e9d31f","settings":{"title":"Things to do","align":"center","title_color":"#484848","typography_typography":"custom","typography_font_size":{"unit":"px","size":40,"sizes":[]},"typography_font_weight":"900"},"elements":[],"isInner":false,"widgetType":"heading","elType":"widget"},{"id":"4a29596a","settings":{"editor":"<p>How you can enjoy your holiday in Santorini<\/p>","align":"center","_margin":{"unit":"px","top":"0","right":"0","bottom":"015","left":"0","isLinked":false}},"elements":[],"isInner":false,"widgetType":"text-editor","elType":"widget"},{"id":"7a44d29e","settings":{"type":"articles","number":"6","rownumber":3},"elements":[],"isInner":false,"widgetType":"Wprentals_Recent_Items","elType":"widget"}],"isInner":false,"elType":"column"}],"isInner":false,"elType":"section"}]}