{"version":"0.4","title":"Homepage Santorini Demo","type":"page","content":[{"id":"5810a8db","settings":{"padding":{"unit":"px","top":"60","right":"0","bottom":"60","left":"0","isLinked":false}},"elements":[{"id":"17428e57","settings":{"_column_size":100,"_inline_size":null},"elements":[{"id":"bf34ed2","settings":{"title":"Towns & Villages","align":"center","typography_typography":"custom","typography_font_size":{"unit":"px","size":40,"sizes":[]},"typography_font_weight":"900"},"elements":[],"isInner":false,"widgetType":"heading","elType":"widget"},{"id":"3f87e1e5","settings":{"editor":"<p style=\"text-align: center; font-size:17px\">These are the best places in Santorini<\/p>","text_color":"#8A8F9A","typography_typography":"custom","typography_font_size":{"unit":"px","size":17,"sizes":[]},"typography_line_height":{"unit":"em","size":0.1000000000000000055511151231257827021181583404541015625,"sizes":[]},"_padding":{"unit":"px","top":"0","right":"0","bottom":"30","left":"0","isLinked":false}},"elements":[],"isInner":false,"widgetType":"text-editor","elType":"widget"},{"id":"9bb26d6","settings":{"place_list":["17","18","21","22","23"],"place_per_row":"4"},"elements":[],"isInner":false,"widgetType":"Wprentals_Categories_Slider","elType":"widget"}],"isInner":false,"elType":"column"}],"isInner":false,"elType":"section"},{"id":"163296f8","settings":{"stretch_section":"section-stretched","background_background":"classic","background_color":"#F9F9F4","padding":{"unit":"px","top":"100","right":"0","bottom":"100","left":"0","isLinked":false}},"elements":[{"id":"49ce210f","settings":{"_column_size":100,"_inline_size":null},"elements":[{"id":"203e5b65","settings":{"structure":"30"},"elements":[{"id":"791c828b","settings":{"_column_size":33,"_inline_size":null},"elements":[{"id":"307adc2","settings":{"image":{"url":"https:\/\/holidelia.com\/wp-content\/uploads\/2018\/05\/searcj64-4-2.png","id":1952},"align":"center","image_border_border":"double","image_border_width":{"unit":"px","top":"1","right":"1","bottom":"1","left":"1","isLinked":true},"image_border_color":"#EBEBEA"},"elements":[],"isInner":false,"widgetType":"image","elType":"widget"},{"id":"2e790cbe","settings":{"title":"SEARCH","align":"center"},"elements":[],"isInner":false,"widgetType":"heading","elType":"widget"},{"id":"59b77f31","settings":{"editor":"<p style=\"text-align: center;\">Find your perfect place to stay from millions of choices, no matter your destination or budget.<\/p>"},"elements":[],"isInner":false,"widgetType":"text-editor","elType":"widget"}],"isInner":true,"elType":"column"},{"id":"91d19e","settings":{"_column_size":33,"_inline_size":null},"elements":[{"id":"99c4082","settings":{"image":{"url":"https:\/\/holidelia.com\/wp-content\/uploads\/2018\/05\/bunga-4-2.png","id":1954},"align":"center","image_border_border":"double","image_border_width":{"unit":"px","top":"1","right":"1","bottom":"1","left":"1","isLinked":true},"image_border_color":"#EBEBEA"},"elements":[],"isInner":false,"widgetType":"image","elType":"widget"},{"id":"36034842","settings":{"title":"RENT","align":"center"},"elements":[],"isInner":false,"widgetType":"heading","elType":"widget"},{"id":"64e2c363","settings":{"editor":"<p style=\"text-align: center;\">Book and pay securely online \u2014 you\u2019re in safe hands with our Book with Confidence guarantee.<\/p>"},"elements":[],"isInner":false,"widgetType":"text-editor","elType":"widget"}],"isInner":true,"elType":"column"},{"id":"514d665c","settings":{"_column_size":33,"_inline_size":null},"elements":[{"id":"6b1ffa38","settings":{"image":{"url":"https:\/\/holidelia.com\/wp-content\/uploads\/2018\/05\/holliday-4-2.png","id":1955},"align":"center","image_border_border":"double","image_border_width":{"unit":"px","top":"1","right":"1","bottom":"1","left":"1","isLinked":true},"image_border_color":"#EBEBEA"},"elements":[],"isInner":false,"widgetType":"image","elType":"widget"},{"id":"65441bd1","settings":{"title":"ENJOY","align":"center"},"elements":[],"isInner":false,"widgetType":"heading","elType":"widget"},{"id":"23c94a29","settings":{"editor":"<p style=\"text-align: center;\">Manage your stay from start to finish with our website. Rate the place after you leave.<\/p>"},"elements":[],"isInner":false,"widgetType":"text-editor","elType":"widget"}],"isInner":true,"elType":"column"}],"isInner":true,"elType":"section"}],"isInner":false,"elType":"column"}],"isInner":false,"elType":"section"},{"id":"4838d135","settings":{"padding":{"unit":"px","top":"60","right":"0","bottom":"60","left":"0","isLinked":false}},"elements":[{"id":"7ddc94d8","settings":{"_column_size":100,"_inline_size":null},"elements":[{"id":"662746e","settings":{"title":"Our Villa Selection","align":"center","typography_typography":"custom","typography_font_size":{"unit":"px","size":40,"sizes":[]},"typography_font_weight":"900"},"elements":[],"isInner":false,"widgetType":"heading","elType":"widget"},{"id":"633a8b12","settings":{"editor":"<p style=\"text-align: center; font-size: 17px;\">Modern &amp; fully equipped villas<\/p>","text_color":"#8A8F9A","typography_typography":"custom","typography_font_size":{"unit":"px","size":17,"sizes":[]},"typography_line_height":{"unit":"em","size":0.1000000000000000055511151231257827021181583404541015625,"sizes":[]},"_padding":{"unit":"px","top":"0","right":"0","bottom":"30","left":"0","isLinked":false}},"elements":[],"isInner":false,"widgetType":"text-editor","elType":"widget"},{"id":"4785a79d","settings":{"number":"6","rownumber":3},"elements":[],"isInner":false,"widgetType":"Wprentals_Recent_Items","elType":"widget"}],"isInner":false,"elType":"column"}],"isInner":false,"elType":"section"},{"id":"526a29f8","settings":{"stretch_section":"section-stretched","layout":"full_width"},"elements":[{"id":"3d31de26","settings":{"_column_size":100,"_inline_size":null},"elements":[{"id":"247f0f9f","settings":{"listing_id":"141","type":"type3"},"elements":[],"isInner":false,"widgetType":"Wprentals_Featured_Listing","elType":"widget"}],"isInner":false,"elType":"column"}],"isInner":false,"elType":"section"},{"id":"336c8b63","settings":{"padding":{"unit":"px","top":"60","right":"0","bottom":"60","left":"0","isLinked":false}},"elements":[{"id":"4a7a6249","settings":{"_column_size":100,"_inline_size":null},"elements":[{"id":"717e54e","settings":{"title":"Things to do","align":"center","typography_typography":"custom","typography_font_size":{"unit":"px","size":40,"sizes":[]},"typography_font_weight":"900"},"elements":[],"isInner":false,"widgetType":"heading","elType":"widget"},{"id":"35ab2c7b","settings":{"editor":"<p style=\"text-align: center; font-size: 17px;\">How you can enjoy your holiday in Santorini<\/p>","text_color":"#8A8F9A","typography_typography":"custom","typography_font_size":{"unit":"px","size":17,"sizes":[]},"typography_line_height":{"unit":"em","size":0.1000000000000000055511151231257827021181583404541015625,"sizes":[]},"_padding":{"unit":"px","top":"0","right":"0","bottom":"30","left":"0","isLinked":false}},"elements":[],"isInner":false,"widgetType":"text-editor","elType":"widget"},{"id":"56842260","settings":{"structure":"30"},"elements":[{"id":"6b7bc583","settings":{"_column_size":33,"_inline_size":null},"elements":[{"id":"76a80438","settings":{"article_id":"240"},"elements":[],"isInner":false,"widgetType":"Wprentals_Featured_Article","elType":"widget"}],"isInner":true,"elType":"column"},{"id":"2227ba17","settings":{"_column_size":33,"_inline_size":null},"elements":[{"id":"67f6b24","settings":{"article_id":"200"},"elements":[],"isInner":false,"widgetType":"Wprentals_Featured_Article","elType":"widget"}],"isInner":true,"elType":"column"},{"id":"1aa0ef72","settings":{"_column_size":33,"_inline_size":null},"elements":[{"id":"28fa70d4","settings":{"article_id":"230"},"elements":[],"isInner":false,"widgetType":"Wprentals_Featured_Article","elType":"widget"}],"isInner":true,"elType":"column"}],"isInner":true,"elType":"section"},{"id":"1343c105","settings":{"structure":"30"},"elements":[{"id":"b5f2b96","settings":{"_column_size":33,"_inline_size":null},"elements":[{"id":"1e2028ac","settings":{"article_id":"240"},"elements":[],"isInner":false,"widgetType":"Wprentals_Featured_Article","elType":"widget"}],"isInner":true,"elType":"column"},{"id":"26459427","settings":{"_column_size":33,"_inline_size":null},"elements":[{"id":"47217bb2","settings":{"article_id":"200"},"elements":[],"isInner":false,"widgetType":"Wprentals_Featured_Article","elType":"widget"}],"isInner":true,"elType":"column"},{"id":"e57176e","settings":{"_column_size":33,"_inline_size":null},"elements":[{"id":"6923c1cd","settings":{"article_id":"230"},"elements":[],"isInner":false,"widgetType":"Wprentals_Featured_Article","elType":"widget"}],"isInner":true,"elType":"column"}],"isInner":true,"elType":"section"}],"isInner":false,"elType":"column"}],"isInner":false,"elType":"section"}]}