{"content":[{"id":"5858416b","settings":{"gap":"no","stretch_section":"section-stretched","background_background":"slideshow","background_image":{"url":"https:\/\/solo.wprentals.org\/wp-content\/uploads\/2021\/08\/header_image.jpeg","id":35364,"alt":"","source":"library"},"background_position":"center center","background_overlay_background":"classic","background_overlay_color":"#000000","background_overlay_opacity":{"unit":"px","size":0.35999999999999998667732370449812151491641998291015625,"sizes":[]},"padding":{"unit":"px","top":"220","right":"0","bottom":"220","left":"0","isLinked":false},"background_attachment":"fixed","shape_divider_bottom":"mountains","shape_divider_bottom_width":{"unit":"%","size":157,"sizes":[]},"shape_divider_bottom_height":{"unit":"px","size":98,"sizes":[]},"shape_divider_bottom_flip":"yes","background_slideshow_gallery":[{"id":36489,"url":"https:\/\/solo.wprentals.org\/wp-content\/uploads\/2021\/09\/header_image1.jpeg"},{"id":36490,"url":"https:\/\/solo.wprentals.org\/wp-content\/uploads\/2021\/09\/header_image2.jpeg"}],"shape_divider_bottom_color":"#FFFFFF","structure":"20","content_position":"middle","background_slideshow_slide_duration":3000,"padding_tablet":{"unit":"px","top":"150","right":"30","bottom":"150","left":"15","isLinked":false},"padding_mobile":{"unit":"px","top":"145","right":"0","bottom":"0145","left":"0","isLinked":false},"background_slideshow_transition_duration":800},"elements":[{"id":"9e91e02","settings":{"_column_size":50,"_inline_size":55.7890000000000014779288903810083866119384765625,"padding":{"unit":"%","top":"0","right":"24","bottom":"0","left":"0","isLinked":false},"padding_tablet":{"unit":"px","top":"0","right":"30","bottom":"0","left":"15","isLinked":false},"padding_mobile":{"unit":"px","top":"0","right":"30","bottom":"30","left":"30","isLinked":false}},"elements":[{"id":"27957417","settings":{"title":"Praslin Luxury Pool Villa in Mah\u00e9","align":"left","title_color":"#FFFFFF","typography_typography":"custom","typography_font_size":{"unit":"px","size":56,"sizes":[]},"typography_font_weight":"600","typography_line_height":{"unit":"em","size":1.1999999999999999555910790149937383830547332763671875,"sizes":[]},"align_mobile":"center","typography_font_size_tablet":{"unit":"px","size":40,"sizes":[]}},"elements":[],"isInner":false,"widgetType":"heading","elType":"widget"},{"id":"c68fb2d","settings":{"title":"Praslin Villa is an award-winning 4-bedroom beach villa in Seychelles with the style and laidback comforts of an exclusive private home. ","header_size":"p","align":"left","title_color":"#FFFFFF","typography_typography":"custom","typography_font_size":{"unit":"px","size":18,"sizes":[]},"typography_font_weight":"400","typography_line_height":{"unit":"em","size":1.600000000000000088817841970012523233890533447265625,"sizes":[]},"typography_letter_spacing":{"unit":"px","size":0.01000000000000000020816681711721685132943093776702880859375,"sizes":[]},"align_mobile":"center"},"elements":[],"isInner":false,"widgetType":"heading","elType":"widget"},{"id":"7d2c77e","settings":{"space":{"unit":"px","size":10,"sizes":[]}},"elements":[],"isInner":false,"widgetType":"spacer","elType":"widget"},{"id":"70d5b34c","settings":{"text":"Read more","align":"left","button_text_color":"#39374D","background_color":"#FFFFFF","border_radius":{"unit":"px","top":"3","right":"3","bottom":"3","left":"3","isLinked":true},"text_padding":{"unit":"px","top":"16","right":"30","bottom":"16","left":"30","isLinked":false},"typography_typography":"custom","typography_font_family":"Roboto","typography_font_size":{"unit":"px","size":14,"sizes":[]},"typography_font_weight":"500","button_background_hover_color":"#FFFFFFEB","align_mobile":"center","link":{"url":"https:\/\/solo.wprentals.org\/holiday-home\/praslin-luxury-pool-villa-in-mahe\/","is_external":"","nofollow":"","custom_attributes":""}},"elements":[],"isInner":false,"widgetType":"button","elType":"widget"}],"isInner":false,"elType":"column"},{"id":"562d4984","settings":{"_column_size":50,"_inline_size":44,"padding":{"unit":"%","top":"0","right":"25","bottom":"0","left":"0","isLinked":false},"padding_tablet":{"unit":"px","top":"0","right":"0","bottom":"0","left":"0","isLinked":false},"padding_mobile":{"unit":"px","top":"30","right":"15","bottom":"0","left":"15","isLinked":false}},"elements":[{"id":"180a7510","settings":{"article_id":"149","hide_contact":"none","hide_social":"none","unit_color":"#FFFFFFE6","property_title_typography":"custom","property_title_font_family":"Roboto","property_title_font_weight":"600"},"elements":[],"isInner":false,"widgetType":"Wprentals_Booking_Form","elType":"widget"}],"isInner":false,"elType":"column"}],"isInner":false,"elType":"section"},{"id":"1cb420c7","settings":{"gap":"no","stretch_section":"section-stretched","background_background":"classic","background_color":"#FFFFFF","padding":{"unit":"px","top":"0100","right":"0","bottom":"100","left":"0","isLinked":false},"_element_id":"details"},"elements":[{"id":"3b1a0583","settings":{"_column_size":100,"_inline_size":null},"elements":[{"id":"70028bd9","settings":{"content_width":{"unit":"px","size":734,"sizes":[]}},"elements":[{"id":"622b697a","settings":{"_column_size":100,"_inline_size":null},"elements":[{"id":"19b841cd","settings":{"title":"The Praslin Villa spacious bedrooms<br> will make you feel in paradise","align":"center","title_color":"#39374D","typography_typography":"custom","typography_font_size":{"unit":"px","size":28,"sizes":[]},"typography_font_weight":"500","typography_letter_spacing":{"unit":"px","size":0.5,"sizes":[]},"typography_line_height":{"unit":"em","size":1.3000000000000000444089209850062616169452667236328125,"sizes":[]},"_padding_mobile":{"unit":"px","top":"0","right":"15","bottom":"0","left":"15","isLinked":false},"_animation":"fadeIn","_animation_delay":200},"elements":[],"isInner":false,"widgetType":"heading","elType":"widget"},{"id":"7b465979","settings":{"title":"Embrace the tranquility of Seychelles Island in the spacious <br>villa situated just a 35-minute flight southwest of Mah\u00e9","header_size":"p","align":"center","title_color":"#7C7C7C","typography_typography":"custom","typography_font_size":{"unit":"px","size":16,"sizes":[]},"typography_font_weight":"400","typography_line_height":{"unit":"em","size":1.5,"sizes":[]},"typography_letter_spacing":{"unit":"px","size":0.01000000000000000020816681711721685132943093776702880859375,"sizes":[]},"_padding_mobile":{"unit":"px","top":"0","right":"15","bottom":"0","left":"15","isLinked":false},"_animation":"fadeIn","_animation_delay":200},"elements":[],"isInner":false,"widgetType":"heading","elType":"widget"}],"isInner":true,"elType":"column"}],"isInner":true,"elType":"section"},{"id":"7ac619a8","settings":{"tabs":[{"tab_title":"Bedroom 1","tab_content":"","_id":"e493161","template_tab":"35694","tab_icon":{"url":"https:\/\/solo.wprentals.org\/wp-content\/uploads\/2021\/08\/bed3.svg","id":36313,"alt":"","source":"library"}},{"tab_title":"Bedroom 2","tab_content":"","_id":"da2d9eb","template_tab":"35697","tab_icon":{"url":"https:\/\/solo.wprentals.org\/wp-content\/uploads\/2021\/08\/wellness.svg","id":35423,"alt":"","source":"library"}},{"tab_title":"Bedroom 3","tab_content":"","template_tab":"35700","_id":"c3f55f5","tab_icon":{"url":"https:\/\/solo.wprentals.org\/wp-content\/uploads\/2021\/08\/pool.svg","id":35424,"alt":"","source":"library"}},{"tab_title":"Bedroom 4","tab_content":"","template_tab":"35702","_id":"84c8c63","tab_icon":{"url":"https:\/\/solo.wprentals.org\/wp-content\/uploads\/2021\/08\/pam-tree.svg","id":35988,"alt":"","source":"library"}}],"_margin":{"unit":"px","top":"50","right":"0","bottom":"0","left":"0","isLinked":false},"tab_active_color":"#4EB1CC"},"elements":[],"isInner":false,"widgetType":"WpRentals_Tabs","elType":"widget"}],"isInner":false,"elType":"column"}],"isInner":false,"elType":"section"},{"id":"23028e59","settings":{"gap":"no","stretch_section":"section-stretched","background_background":"classic","padding":{"unit":"px","top":"150","right":"0","bottom":"150","left":"0","isLinked":false},"shape_divider_top":"mountains","shape_divider_top_width":{"unit":"%","size":274,"sizes":[]},"shape_divider_top_height":{"unit":"px","size":132,"sizes":[]},"shape_divider_bottom":"waves","shape_divider_bottom_width":{"unit":"%","size":274,"sizes":[]},"shape_divider_bottom_height":{"unit":"px","size":132,"sizes":[]},"shape_divider_bottom_flip":"yes"},"elements":[{"id":"21856275","settings":{"_column_size":100,"_inline_size":null,"space_between_widgets":20},"elements":[{"id":"6d0d706e","settings":{"gap":"no","structure":"20","content_position":"middle"},"elements":[{"id":"13e72195","settings":{"_column_size":50,"_inline_size":null,"background_background":"classic","background_image":{"url":"","id":"","alt":"","source":"library"},"background_position":"center center","background_repeat":"no-repeat","background_size":"cover","background_overlay_background":"classic","background_overlay_opacity":{"unit":"px","size":0,"sizes":[]},"border_width":{"unit":"px","top":"4","right":"4","bottom":"4","left":"4","isLinked":true},"border_hover_transition":{"unit":"px","size":0,"sizes":[]},"padding_tablet":{"unit":"px","top":"0","right":"0","bottom":"0","left":"15","isLinked":false},"padding_mobile":{"unit":"px","top":"0","right":"0","bottom":"0","left":"10","isLinked":false}},"elements":[{"id":"32e7773b","settings":{"wp_gallery":[{"id":36495,"url":"https:\/\/solo.wprentals.org\/wp-content\/uploads\/2021\/09\/gallery1.jpeg"},{"id":36496,"url":"https:\/\/solo.wprentals.org\/wp-content\/uploads\/2021\/09\/gallery2.jpeg"},{"id":36497,"url":"https:\/\/solo.wprentals.org\/wp-content\/uploads\/2021\/09\/gallery3.jpeg"},{"id":36498,"url":"https:\/\/solo.wprentals.org\/wp-content\/uploads\/2021\/09\/gallery4.jpeg"},{"id":36499,"url":"https:\/\/solo.wprentals.org\/wp-content\/uploads\/2021\/09\/gallery5.jpeg"},{"id":36500,"url":"https:\/\/solo.wprentals.org\/wp-content\/uploads\/2021\/09\/gallery6.jpeg"},{"id":36501,"url":"https:\/\/solo.wprentals.org\/wp-content\/uploads\/2021\/09\/gallery7.jpeg"},{"id":36502,"url":"https:\/\/solo.wprentals.org\/wp-content\/uploads\/2021\/09\/gallery8.jpeg"},{"id":36503,"url":"https:\/\/solo.wprentals.org\/wp-content\/uploads\/2021\/09\/gallery9.jpeg"},{"id":36504,"url":"https:\/\/solo.wprentals.org\/wp-content\/uploads\/2021\/09\/gallery10.jpeg"},{"id":36505,"url":"https:\/\/solo.wprentals.org\/wp-content\/uploads\/2021\/09\/gallery11.jpeg"},{"id":36506,"url":"https:\/\/solo.wprentals.org\/wp-content\/uploads\/2021\/09\/gallery12.jpeg"}],"thumbnail_size":"wpestate_property_listings","gallery_columns":"3","open_lightbox":"yes","image_spacing":"custom","image_spacing_custom":{"unit":"px","size":5,"sizes":[]},"image_border_width":{"unit":"px","top":"8","right":"8","bottom":"8","left":"8","isLinked":true},"image_border_radius":{"unit":"px","top":"6","right":"6","bottom":"6","left":"6","isLinked":true},"gallery_display_caption":"none","_animation":"fadeIn","_animation_delay":200},"elements":[],"isInner":false,"widgetType":"image-gallery","elType":"widget"}],"isInner":true,"elType":"column"},{"id":"326326ca","settings":{"_column_size":50,"_inline_size":null,"padding":{"unit":"%","top":"15","right":"15","bottom":"15","left":"15","isLinked":true},"space_between_widgets":25,"padding_mobile":{"unit":"px","top":"40","right":"40","bottom":"40","left":"40","isLinked":true}},"elements":[{"id":"6d31c22a","settings":{"title":"Praslin Villa is your perfect luxury retreat in Seychelles","align":"left","title_color":"#39374D","typography_typography":"custom","typography_font_size":{"unit":"px","size":28,"sizes":[]},"typography_font_weight":"500","typography_letter_spacing":{"unit":"px","size":0.5,"sizes":[]},"typography_line_height":{"unit":"em","size":1.3000000000000000444089209850062616169452667236328125,"sizes":[]},"_animation":"fadeIn","_animation_delay":200},"elements":[],"isInner":false,"widgetType":"heading","elType":"widget"},{"id":"1a7045b7","settings":{"title":"Praslin Villa is is an award-winning luxury villa  with the style and laidback comforts of an exclusive private home. ","header_size":"p","align":"left","title_color":"#7C7C7C","typography_typography":"custom","typography_font_size":{"unit":"px","size":16,"sizes":[]},"typography_font_weight":"400","typography_line_height":{"unit":"em","size":1.5,"sizes":[]},"typography_letter_spacing":{"unit":"px","size":0.01000000000000000020816681711721685132943093776702880859375,"sizes":[]},"_animation":"fadeIn","_animation_delay":300},"elements":[],"isInner":false,"widgetType":"heading","elType":"widget"},{"id":"5a10355f","settings":{"title":"Location","align":"left","title_color":"#39374D","typography_typography":"custom","typography_font_size":{"unit":"px","size":16,"sizes":[]},"typography_font_weight":"500","_animation":"fadeIn","_animation_delay":200},"elements":[],"isInner":false,"widgetType":"heading","elType":"widget"},{"id":"78365266","settings":{"title":"Praslin Villa is a 4-bedroom beach villa nestled in a tropical garden overlooking the bay of Grand Bay,  in the heart of a family estate of 10 hectares. ","header_size":"p","align":"left","title_color":"#7C7C7C","typography_typography":"custom","typography_font_size":{"unit":"px","size":16,"sizes":[]},"typography_font_weight":"400","typography_line_height":{"unit":"em","size":1.5,"sizes":[]},"typography_letter_spacing":{"unit":"px","size":0.01000000000000000020816681711721685132943093776702880859375,"sizes":[]},"_animation":"fadeIn","_animation_delay":300},"elements":[],"isInner":false,"widgetType":"heading","elType":"widget"},{"id":"6e862b64","settings":{"title":"Getting here","align":"left","title_color":"#39374D","typography_typography":"custom","typography_font_size":{"unit":"px","size":16,"sizes":[]},"typography_font_weight":"500","_animation":"fadeIn","_animation_delay":200},"elements":[],"isInner":false,"widgetType":"heading","elType":"widget"},{"id":"db84bb9","settings":{"title":"Finding Praslin Villa could hardly be easier. And to ensure your arrival is as smooth as possible, we will pick you up from the airport.","header_size":"p","align":"left","title_color":"#7C7C7C","typography_typography":"custom","typography_font_size":{"unit":"px","size":16,"sizes":[]},"typography_font_weight":"400","typography_line_height":{"unit":"em","size":1.5,"sizes":[]},"typography_letter_spacing":{"unit":"px","size":0.01000000000000000020816681711721685132943093776702880859375,"sizes":[]},"_animation":"fadeIn","_animation_delay":300},"elements":[],"isInner":false,"widgetType":"heading","elType":"widget"},{"id":"377060cf","settings":{"text":"Read more","align":"left","button_text_color":"#FFFFFF","background_color":"#4EB1CC","border_radius":{"unit":"px","top":"3","right":"3","bottom":"3","left":"3","isLinked":true},"text_padding":{"unit":"px","top":"16","right":"30","bottom":"16","left":"30","isLinked":false},"typography_typography":"custom","typography_font_family":"Roboto","typography_font_size":{"unit":"px","size":14,"sizes":[]},"typography_font_weight":"500","hover_color":"#FFFFFF","button_background_hover_color":"#4199B1","link":{"url":"https:\/\/solo.wprentals.org\/holiday-home\/praslin-luxury-pool-villa-in-mahe\/","is_external":"","nofollow":"","custom_attributes":""}},"elements":[],"isInner":false,"widgetType":"button","elType":"widget"}],"isInner":true,"elType":"column"}],"isInner":true,"elType":"section"}],"isInner":false,"elType":"column"}],"isInner":false,"elType":"section"},{"id":"73184518","settings":{"gap":"no","stretch_section":"section-stretched","background_background":"classic","background_color":"#FFFFFF","padding":{"unit":"px","top":"100","right":"0","bottom":"0","left":"0","isLinked":false}},"elements":[{"id":"2fe80784","settings":{"_column_size":100,"_inline_size":null},"elements":[{"id":"7f997566","settings":{"title":"Why Praslin Villa must be the<br> first choice for your holiday","align":"center","title_color":"#39374D","typography_typography":"custom","typography_font_size":{"unit":"px","size":28,"sizes":[]},"typography_font_weight":"500","typography_letter_spacing":{"unit":"px","size":0.5,"sizes":[]},"typography_line_height":{"unit":"em","size":1.3000000000000000444089209850062616169452667236328125,"sizes":[]},"_padding_mobile":{"unit":"px","top":"0","right":"25","bottom":"0","left":"25","isLinked":false},"_animation":"fadeIn","_animation_delay":200},"elements":[],"isInner":false,"widgetType":"heading","elType":"widget"}],"isInner":false,"elType":"column"}],"isInner":false,"elType":"section"},{"id":"5004c528","settings":{"gap":"no","stretch_section":"section-stretched","structure":"40","background_background":"classic","background_color":"#FFFFFF","padding":{"unit":"px","top":"43","right":"0","bottom":"100","left":"0","isLinked":false}},"elements":[{"id":"6c180602","settings":{"_column_size":25,"_inline_size":null,"border_border":"solid","border_color":"#E0E0E0","border_radius":{"unit":"px","top":"3","right":"3","bottom":"3","left":"3","isLinked":true},"margin":{"unit":"%","top":"11","right":"11","bottom":"11","left":"11","isLinked":true},"padding":{"unit":"%","top":"0","right":"0","bottom":"0","left":"0","isLinked":false},"_inline_size_tablet":50,"animation":"fadeIn","animation_delay":200},"elements":[{"id":"767bed3","settings":{"image":{"url":"https:\/\/solo.wprentals.org\/wp-content\/uploads\/2021\/08\/smallimage1.jpeg","id":35977,"alt":"","source":"library"},"image_size":"full","image_custom_dimension":{"width":"100","height":"140"},"image_border_radius":{"unit":"px","top":"6","right":"6","bottom":"6","left":"6","isLinked":true}},"elements":[],"isInner":false,"widgetType":"image","elType":"widget"},{"id":"365e1936","settings":{"selected_icon":{"value":{"url":"https:\/\/solo.wprentals.org\/wp-content\/uploads\/2021\/08\/pool.svg","id":35424},"library":"svg"},"view":"framed","primary_color":"#FFFFFF","secondary_color":"#4EB1CC","size":{"unit":"px","size":29,"sizes":[]},"icon_padding":{"unit":"px","size":10,"sizes":[]},"border_width":{"unit":"px","top":"0","right":"0","bottom":"0","left":"0","isLinked":true},"_position":"absolute","_offset_y":{"unit":"%","size":57,"sizes":[]}},"elements":[],"isInner":false,"widgetType":"icon","elType":"widget"},{"id":"2a53294f","settings":{"space":{"unit":"px","size":10,"sizes":[]}},"elements":[],"isInner":false,"widgetType":"spacer","elType":"widget"},{"id":"11e6b738","settings":{"title":"Infinity Pool","align":"center","title_color":"#39374D","typography_typography":"custom","typography_font_size":{"unit":"px","size":16,"sizes":[]},"typography_font_weight":"500","typography_line_height":{"unit":"em","size":1.399999999999999911182158029987476766109466552734375,"sizes":[]}},"elements":[],"isInner":false,"widgetType":"heading","elType":"widget"},{"id":"1adaa151","settings":{"title":"Cool off or burn some energy in our infinity pool","header_size":"p","align":"center","title_color":"#7C7C7C","typography_typography":"custom","typography_font_size":{"unit":"px","size":16,"sizes":[]},"typography_font_weight":"400","typography_line_height":{"unit":"em","size":1.5,"sizes":[]},"typography_letter_spacing":{"unit":"px","size":0.01000000000000000020816681711721685132943093776702880859375,"sizes":[]}},"elements":[],"isInner":false,"widgetType":"heading","elType":"widget"}],"isInner":false,"elType":"column"},{"id":"2a08d127","settings":{"_column_size":25,"_inline_size":null,"border_border":"solid","border_color":"#E0E0E0","border_radius":{"unit":"px","top":"3","right":"3","bottom":"3","left":"3","isLinked":true},"margin":{"unit":"%","top":"11","right":"11","bottom":"11","left":"11","isLinked":true},"padding":{"unit":"%","top":"0","right":"0","bottom":"0","left":"0","isLinked":false},"_inline_size_tablet":50,"animation":"fadeIn","animation_delay":300},"elements":[{"id":"24beca5d","settings":{"image":{"url":"https:\/\/solo.wprentals.org\/wp-content\/uploads\/2021\/08\/smallimage2.jpeg","id":35978,"alt":"","source":"library"},"image_size":"full","image_custom_dimension":{"width":"100","height":"140"},"image_border_radius":{"unit":"px","top":"6","right":"6","bottom":"6","left":"6","isLinked":true}},"elements":[],"isInner":false,"widgetType":"image","elType":"widget"},{"id":"641eb684","settings":{"selected_icon":{"value":{"url":"https:\/\/solo.wprentals.org\/wp-content\/uploads\/2021\/08\/pam-tree.svg","id":35988},"library":"svg"},"view":"framed","primary_color":"#FFFFFF","secondary_color":"#4EB1CC","size":{"unit":"px","size":29,"sizes":[]},"icon_padding":{"unit":"px","size":10,"sizes":[]},"border_width":{"unit":"px","top":"0","right":"0","bottom":"0","left":"0","isLinked":true},"_position":"absolute","_offset_y":{"unit":"%","size":57,"sizes":[]}},"elements":[],"isInner":false,"widgetType":"icon","elType":"widget"},{"id":"34afa860","settings":{"space":{"unit":"px","size":10,"sizes":[]}},"elements":[],"isInner":false,"widgetType":"spacer","elType":"widget"},{"id":"1fa01e43","settings":{"title":"Beach Access","align":"center","title_color":"#39374D","typography_typography":"custom","typography_font_size":{"unit":"px","size":16,"sizes":[]},"typography_font_weight":"500","typography_line_height":{"unit":"em","size":1.399999999999999911182158029987476766109466552734375,"sizes":[]}},"elements":[],"isInner":false,"widgetType":"heading","elType":"widget"},{"id":"462f85db","settings":{"title":"Enjoy an exclusive beautiful beach on Mah\u00e9","header_size":"p","align":"center","title_color":"#7C7C7C","typography_typography":"custom","typography_font_size":{"unit":"px","size":16,"sizes":[]},"typography_font_weight":"400","typography_line_height":{"unit":"em","size":1.5,"sizes":[]},"typography_letter_spacing":{"unit":"px","size":0.01000000000000000020816681711721685132943093776702880859375,"sizes":[]}},"elements":[],"isInner":false,"widgetType":"heading","elType":"widget"}],"isInner":false,"elType":"column"},{"id":"78b408ea","settings":{"_column_size":25,"_inline_size":null,"border_border":"solid","border_color":"#E0E0E0","border_radius":{"unit":"px","top":"3","right":"3","bottom":"3","left":"3","isLinked":true},"margin":{"unit":"%","top":"11","right":"11","bottom":"11","left":"11","isLinked":true},"padding":{"unit":"%","top":"0","right":"0","bottom":"0","left":"0","isLinked":false},"_inline_size_tablet":50,"animation":"fadeIn","animation_delay":400},"elements":[{"id":"397d1f91","settings":{"image":{"url":"https:\/\/solo.wprentals.org\/wp-content\/uploads\/2021\/08\/smalllimage6_223.jpeg","id":35997,"alt":"","source":"library"},"image_size":"full","image_custom_dimension":{"width":"100","height":"140"},"image_border_radius":{"unit":"px","top":"6","right":"6","bottom":"6","left":"6","isLinked":true}},"elements":[],"isInner":false,"widgetType":"image","elType":"widget"},{"id":"1f5f07c2","settings":{"selected_icon":{"value":{"url":"https:\/\/solo.wprentals.org\/wp-content\/uploads\/2021\/08\/wellness.svg","id":35423},"library":"svg"},"view":"framed","primary_color":"#FFFFFF","secondary_color":"#4EB1CC","size":{"unit":"px","size":29,"sizes":[]},"icon_padding":{"unit":"px","size":10,"sizes":[]},"border_width":{"unit":"px","top":"0","right":"0","bottom":"0","left":"0","isLinked":true},"_position":"absolute","_offset_y":{"unit":"%","size":57,"sizes":[]}},"elements":[],"isInner":false,"widgetType":"icon","elType":"widget"},{"id":"1faf3e50","settings":{"space":{"unit":"px","size":10,"sizes":[]}},"elements":[],"isInner":false,"widgetType":"spacer","elType":"widget"},{"id":"226716bc","settings":{"title":"Spa & Wellness","align":"center","title_color":"#39374D","typography_typography":"custom","typography_font_size":{"unit":"px","size":16,"sizes":[]},"typography_font_weight":"500","typography_line_height":{"unit":"em","size":1.399999999999999911182158029987476766109466552734375,"sizes":[]}},"elements":[],"isInner":false,"widgetType":"heading","elType":"widget"},{"id":"23e08948","settings":{"title":"Embrace the tranquility of Seychelles Island ","header_size":"p","align":"center","title_color":"#7C7C7C","typography_typography":"custom","typography_font_size":{"unit":"px","size":16,"sizes":[]},"typography_font_weight":"400","typography_line_height":{"unit":"em","size":1.5,"sizes":[]},"typography_letter_spacing":{"unit":"px","size":0.01000000000000000020816681711721685132943093776702880859375,"sizes":[]}},"elements":[],"isInner":false,"widgetType":"heading","elType":"widget"}],"isInner":false,"elType":"column"},{"id":"b825273","settings":{"_column_size":25,"_inline_size":null,"border_border":"solid","border_color":"#E0E0E0","border_radius":{"unit":"px","top":"3","right":"3","bottom":"3","left":"3","isLinked":true},"margin":{"unit":"%","top":"11","right":"11","bottom":"11","left":"11","isLinked":true},"padding":{"unit":"%","top":"0","right":"0","bottom":"0","left":"0","isLinked":false},"_inline_size_tablet":50,"animation":"fadeIn","animation_delay":500},"elements":[{"id":"18d6091","settings":{"image":{"url":"https:\/\/solo.wprentals.org\/wp-content\/uploads\/2021\/08\/free_diving_223.jpeg","id":36000,"alt":"","source":"library"},"image_size":"full","image_custom_dimension":{"width":"100","height":"140"},"image_border_radius":{"unit":"px","top":"6","right":"6","bottom":"6","left":"6","isLinked":true}},"elements":[],"isInner":false,"widgetType":"image","elType":"widget"},{"id":"34ffc384","settings":{"selected_icon":{"value":{"url":"https:\/\/solo.wprentals.org\/wp-content\/uploads\/2021\/08\/divin.svg","id":36001},"library":"svg"},"view":"framed","primary_color":"#FFFFFF","secondary_color":"#4EB1CC","size":{"unit":"px","size":29,"sizes":[]},"icon_padding":{"unit":"px","size":10,"sizes":[]},"border_width":{"unit":"px","top":"0","right":"0","bottom":"0","left":"0","isLinked":true},"_position":"absolute","_offset_y":{"unit":"%","size":57,"sizes":[]}},"elements":[],"isInner":false,"widgetType":"icon","elType":"widget"},{"id":"cdd3e2a","settings":{"space":{"unit":"px","size":10,"sizes":[]}},"elements":[],"isInner":false,"widgetType":"spacer","elType":"widget"},{"id":"4b74f4bd","settings":{"title":"Free Diving Gear","align":"center","title_color":"#39374D","typography_typography":"custom","typography_font_size":{"unit":"px","size":16,"sizes":[]},"typography_font_weight":"500","typography_line_height":{"unit":"em","size":1.399999999999999911182158029987476766109466552734375,"sizes":[]}},"elements":[],"isInner":false,"widgetType":"heading","elType":"widget"},{"id":"15694e35","settings":{"title":"Enjoy thrilling and unique experiences in the ocean","header_size":"p","align":"center","title_color":"#7C7C7C","typography_typography":"custom","typography_font_size":{"unit":"px","size":16,"sizes":[]},"typography_font_weight":"400","typography_line_height":{"unit":"em","size":1.5,"sizes":[]},"typography_letter_spacing":{"unit":"px","size":0.01000000000000000020816681711721685132943093776702880859375,"sizes":[]}},"elements":[],"isInner":false,"widgetType":"heading","elType":"widget"}],"isInner":false,"elType":"column"}],"isInner":false,"elType":"section"},{"id":"535a5836","settings":{"gap":"no","stretch_section":"section-stretched","background_background":"classic","shape_divider_top":"mountains","shape_divider_top_width":{"unit":"%","size":274,"sizes":[]},"shape_divider_top_height":{"unit":"px","size":132,"sizes":[]},"shape_divider_bottom":"waves","shape_divider_bottom_width":{"unit":"%","size":274,"sizes":[]},"shape_divider_bottom_height":{"unit":"px","size":132,"sizes":[]},"padding":{"unit":"px","top":"150","right":"0","bottom":"150","left":"0","isLinked":false},"_element_id":"prices","shape_divider_bottom_flip":"yes"},"elements":[{"id":"32f2ac1c","settings":{"_column_size":100,"_inline_size":null},"elements":[{"id":"3b2a6cf8","settings":{"content_width":{"unit":"px","size":734,"sizes":[]}},"elements":[{"id":"4eb3651e","settings":{"_column_size":100,"_inline_size":null},"elements":[{"id":"311d71e0","settings":{"title":"Praslin Villa Prices<br>You get a 10% Early Bird Discount ","align":"center","title_color":"#39374D","typography_typography":"custom","typography_font_size":{"unit":"px","size":28,"sizes":[]},"typography_font_weight":"500","typography_letter_spacing":{"unit":"px","size":0.5,"sizes":[]},"typography_line_height":{"unit":"em","size":1.3000000000000000444089209850062616169452667236328125,"sizes":[]},"_padding_mobile":{"unit":"px","top":"0","right":"25","bottom":"0","left":"25","isLinked":false},"_animation":"fadeIn","_animation_delay":200},"elements":[],"isInner":false,"widgetType":"heading","elType":"widget"},{"id":"5545f4b2","settings":{"title":"We offer a 10% discount for all stays booked 3 months in advance. Reserve your favorite holiday  now and don't miss these great discounts. ","header_size":"p","align":"center","title_color":"#7C7C7C","typography_typography":"custom","typography_font_size":{"unit":"px","size":16,"sizes":[]},"typography_font_weight":"400","typography_line_height":{"unit":"em","size":1.5,"sizes":[]},"typography_letter_spacing":{"unit":"px","size":0.01000000000000000020816681711721685132943093776702880859375,"sizes":[]},"_padding_mobile":{"unit":"px","top":"0","right":"15","bottom":"0","left":"15","isLinked":false},"_animation":"fadeIn","_animation_delay":200},"elements":[],"isInner":false,"widgetType":"heading","elType":"widget"},{"id":"6a5fcbe6","settings":{"space":{"unit":"px","size":30,"sizes":[]}},"elements":[],"isInner":false,"widgetType":"spacer","elType":"widget"}],"isInner":true,"elType":"column"}],"isInner":true,"elType":"section"},{"id":"72ff0393","settings":{"content_width":{"unit":"px","size":800,"sizes":[]}},"elements":[{"id":"3f61a292","settings":{"_column_size":100,"_inline_size":null,"align":"center"},"elements":[{"id":"2fb582e8","settings":{"article_id":"149","property_title_typography":"custom","property_title_font_family":"Roboto","property_title_font_weight":"600"},"elements":[],"isInner":false,"widgetType":"Wprentals_Avalability_Calendar","elType":"widget"}],"isInner":true,"elType":"column"}],"isInner":true,"elType":"section"},{"id":"5ba32e08","settings":{"content_width":{"unit":"px","size":700,"sizes":[]}},"elements":[{"id":"206eae07","settings":{"_column_size":100,"_inline_size":null,"align":"center"},"elements":[{"id":"7aefbdb5","settings":{"text":"Book now","align":"center","button_text_color":"#FFFFFF","background_color":"#4EB1CC","border_radius":{"unit":"px","top":"3","right":"3","bottom":"3","left":"3","isLinked":true},"text_padding":{"unit":"px","top":"15","right":"30","bottom":"15","left":"30","isLinked":false},"link":{"url":"https:\/\/solo.wprentals.org\/holiday-home\/praslin-luxury-pool-villa-in-mahe\/","is_external":"","nofollow":"","custom_attributes":""}},"elements":[],"isInner":false,"widgetType":"button","elType":"widget"}],"isInner":true,"elType":"column"}],"isInner":true,"elType":"section"}],"isInner":false,"elType":"column"}],"isInner":false,"elType":"section"},{"id":"1b3947a9","settings":{"gap":"no","stretch_section":"section-stretched","background_background":"classic","padding":{"unit":"px","top":"100","right":"0","bottom":"100","left":"0","isLinked":false},"background_color":"#FFFFFF"},"elements":[{"id":"7f753cfc","settings":{"_column_size":100,"_inline_size":null,"space_between_widgets":20},"elements":[{"id":"67d8a1b9","settings":{"content_width":{"unit":"px","size":734,"sizes":[]}},"elements":[{"id":"617c9418","settings":{"_column_size":100,"_inline_size":null},"elements":[{"id":"54c2c94d","settings":{"title":"More features included in the apartment <br>that make your stay memorable","align":"center","title_color":"#39374D","typography_typography":"custom","typography_font_size":{"unit":"px","size":28,"sizes":[]},"typography_font_weight":"500","typography_letter_spacing":{"unit":"px","size":0.5,"sizes":[]},"typography_line_height":{"unit":"em","size":1.3000000000000000444089209850062616169452667236328125,"sizes":[]},"_padding_mobile":{"unit":"px","top":"0","right":"25","bottom":"0","left":"25","isLinked":false},"_animation":"fadeIn","_animation_delay":200},"elements":[],"isInner":false,"widgetType":"heading","elType":"widget"},{"id":"18029237","settings":{"title":"Embrace the tranquility of Seychelles Island in the spacious <br>villa situated just a 35-minute flight southwest of Mah\u00e9","header_size":"p","align":"center","title_color":"#7C7C7C","typography_typography":"custom","typography_font_size":{"unit":"px","size":16,"sizes":[]},"typography_font_weight":"400","typography_line_height":{"unit":"em","size":1.5,"sizes":[]},"typography_letter_spacing":{"unit":"px","size":0.01000000000000000020816681711721685132943093776702880859375,"sizes":[]},"_padding_mobile":{"unit":"px","top":"0","right":"15","bottom":"0","left":"15","isLinked":false},"_animation":"fadeIn","_animation_delay":200},"elements":[],"isInner":false,"widgetType":"heading","elType":"widget"}],"isInner":true,"elType":"column"}],"isInner":true,"elType":"section"},{"id":"4c4b1a03","settings":{"space":{"unit":"px","size":30,"sizes":[]}},"elements":[],"isInner":false,"widgetType":"spacer","elType":"widget"},{"id":"19807d9a","settings":{"gap":"custom","structure":"30"},"elements":[{"id":"14709923","settings":{"_column_size":33,"_inline_size":null,"space_between_widgets":10,"padding":{"unit":"%","top":"12","right":"12","bottom":"0","left":"12","isLinked":false},"animation":"fadeIn","animation_delay":200},"elements":[{"id":"52a612ab","settings":{"selected_icon":{"value":{"url":"https:\/\/solo.wprentals.org\/wp-content\/uploads\/2021\/08\/car3.svg","id":35991},"library":"svg"},"align":"left","primary_color":"#4EB1CC","size":{"unit":"px","size":42,"sizes":[]}},"elements":[],"isInner":false,"widgetType":"icon","elType":"widget"},{"id":"3cb2a20b","settings":{"title":"Transfer Services","align":"left","title_color":"#39374D","typography_typography":"custom","typography_font_size":{"unit":"px","size":18,"sizes":[]},"typography_font_weight":"500","typography_line_height":{"unit":"em","size":1.399999999999999911182158029987476766109466552734375,"sizes":[]}},"elements":[],"isInner":false,"widgetType":"heading","elType":"widget"},{"id":"6aad9345","settings":{"title":"Begin your holiday with the peace of mind that comes with knowing that all of your airport transfers and transport requirements have been taken care of.","header_size":"p","align":"left","title_color":"#7C7C7C","typography_typography":"custom","typography_font_size":{"unit":"px","size":16,"sizes":[]},"typography_font_weight":"400","typography_line_height":{"unit":"em","size":1.5,"sizes":[]},"typography_letter_spacing":{"unit":"px","size":0.01000000000000000020816681711721685132943093776702880859375,"sizes":[]}},"elements":[],"isInner":false,"widgetType":"heading","elType":"widget"}],"isInner":true,"elType":"column"},{"id":"6a2e8d2","settings":{"_column_size":33,"_inline_size":null,"space_between_widgets":10,"padding":{"unit":"%","top":"12","right":"12","bottom":"0","left":"12","isLinked":false},"animation":"fadeIn","animation_delay":300},"elements":[{"id":"3d126271","settings":{"selected_icon":{"value":{"url":"https:\/\/solo.wprentals.org\/wp-content\/uploads\/2021\/08\/family.svg","id":36012},"library":"svg"},"align":"left","primary_color":"#4EB1CC","size":{"unit":"px","size":42,"sizes":[]}},"elements":[],"isInner":false,"widgetType":"icon","elType":"widget"},{"id":"53f65ffb","settings":{"title":"Family Friendly","align":"left","title_color":"#39374D","typography_typography":"custom","typography_font_size":{"unit":"px","size":18,"sizes":[]},"typography_font_weight":"500","typography_line_height":{"unit":"em","size":1.399999999999999911182158029987476766109466552734375,"sizes":[]}},"elements":[],"isInner":false,"widgetType":"heading","elType":"widget"},{"id":"4cb4b183","settings":{"title":"Year-round warm weather, calm oceans and spectacular outdoor adventures means that there are entertaining activities for travellers of every age.","header_size":"p","align":"left","title_color":"#7C7C7C","typography_typography":"custom","typography_font_size":{"unit":"px","size":16,"sizes":[]},"typography_font_weight":"400","typography_line_height":{"unit":"em","size":1.5,"sizes":[]},"typography_letter_spacing":{"unit":"px","size":0.01000000000000000020816681711721685132943093776702880859375,"sizes":[]}},"elements":[],"isInner":false,"widgetType":"heading","elType":"widget"}],"isInner":true,"elType":"column"},{"id":"1a24670f","settings":{"_column_size":33,"_inline_size":null,"space_between_widgets":10,"padding":{"unit":"%","top":"12","right":"12","bottom":"0","left":"12","isLinked":false},"animation":"fadeIn","animation_delay":300},"elements":[{"id":"53734b84","settings":{"selected_icon":{"value":{"url":"https:\/\/solo.wprentals.org\/wp-content\/uploads\/2021\/08\/surfing-2.svg","id":36014},"library":"svg"},"align":"left","primary_color":"#4EB1CC","size":{"unit":"px","size":42,"sizes":[]}},"elements":[],"isInner":false,"widgetType":"icon","elType":"widget"},{"id":"11a34c4b","settings":{"title":"Surfers Paradise ","align":"left","title_color":"#39374D","typography_typography":"custom","typography_font_size":{"unit":"px","size":18,"sizes":[]},"typography_font_weight":"500","typography_line_height":{"unit":"em","size":1.399999999999999911182158029987476766109466552734375,"sizes":[]}},"elements":[],"isInner":false,"widgetType":"heading","elType":"widget"},{"id":"5905b9de","settings":{"title":"Indulge your senses with our fine range of flavors for sophisticated palates. Our all-day wine & dine facilities combine the perfect text","header_size":"p","align":"left","title_color":"#7C7C7C","typography_typography":"custom","typography_font_size":{"unit":"px","size":16,"sizes":[]},"typography_font_weight":"400","typography_line_height":{"unit":"em","size":1.5,"sizes":[]},"typography_letter_spacing":{"unit":"px","size":0.01000000000000000020816681711721685132943093776702880859375,"sizes":[]}},"elements":[],"isInner":false,"widgetType":"heading","elType":"widget"}],"isInner":true,"elType":"column"}],"isInner":true,"elType":"section"},{"id":"271fb2f2","settings":{"gap":"custom","structure":"30","gap_columns_custom":{"unit":"px","size":50,"sizes":[]}},"elements":[{"id":"9dd69b1","settings":{"_column_size":33,"_inline_size":null,"space_between_widgets":10,"padding":{"unit":"%","top":"12","right":"12","bottom":"0","left":"12","isLinked":false},"animation":"fadeIn","animation_delay":500},"elements":[{"id":"38d3c369","settings":{"selected_icon":{"value":{"url":"https:\/\/solo.wprentals.org\/wp-content\/uploads\/2021\/08\/security.svg","id":35620},"library":"svg"},"align":"left","primary_color":"#4EB1CC","size":{"unit":"px","size":42,"sizes":[]}},"elements":[],"isInner":false,"widgetType":"icon","elType":"widget"},{"id":"397cd495","settings":{"title":"Secured Home","align":"left","title_color":"#39374D","typography_typography":"custom","typography_font_size":{"unit":"px","size":18,"sizes":[]},"typography_font_weight":"500","typography_line_height":{"unit":"em","size":1.399999999999999911182158029987476766109466552734375,"sizes":[]}},"elements":[],"isInner":false,"widgetType":"heading","elType":"widget"},{"id":"1bf9075e","settings":{"title":"Indulge your senses with our fine range of flavors for sophisticated palates. Our all-day wine & dine facilities combine the perfect text","header_size":"p","align":"left","title_color":"#7C7C7C","typography_typography":"custom","typography_font_size":{"unit":"px","size":16,"sizes":[]},"typography_font_weight":"400","typography_line_height":{"unit":"em","size":1.5,"sizes":[]},"typography_letter_spacing":{"unit":"px","size":0.01000000000000000020816681711721685132943093776702880859375,"sizes":[]}},"elements":[],"isInner":false,"widgetType":"heading","elType":"widget"}],"isInner":true,"elType":"column"},{"id":"c7bf171","settings":{"_column_size":33,"_inline_size":null,"space_between_widgets":10,"padding":{"unit":"%","top":"12","right":"12","bottom":"0","left":"12","isLinked":false},"animation":"fadeIn","animation_delay":600},"elements":[{"id":"66d61b54","settings":{"selected_icon":{"value":{"url":"https:\/\/solo.wprentals.org\/wp-content\/uploads\/2021\/08\/chair_accessible.svg","id":35618},"library":"svg"},"align":"left","primary_color":"#4EB1CC","size":{"unit":"px","size":42,"sizes":[]}},"elements":[],"isInner":false,"widgetType":"icon","elType":"widget"},{"id":"2859280b","settings":{"title":"Chair Accessible","align":"left","title_color":"#39374D","typography_typography":"custom","typography_font_size":{"unit":"px","size":18,"sizes":[]},"typography_font_weight":"500","typography_line_height":{"unit":"em","size":1.399999999999999911182158029987476766109466552734375,"sizes":[]}},"elements":[],"isInner":false,"widgetType":"heading","elType":"widget"},{"id":"468c3713","settings":{"title":"Indulge your senses with our fine range of flavors for sophisticated palates. Our all-day wine & dine facilities combine the perfect text","header_size":"p","align":"left","title_color":"#7C7C7C","typography_typography":"custom","typography_font_size":{"unit":"px","size":16,"sizes":[]},"typography_font_weight":"400","typography_line_height":{"unit":"em","size":1.5,"sizes":[]},"typography_letter_spacing":{"unit":"px","size":0.01000000000000000020816681711721685132943093776702880859375,"sizes":[]}},"elements":[],"isInner":false,"widgetType":"heading","elType":"widget"}],"isInner":true,"elType":"column"},{"id":"33c1092b","settings":{"_column_size":33,"_inline_size":null,"space_between_widgets":10,"padding":{"unit":"%","top":"12","right":"12","bottom":"0","left":"12","isLinked":false},"animation":"fadeIn","animation_delay":700},"elements":[{"id":"5852926b","settings":{"selected_icon":{"value":{"url":"https:\/\/solo.wprentals.org\/wp-content\/uploads\/2021\/08\/automatic_pilot_icon.svg","id":35617},"library":"svg"},"align":"left","primary_color":"#4EB1CC","size":{"unit":"px","size":42,"sizes":[]}},"elements":[],"isInner":false,"widgetType":"icon","elType":"widget"},{"id":"b8e7346","settings":{"title":"Sailing Boat","align":"left","title_color":"#39374D","typography_typography":"custom","typography_font_size":{"unit":"px","size":18,"sizes":[]},"typography_font_weight":"500","typography_line_height":{"unit":"em","size":1.399999999999999911182158029987476766109466552734375,"sizes":[]}},"elements":[],"isInner":false,"widgetType":"heading","elType":"widget"},{"id":"3e568d2","settings":{"title":"It is a little-known fact that the Seychelles offers a wide range of small islands to visit by boat and we will help you discover all of them.","header_size":"p","align":"left","title_color":"#7C7C7C","typography_typography":"custom","typography_font_size":{"unit":"px","size":16,"sizes":[]},"typography_font_weight":"400","typography_line_height":{"unit":"em","size":1.5,"sizes":[]},"typography_letter_spacing":{"unit":"px","size":0.01000000000000000020816681711721685132943093776702880859375,"sizes":[]}},"elements":[],"isInner":false,"widgetType":"heading","elType":"widget"}],"isInner":true,"elType":"column"}],"isInner":true,"elType":"section"}],"isInner":false,"elType":"column"}],"isInner":false,"elType":"section"},{"id":"306080fc","settings":{"gap":"no","stretch_section":"section-stretched","background_background":"classic","padding":{"unit":"px","top":"150","right":"0","bottom":"150","left":"0","isLinked":false},"shape_divider_top":"mountains","shape_divider_top_width":{"unit":"%","size":274,"sizes":[]},"shape_divider_top_height":{"unit":"px","size":132,"sizes":[]},"shape_divider_bottom":"waves","shape_divider_bottom_width":{"unit":"%","size":274,"sizes":[]},"shape_divider_bottom_height":{"unit":"px","size":132,"sizes":[]},"shape_divider_bottom_flip":"yes","_element_id":"todo"},"elements":[{"id":"55bfddfd","settings":{"_column_size":100,"_inline_size":null,"space_between_widgets":20},"elements":[{"id":"442afcb0","settings":{"content_width":{"unit":"px","size":734,"sizes":[]}},"elements":[{"id":"40373d69","settings":{"_column_size":100,"_inline_size":null},"elements":[{"id":"25011bce","settings":{"title":"Explore Seychelles guided <br>by locals on every adventure","align":"center","title_color":"#39374D","typography_typography":"custom","typography_font_size":{"unit":"px","size":28,"sizes":[]},"typography_font_weight":"500","typography_letter_spacing":{"unit":"px","size":0.5,"sizes":[]},"typography_line_height":{"unit":"em","size":1.3000000000000000444089209850062616169452667236328125,"sizes":[]},"_padding_mobile":{"unit":"px","top":"0","right":"25","bottom":"0","left":"25","isLinked":false},"_animation":"fadeIn","_animation_delay":200},"elements":[],"isInner":false,"widgetType":"heading","elType":"widget"},{"id":"11a1e3de","settings":{"title":"Embrace the tranquility of Seychelles Island in the spacious <br>villa situated just a 35-minute flight southwest of Mah\u00e9","header_size":"p","align":"center","title_color":"#7C7C7C","typography_typography":"custom","typography_font_size":{"unit":"px","size":16,"sizes":[]},"typography_font_weight":"400","typography_line_height":{"unit":"em","size":1.5,"sizes":[]},"typography_letter_spacing":{"unit":"px","size":0.01000000000000000020816681711721685132943093776702880859375,"sizes":[]},"_padding_mobile":{"unit":"px","top":"0","right":"15","bottom":"0","left":"15","isLinked":false},"_animation":"fadeIn","_animation_delay":200},"elements":[],"isInner":false,"widgetType":"heading","elType":"widget"}],"isInner":true,"elType":"column"}],"isInner":true,"elType":"section"},{"id":"5cfceee","settings":{"space":{"unit":"px","size":30,"sizes":[]}},"elements":[],"isInner":false,"widgetType":"spacer","elType":"widget"},{"id":"317ea29","settings":{"gap":"no","structure":"30","margin":{"unit":"px","top":"20","right":0,"bottom":"0","left":0,"isLinked":false}},"elements":[{"id":"52566180","settings":{"_column_size":33,"_inline_size":null,"_inline_size_tablet":100,"padding":{"unit":"px","top":"0","right":"5","bottom":"0","left":"0","isLinked":false},"border_radius":{"unit":"px","top":"3","right":"3","bottom":"3","left":"3","isLinked":true},"animation":"fadeIn","animation_delay":200},"elements":[{"id":"7013de8","settings":{"article_id":"220","_animation":"none"},"elements":[],"isInner":false,"widgetType":"Wprentals_Featured_Article","elType":"widget"}],"isInner":true,"elType":"column"},{"id":"7f8e02ab","settings":{"_column_size":33,"_inline_size":null,"_inline_size_tablet":100,"padding":{"unit":"px","top":"0","right":"5","bottom":"0","left":"5","isLinked":false},"padding_tablet":{"unit":"px","top":"10","right":"0","bottom":"0","left":"0","isLinked":false},"animation":"fadeIn","animation_delay":300},"elements":[{"id":"375c38bd","settings":{"article_id":"230","_animation":"none"},"elements":[],"isInner":false,"widgetType":"Wprentals_Featured_Article","elType":"widget"}],"isInner":true,"elType":"column"},{"id":"4092918b","settings":{"_column_size":33,"_inline_size":null,"_inline_size_tablet":100,"padding":{"unit":"px","top":"0","right":"0","bottom":"0","left":"5","isLinked":false},"padding_tablet":{"unit":"px","top":"010","right":"0","bottom":"0","left":"0","isLinked":false},"animation":"fadeIn","animation_delay":400},"elements":[{"id":"7376234e","settings":{"article_id":"240","_animation":"none"},"elements":[],"isInner":false,"widgetType":"Wprentals_Featured_Article","elType":"widget"}],"isInner":true,"elType":"column"}],"isInner":true,"elType":"section"}],"isInner":false,"elType":"column"}],"isInner":false,"elType":"section"},{"id":"2e5737c2","settings":{"gap":"no","stretch_section":"section-stretched","background_background":"classic","padding":{"unit":"px","top":"100","right":"0","bottom":"100","left":"0","isLinked":false},"background_color":"#FFFFFF","layout":"full_width","_element_id":"testimonials"},"elements":[{"id":"364c7824","settings":{"_column_size":100,"_inline_size":null,"space_between_widgets":20},"elements":[{"id":"6274df5e","settings":{"content_width":{"unit":"px","size":734,"sizes":[]}},"elements":[{"id":"70ff524a","settings":{"_column_size":100,"_inline_size":null},"elements":[{"id":"2c283f04","settings":{"title":"Read about our travelers experience<br> who stayed at Praslin Villa","align":"center","title_color":"#39374D","typography_typography":"custom","typography_font_size":{"unit":"px","size":28,"sizes":[]},"typography_font_weight":"500","typography_letter_spacing":{"unit":"px","size":0.5,"sizes":[]},"typography_line_height":{"unit":"em","size":1.3000000000000000444089209850062616169452667236328125,"sizes":[]},"_padding_mobile":{"unit":"px","top":"0","right":"25","bottom":"0","left":"25","isLinked":false},"_animation":"fadeIn","_animation_delay":200},"elements":[],"isInner":false,"widgetType":"heading","elType":"widget"},{"id":"2ec606af","settings":{"title":"Embrace the tranquility of Seychelles Island in the spacious <br>villa situated just a 35-minute flight southwest of Mah\u00e9","header_size":"p","align":"center","title_color":"#7C7C7C","typography_typography":"custom","typography_font_size":{"unit":"px","size":16,"sizes":[]},"typography_font_weight":"400","typography_line_height":{"unit":"em","size":1.5,"sizes":[]},"typography_letter_spacing":{"unit":"px","size":0.01000000000000000020816681711721685132943093776702880859375,"sizes":[]},"_padding_mobile":{"unit":"px","top":"0","right":"15","bottom":"0","left":"15","isLinked":false},"_animation":"fadeIn","_animation_delay":200},"elements":[],"isInner":false,"widgetType":"heading","elType":"widget"}],"isInner":true,"elType":"column"}],"isInner":true,"elType":"section"},{"id":"392f04fc","settings":{"space":{"unit":"px","size":30,"sizes":[]}},"elements":[],"isInner":false,"widgetType":"spacer","elType":"widget"},{"id":"57fae8c1","settings":{"structure":"50","layout":"full_width","gap":"custom","gap_columns_custom":{"unit":"px","size":20,"sizes":[]},"content_position":"middle"},"elements":[{"id":"754af2a9","settings":{"_column_size":20,"_inline_size":null,"space_between_widgets":0,"content_position":"top","_inline_size_tablet":50},"elements":[{"id":"3941294b","settings":{"client_name":"Jay Simon","title_client":"from New York","imagelinks":{"id":36204,"url":"https:\/\/solo.wprentals.org\/wp-content\/uploads\/2021\/08\/smile.jpg","alt":"","source":"library"},"testimonial_text":"Absolutely loved this place, wonderful villa, wonderful beach and pool area. The place is really impressive. ","_animation":"none","_animation_delay":200,"testimonials_type":"2","testimonial_type":"2","stars_client":"5"},"elements":[],"isInner":false,"widgetType":"WpRentals_Testimonial","elType":"widget"},{"id":"1f82324b","settings":{"client_name":"Anna Simons","title_client":"from Portugal","imagelinks":{"id":36319,"url":"https:\/\/solo.wprentals.org\/wp-content\/uploads\/2021\/09\/happy.jpg","alt":"","source":"library"},"testimonial_text":"The place is really impressive. I am in love with it, it is wonderful villa, wonderful beach and pool area. ","_animation":"none","_animation_delay":200,"testimonials_type":"2","testimonial_type":"2","stars_client":"5"},"elements":[],"isInner":false,"widgetType":"WpRentals_Testimonial","elType":"widget"}],"isInner":true,"elType":"column"},{"id":"222c191f","settings":{"_column_size":20,"_inline_size":null,"space_between_widgets":14,"_inline_size_tablet":50,"animation":"fadeIn","animation_delay":300},"elements":[{"id":"28e887b1","settings":{"client_name":"Gina Roscoe","title_client":"from Florida","imagelinks":{"id":36323,"url":"https:\/\/solo.wprentals.org\/wp-content\/uploads\/2021\/09\/happy2-e1592465720498.jpg","alt":"","source":"library"},"testimonial_text":"Excellent experience.  We appreciated the kindness of the owner. We will do it again!","_animation":"none","_animation_delay":200,"testimonials_type":"2","testimonial_type":"2","stars_client":"5"},"elements":[],"isInner":false,"widgetType":"WpRentals_Testimonial","elType":"widget"}],"isInner":true,"elType":"column"},{"id":"53e91126","settings":{"_column_size":20,"_inline_size":null,"_inline_size_tablet":50,"animation":"fadeIn","animation_delay":400},"elements":[{"id":"5aeb661b","settings":{"client_name":"Jane Smith","title_client":"from Mexico","imagelinks":{"id":36194,"url":"https:\/\/solo.wprentals.org\/wp-content\/uploads\/2021\/08\/profile2.jpg","alt":"","source":"library"},"testimonial_text":"Great location, nice food, and extremely comfortable rooms.\nGreat value for money!","_animation":"none","_animation_delay":200,"testimonials_type":"2","testimonial_type":"2","stars_client":"5"},"elements":[],"isInner":false,"widgetType":"WpRentals_Testimonial","elType":"widget"},{"id":"5c71f656","settings":{"client_name":"Tania Smith","title_client":"from Belgium","imagelinks":{"id":36178,"url":"https:\/\/solo.wprentals.org\/wp-content\/uploads\/2021\/08\/profile4.jpg","alt":"","source":"library"},"testimonial_text":"With Praslin Villa I can run plan my holidays without worries. I can browse the site easily and book instantly.","_animation":"none","_animation_delay":200,"testimonials_type":"2","testimonial_type":"2","stars_client":"5"},"elements":[],"isInner":false,"widgetType":"WpRentals_Testimonial","elType":"widget"}],"isInner":true,"elType":"column"},{"id":"9cc6198","settings":{"_column_size":20,"_inline_size":null,"_inline_size_tablet":50,"animation":"fadeIn","animation_delay":500},"elements":[{"id":"521ad01e","settings":{"client_name":"Emily Bosch","title_client":"from Italy","imagelinks":{"id":36168,"url":"https:\/\/solo.wprentals.org\/wp-content\/uploads\/2021\/08\/woman3.jpg","alt":"","source":"library"},"testimonial_text":"Room with all the facilities.We enjoyed the balcony very much. The bathroom is very clean and spacious. ","_animation":"none","_animation_delay":200,"testimonials_type":"2","testimonial_type":"2","stars_client":"5"},"elements":[],"isInner":false,"widgetType":"WpRentals_Testimonial","elType":"widget"}],"isInner":true,"elType":"column"},{"id":"104e7ac7","settings":{"_column_size":20,"_inline_size":null,"space_between_widgets":14,"_inline_size_tablet":100,"animation":"fadeIn","animation_delay":600},"elements":[{"id":"6f8bb673","settings":{"client_name":"Jenny Lopez","title_client":"from Japan","imagelinks":{"id":36217,"url":"https:\/\/solo.wprentals.org\/wp-content\/uploads\/2021\/08\/woman.jpg","alt":"","source":"library"},"testimonial_text":"It was a 4th of my visit there, I love this place very much. Beautiful and peaceful place to relax!","_animation":"none","_animation_delay":200,"testimonials_type":"2","testimonial_type":"2","stars_client":"5"},"elements":[],"isInner":false,"widgetType":"WpRentals_Testimonial","elType":"widget"},{"id":"5d3aca87","settings":{"client_name":"Victoria Smith","title_client":"from Poland","imagelinks":{"id":36221,"url":"https:\/\/solo.wprentals.org\/wp-content\/uploads\/2021\/08\/woman2.jpg","alt":"","source":"library"},"testimonial_text":"An amazing place with a great beach! Located in a very peaceful area. Enjoyed the comfortable room with a beautiful view.","_animation":"fadeIn","_animation_delay":200,"testimonials_type":"2","testimonial_type":"2","stars_client":"5"},"elements":[],"isInner":false,"widgetType":"WpRentals_Testimonial","elType":"widget"}],"isInner":true,"elType":"column"}],"isInner":true,"elType":"section"}],"isInner":false,"elType":"column"}],"isInner":false,"elType":"section"},{"id":"6392816a","settings":{"gap":"no","stretch_section":"section-stretched","background_background":"classic","shape_divider_top":"mountains","shape_divider_top_width":{"unit":"%","size":274,"sizes":[]},"shape_divider_top_height":{"unit":"px","size":132,"sizes":[]},"padding":{"unit":"px","top":"150","right":"0","bottom":"150","left":"0","isLinked":false},"_element_id":"contact","shape_divider_bottom_width":{"unit":"%","size":274,"sizes":[]},"shape_divider_bottom_height":{"unit":"px","size":132,"sizes":[]},"shape_divider_bottom_flip":"yes"},"elements":[{"id":"15005add","settings":{"_column_size":100,"_inline_size":null},"elements":[{"id":"2da39eed","settings":{"content_width":{"unit":"px","size":734,"sizes":[]}},"elements":[{"id":"79135700","settings":{"_column_size":100,"_inline_size":null},"elements":[{"id":"11c8fe15","settings":{"title":"Contact us for any information about<br> the Praslin Villa in Seychelles","align":"center","title_color":"#39374D","typography_typography":"custom","typography_font_size":{"unit":"px","size":28,"sizes":[]},"typography_font_weight":"500","typography_letter_spacing":{"unit":"px","size":0.5,"sizes":[]},"typography_line_height":{"unit":"em","size":1.3000000000000000444089209850062616169452667236328125,"sizes":[]},"_padding_mobile":{"unit":"px","top":"0","right":"25","bottom":"0","left":"25","isLinked":false},"_animation":"fadeIn","_animation_delay":200},"elements":[],"isInner":false,"widgetType":"heading","elType":"widget"},{"id":"30a2659d","settings":{"title":"Embrace the tranquility of Seychelles Island in the spacious <br>villa situated just a 35-minute flight southwest of Mah\u00e9","header_size":"p","align":"center","title_color":"#7C7C7C","typography_typography":"custom","typography_font_size":{"unit":"px","size":16,"sizes":[]},"typography_font_weight":"400","typography_line_height":{"unit":"em","size":1.5,"sizes":[]},"typography_letter_spacing":{"unit":"px","size":0.01000000000000000020816681711721685132943093776702880859375,"sizes":[]},"_padding_mobile":{"unit":"px","top":"0","right":"15","bottom":"0","left":"15","isLinked":false},"_animation":"fadeIn","_animation_delay":200},"elements":[],"isInner":false,"widgetType":"heading","elType":"widget"}],"isInner":true,"elType":"column"}],"isInner":true,"elType":"section"},{"id":"5e59fa1b","settings":{"structure":"20","padding":{"unit":"px","top":"50","right":"50","bottom":"50","left":"50","isLinked":true},"padding_mobile":{"unit":"px","top":"15","right":"15","bottom":"15","left":"15","isLinked":true}},"elements":[{"id":"3921ba0b","settings":{"_column_size":50,"_inline_size":null,"background_background":"classic","background_color":"#FFFFFF","box_shadow_box_shadow_type":"yes","box_shadow_box_shadow":{"horizontal":0,"vertical":10,"blur":31,"spread":0,"color":"rgba(180.99999999999991, 127, 250, 0.09)"},"padding":{"unit":"px","top":"60","right":"60","bottom":"60","left":"60","isLinked":true},"padding_mobile":{"unit":"px","top":"30","right":"30","bottom":"30","left":"30","isLinked":true},"animation":"fadeIn","animation_delay":200,"padding_tablet":{"unit":"px","top":"30","right":"30","bottom":"30","left":"30","isLinked":true}},"elements":[{"id":"39211ae9","settings":{"title":"We will get back to you quickly!","title_color":"#39364E","typography_typography":"custom","typography_font_family":"Roboto","typography_line_height":{"unit":"em","size":1.3000000000000000444089209850062616169452667236328125,"sizes":[]},"typography_letter_spacing":{"unit":"px","size":-0.01000000000000000020816681711721685132943093776702880859375,"sizes":[]},"header_size":"h3"},"elements":[],"isInner":false,"widgetType":"heading","elType":"widget"},{"id":"40e1ed9b","settings":{"form_fields":[{"_id":"name","field_type":"name","field_label":"Name","placeholder":"Name"},{"_id":"email","field_type":"email","required":"true","field_label":"Email","placeholder":"Email"},{"_id":"booking_from_date","field_type":"booking_from_date","required":"true","field_label":"Check-In","placeholder":"Check-In","width":"50"},{"field_type":"booking_to_date","required":"true","field_label":"Check-Out","placeholder":"Check-Out","width":"50","_id":"f604079"},{"_id":"message","field_type":"message","field_label":"Message","placeholder":"Message"}],"form_field_show_labels":"","gdpr_text":"I consent to the GDPR Terms","submit_button_text":"Send Email","email_subject":"New email from &quot;Booking Website for Single Owner&quot; ","submit_button_background_color":"#4EB1CC","submit_button_background_hover_color":"#3AA1BD"},"elements":[],"isInner":false,"widgetType":"WpRentals_Contact_Form_Builder","elType":"widget"}],"isInner":true,"elType":"column"},{"id":"409c74d8","settings":{"_column_size":50,"_inline_size":null,"margin":{"unit":"px","top":"0","right":"0","bottom":"0","left":"0","isLinked":false},"padding":{"unit":"px","top":"0","right":"50","bottom":"50","left":"50","isLinked":false},"space_between_widgets":25,"padding_mobile":{"unit":"px","top":"30","right":"0","bottom":"30","left":"0","isLinked":false},"animation":"fadeIn","animation_delay":200,"padding_tablet":{"unit":"px","top":"0","right":"0","bottom":"30","left":"30","isLinked":false}},"elements":[{"id":"47ba17d6","settings":{"editor":"<h3><strong>How quickly do you answer?<\/strong><\/h3><p>We usually answer in a matter of minutes to all new messages.\u00a0\u00a0<\/p>","_padding":{"unit":"px","top":"30","right":"30","bottom":"30","left":"30","isLinked":true},"_background_background":"classic","_background_color":"#FFFFFF","_border_radius":{"unit":"px","top":"6","right":"6","bottom":"6","left":"6","isLinked":true},"_box_shadow_box_shadow_type":"yes","_box_shadow_box_shadow":{"horizontal":0,"vertical":10,"blur":31,"spread":0,"color":"rgba(180.99999999999991, 127, 250, 0.09)"}},"elements":[],"isInner":false,"widgetType":"text-editor","elType":"widget"},{"id":"7b2a5d09","settings":{"editor":"<h3><strong>Can I bring my pet?<\/strong><\/h3><p>Yes, we welcome guests\u00a0 with pets and we will make sure they have a great holiday as well.\u00a0<\/p>","_padding":{"unit":"px","top":"30","right":"30","bottom":"30","left":"30","isLinked":true},"_background_background":"classic","_background_color":"#FFFFFF","_border_radius":{"unit":"px","top":"6","right":"6","bottom":"6","left":"6","isLinked":true},"_box_shadow_box_shadow_type":"yes","_box_shadow_box_shadow":{"horizontal":0,"vertical":10,"blur":31,"spread":0,"color":"rgba(180.99999999999991, 127, 250, 0.09)"}},"elements":[],"isInner":false,"widgetType":"text-editor","elType":"widget"},{"id":"2a118c94","settings":{"editor":"<h3><strong>How many guests can come?<\/strong><\/h3><p>We can accommodate up to 8 guests in our 4 luxury bedrooms. We also have cribs for infants and child friendly playground.\u00a0\u00a0<\/p>","_padding":{"unit":"px","top":"30","right":"30","bottom":"30","left":"30","isLinked":true},"_background_background":"classic","_background_color":"#FFFFFF","_border_radius":{"unit":"px","top":"6","right":"6","bottom":"6","left":"6","isLinked":true},"_box_shadow_box_shadow_type":"yes","_box_shadow_box_shadow":{"horizontal":0,"vertical":10,"blur":31,"spread":0,"color":"rgba(180.99999999999991, 127, 250, 0.09)"}},"elements":[],"isInner":false,"widgetType":"text-editor","elType":"widget"}],"isInner":true,"elType":"column"}],"isInner":true,"elType":"section"}],"isInner":false,"elType":"column"}],"isInner":false,"elType":"section"}],"page_settings":[],"version":"0.4","title":"Homepage with Calendar Widget","type":"page"}