{"content":[{"id":"33aa8f54","settings":{"gap":"no","structure":"20","padding_tablet":{"unit":"px","top":"0","right":"040","bottom":"0","left":"40","isLinked":false}},"elements":[{"id":"5f54f8ae","settings":{"_column_size":50,"_inline_size":39.97200000000000130739863379858434200286865234375,"space_between_widgets":25,"padding":{"unit":"%","top":"8","right":"15","bottom":"8","left":"0","isLinked":false},"padding_mobile":{"unit":"px","top":"0","right":"0","bottom":"30","left":"0","isLinked":false}},"elements":[{"id":"12c4d75","settings":{"title":"Kind Bedroom","title_color":"#39374D","typography_typography":"custom","typography_font_size":{"unit":"px","size":28,"sizes":[]},"typography_font_weight":"500","typography_line_height":{"unit":"em","size":1.3000000000000000444089209850062616169452667236328125,"sizes":[]},"align":"left","typography_letter_spacing":{"unit":"px","size":0.5,"sizes":[]}},"elements":[],"isInner":false,"widgetType":"heading","elType":"widget"},{"id":"14aa49e5","settings":{"title":"This will be your ultimate villa in Seychelles when you watch the stunning sunset views from your master bedroom. ","title_color":"#7C7C7C","typography_typography":"custom","typography_font_size":{"unit":"px","size":16,"sizes":[]},"typography_font_weight":"400","typography_line_height":{"unit":"em","size":1.5,"sizes":[]},"align":"left","typography_letter_spacing":{"unit":"px","size":0.01000000000000000020816681711721685132943093776702880859375,"sizes":[]}},"elements":[],"isInner":false,"widgetType":"heading","elType":"widget"},{"id":"6ba411a3","settings":{"icon_list":[{"text":"King Size Bed","_id":"98f9f59"},{"text":"Ocean View","_id":"d1598f8"},{"text":"Private Balcony","_id":"1ed482c"}],"space_between":{"unit":"px","size":8,"sizes":[]},"icon_color":"#4EB1CC","text_color":"#7C7C7C","icon_typography_typography":"custom","icon_typography_font_family":"Roboto","icon_typography_font_size":{"unit":"px","size":16,"sizes":[]},"icon_typography_font_weight":"400","icon_align_mobile":"left","icon_size":{"unit":"px","size":16,"sizes":[]}},"elements":[],"isInner":false,"widgetType":"icon-list","elType":"widget"}],"isInner":false,"elType":"column"},{"id":"4210a1d9","settings":{"_column_size":50,"_inline_size":60.02799999999999869260136620141565799713134765625},"elements":[{"id":"1332fe5c","settings":{"image":{"id":35932,"url":"https:\/\/solo.wprentals.org\/wp-content\/uploads\/2021\/08\/bedroom3.jpeg","alt":"","source":"library"},"image_size":"custom","image_custom_dimension":{"width":"675","height":"370"},"image_border_radius":{"unit":"px","top":"6","right":"6","bottom":"6","left":"6","isLinked":true}},"elements":[],"isInner":false,"widgetType":"image","elType":"widget"}],"isInner":false,"elType":"column"}],"isInner":false,"elType":"section"}],"page_settings":[],"version":"0.4","title":"tab2","type":"section"}