{"content":[{"id":"4a6e1ca5","settings":{"gap":"no","stretch_section":"section-stretched","background_background":"slideshow","background_image":{"url":"https:\/\/solo.wprentals.org\/wp-content\/uploads\/2021\/08\/header_image.jpeg","id":35364,"alt":"","source":"library"},"background_position":"center center","background_overlay_background":"classic","background_overlay_color":"#000000","background_overlay_opacity":{"unit":"px","size":0.35999999999999998667732370449812151491641998291015625,"sizes":[]},"padding":{"unit":"px","top":"220","right":"0","bottom":"220","left":"0","isLinked":false},"background_attachment":"fixed","shape_divider_bottom":"mountains","shape_divider_bottom_width":{"unit":"%","size":157,"sizes":[]},"shape_divider_bottom_height":{"unit":"px","size":98,"sizes":[]},"shape_divider_bottom_flip":"yes","background_slideshow_gallery":[{"id":36489,"url":"https:\/\/solo.wprentals.org\/wp-content\/uploads\/2021\/09\/header_image1.jpeg"},{"id":36490,"url":"https:\/\/solo.wprentals.org\/wp-content\/uploads\/2021\/09\/header_image2.jpeg"},{"id":36491,"url":"https:\/\/solo.wprentals.org\/wp-content\/uploads\/2021\/09\/header_image_3.jpeg"}],"background_slideshow_ken_burns":"yes","shape_divider_bottom_color":"#FFFFFF","structure":"20","content_position":"middle","background_slideshow_slide_duration":7000,"padding_tablet":{"unit":"px","top":"150","right":"45","bottom":"150","left":"45","isLinked":false},"padding_mobile":{"unit":"px","top":"145","right":"0","bottom":"0145","left":"0","isLinked":false}},"elements":[{"id":"66da14ef","settings":{"_column_size":50,"_inline_size":55.7890000000000014779288903810083866119384765625,"padding":{"unit":"%","top":"0","right":"24","bottom":"0","left":"0","isLinked":false},"padding_tablet":{"unit":"px","top":"0","right":"8","bottom":"0","left":"0","isLinked":false},"padding_mobile":{"unit":"px","top":"0","right":"30","bottom":"30","left":"30","isLinked":false}},"elements":[{"id":"32504582","settings":{"title":"Praslin Luxury Pool Villa in Mah\u00e9","align":"left","title_color":"#FFFFFF","typography_typography":"custom","typography_font_size":{"unit":"px","size":56,"sizes":[]},"typography_font_weight":"600","typography_line_height":{"unit":"em","size":1.1999999999999999555910790149937383830547332763671875,"sizes":[]},"align_mobile":"center","typography_font_size_tablet":{"unit":"px","size":40,"sizes":[]}},"elements":[],"isInner":false,"widgetType":"heading","elType":"widget"},{"id":"20dbe676","settings":{"title":"Praslin Villa is an award-winning 4-bedroom beach villa in Seychelles with the style and laidback comforts of an exclusive private home. ","header_size":"p","align":"left","title_color":"#FFFFFF","typography_typography":"custom","typography_font_size":{"unit":"px","size":18,"sizes":[]},"typography_font_weight":"400","typography_line_height":{"unit":"em","size":1.600000000000000088817841970012523233890533447265625,"sizes":[]},"typography_letter_spacing":{"unit":"px","size":0.01000000000000000020816681711721685132943093776702880859375,"sizes":[]},"align_mobile":"center"},"elements":[],"isInner":false,"widgetType":"heading","elType":"widget"},{"id":"20e7c0ef","settings":{"space":{"unit":"px","size":10,"sizes":[]}},"elements":[],"isInner":false,"widgetType":"spacer","elType":"widget"},{"id":"304e0ff7","settings":{"text":"Read more","align":"left","button_text_color":"#39374D","background_color":"#FFFFFF","border_radius":{"unit":"px","top":"3","right":"3","bottom":"3","left":"3","isLinked":true},"text_padding":{"unit":"px","top":"16","right":"30","bottom":"16","left":"30","isLinked":false},"typography_typography":"custom","typography_font_family":"Roboto","typography_font_size":{"unit":"px","size":14,"sizes":[]},"typography_font_weight":"500","button_background_hover_color":"#FFFFFFEB","align_mobile":"center"},"elements":[],"isInner":false,"widgetType":"button","elType":"widget"}],"isInner":false,"elType":"column"},{"id":"2550030d","settings":{"_column_size":50,"_inline_size":44,"padding":{"unit":"%","top":"0","right":"25","bottom":"0","left":"0","isLinked":false},"padding_tablet":{"unit":"px","top":"0","right":"0","bottom":"0","left":"0","isLinked":false},"padding_mobile":{"unit":"px","top":"30","right":"15","bottom":"0","left":"15","isLinked":false}},"elements":[{"id":"51b415d4","settings":{"article_id":"149","hide_contact":"none","hide_social":"none","unit_color":"#FFFFFFE6","property_title_typography":"custom","property_title_font_family":"Roboto","property_title_font_weight":"600"},"elements":[],"isInner":false,"widgetType":"Wprentals_Booking_Form","elType":"widget"}],"isInner":false,"elType":"column"}],"isInner":false,"elType":"section"},{"id":"45df3ba4","settings":{"gap":"no","stretch_section":"section-stretched","background_background":"classic","background_color":"#FFFFFF","padding":{"unit":"px","top":"0100","right":"0","bottom":"100","left":"0","isLinked":false},"_element_id":"details"},"elements":[{"id":"4bb91c50","settings":{"_column_size":100,"_inline_size":null},"elements":[{"id":"c5a50f9","settings":{"content_width":{"unit":"px","size":734,"sizes":[]}},"elements":[{"id":"298c66e3","settings":{"_column_size":100,"_inline_size":null},"elements":[{"id":"fecde0a","settings":{"title":"The Praslin Villa spacious bedrooms<br> will make you feel in paradise","align":"center","title_color":"#39374D","typography_typography":"custom","typography_font_size":{"unit":"px","size":28,"sizes":[]},"typography_font_weight":"500","typography_letter_spacing":{"unit":"px","size":0.5,"sizes":[]},"typography_line_height":{"unit":"em","size":1.3000000000000000444089209850062616169452667236328125,"sizes":[]},"_padding_mobile":{"unit":"px","top":"0","right":"15","bottom":"0","left":"15","isLinked":false},"_animation":"fadeIn","_animation_delay":200},"elements":[],"isInner":false,"widgetType":"heading","elType":"widget"},{"id":"3942946e","settings":{"title":"Embrace the tranquility of Seychelles Island in the spacious <br>villa situated just a 35-minute flight southwest of Mah\u00e9","header_size":"p","align":"center","title_color":"#7C7C7C","typography_typography":"custom","typography_font_size":{"unit":"px","size":16,"sizes":[]},"typography_font_weight":"400","typography_line_height":{"unit":"em","size":1.5,"sizes":[]},"typography_letter_spacing":{"unit":"px","size":0.01000000000000000020816681711721685132943093776702880859375,"sizes":[]},"_padding_mobile":{"unit":"px","top":"0","right":"15","bottom":"0","left":"15","isLinked":false},"_animation":"fadeIn","_animation_delay":200},"elements":[],"isInner":false,"widgetType":"heading","elType":"widget"}],"isInner":true,"elType":"column"}],"isInner":true,"elType":"section"},{"id":"6e9f6aad","settings":{"tabs":[{"tab_title":"Bedroom 1","tab_content":"","_id":"e493161","template_tab":"35694","tab_icon":{"url":"https:\/\/solo.wprentals.org\/wp-content\/uploads\/2021\/08\/bed3.svg","id":36313,"alt":"","source":"library"}},{"tab_title":"Bedroom 2","tab_content":"","_id":"da2d9eb","template_tab":"35697","tab_icon":{"url":"https:\/\/solo.wprentals.org\/wp-content\/uploads\/2021\/08\/wellness.svg","id":35423,"alt":"","source":"library"}},{"tab_title":"Bedroom 3","tab_content":"","template_tab":"35700","_id":"c3f55f5","tab_icon":{"url":"https:\/\/solo.wprentals.org\/wp-content\/uploads\/2021\/08\/pool.svg","id":35424,"alt":"","source":"library"}},{"tab_title":"Bedroom 4","tab_content":"","template_tab":"35702","_id":"84c8c63","tab_icon":{"url":"https:\/\/solo.wprentals.org\/wp-content\/uploads\/2021\/08\/pam-tree.svg","id":35988,"alt":"","source":"library"}}],"_margin":{"unit":"px","top":"50","right":"0","bottom":"0","left":"0","isLinked":false},"tab_active_color":"#4EB1CC"},"elements":[],"isInner":false,"widgetType":"WpRentals_Tabs","elType":"widget"}],"isInner":false,"elType":"column"}],"isInner":false,"elType":"section"},{"id":"6c74adc2","settings":{"gap":"no","stretch_section":"section-stretched","background_background":"classic","padding":{"unit":"px","top":"150","right":"0","bottom":"150","left":"0","isLinked":false},"shape_divider_top":"mountains","shape_divider_top_width":{"unit":"%","size":274,"sizes":[]},"shape_divider_top_height":{"unit":"px","size":132,"sizes":[]},"shape_divider_bottom":"waves","shape_divider_bottom_width":{"unit":"%","size":274,"sizes":[]},"shape_divider_bottom_height":{"unit":"px","size":132,"sizes":[]},"shape_divider_bottom_flip":"yes"},"elements":[{"id":"4cfc9a4b","settings":{"_column_size":100,"_inline_size":null,"space_between_widgets":20},"elements":[{"id":"3d00d6e2","settings":{"gap":"no","structure":"20","content_position":"middle"},"elements":[{"id":"3de3ceb1","settings":{"_column_size":50,"_inline_size":null,"background_background":"classic","background_image":{"url":"","id":"","alt":"","source":"library"},"background_position":"center center","background_repeat":"no-repeat","background_size":"cover","background_overlay_background":"classic","background_overlay_opacity":{"unit":"px","size":0,"sizes":[]},"border_width":{"unit":"px","top":"4","right":"4","bottom":"4","left":"4","isLinked":true},"border_hover_transition":{"unit":"px","size":0,"sizes":[]}},"elements":[{"id":"32f1384a","settings":{"wp_gallery":[{"id":36495,"url":"https:\/\/solo.wprentals.org\/wp-content\/uploads\/2021\/09\/gallery1.jpeg"},{"id":36496,"url":"https:\/\/solo.wprentals.org\/wp-content\/uploads\/2021\/09\/gallery2.jpeg"},{"id":36497,"url":"https:\/\/solo.wprentals.org\/wp-content\/uploads\/2021\/09\/gallery3.jpeg"},{"id":36498,"url":"https:\/\/solo.wprentals.org\/wp-content\/uploads\/2021\/09\/gallery4.jpeg"},{"id":36499,"url":"https:\/\/solo.wprentals.org\/wp-content\/uploads\/2021\/09\/gallery5.jpeg"},{"id":36500,"url":"https:\/\/solo.wprentals.org\/wp-content\/uploads\/2021\/09\/gallery6.jpeg"},{"id":36501,"url":"https:\/\/solo.wprentals.org\/wp-content\/uploads\/2021\/09\/gallery7.jpeg"},{"id":36502,"url":"https:\/\/solo.wprentals.org\/wp-content\/uploads\/2021\/09\/gallery8.jpeg"},{"id":36503,"url":"https:\/\/solo.wprentals.org\/wp-content\/uploads\/2021\/09\/gallery9.jpeg"},{"id":36504,"url":"https:\/\/solo.wprentals.org\/wp-content\/uploads\/2021\/09\/gallery10.jpeg"},{"id":36505,"url":"https:\/\/solo.wprentals.org\/wp-content\/uploads\/2021\/09\/gallery11.jpeg"},{"id":36506,"url":"https:\/\/solo.wprentals.org\/wp-content\/uploads\/2021\/09\/gallery12.jpeg"}],"thumbnail_size":"wpestate_property_listings","gallery_columns":"3","open_lightbox":"yes","image_spacing":"custom","image_spacing_custom":{"unit":"px","size":5,"sizes":[]},"image_border_width":{"unit":"px","top":"8","right":"8","bottom":"8","left":"8","isLinked":true},"image_border_radius":{"unit":"px","top":"6","right":"6","bottom":"6","left":"6","isLinked":true},"gallery_display_caption":"none","_animation":"fadeIn","_animation_delay":200},"elements":[],"isInner":false,"widgetType":"image-gallery","elType":"widget"}],"isInner":true,"elType":"column"},{"id":"79c8e3f2","settings":{"_column_size":50,"_inline_size":null,"padding":{"unit":"%","top":"15","right":"15","bottom":"15","left":"15","isLinked":true},"space_between_widgets":25},"elements":[{"id":"10406993","settings":{"title":"Praslin Villa is your perfect luxury retreat in Seychelles","align":"left","title_color":"#39374D","typography_typography":"custom","typography_font_size":{"unit":"px","size":28,"sizes":[]},"typography_font_weight":"500","typography_letter_spacing":{"unit":"px","size":0.5,"sizes":[]},"typography_line_height":{"unit":"em","size":1.3000000000000000444089209850062616169452667236328125,"sizes":[]},"_animation":"fadeIn","_animation_delay":200},"elements":[],"isInner":false,"widgetType":"heading","elType":"widget"},{"id":"38833064","settings":{"title":"Praslin Villa is is an award-winning luxury villa  with the style and laidback comforts of an exclusive private home. ","header_size":"p","align":"left","title_color":"#7C7C7C","typography_typography":"custom","typography_font_size":{"unit":"px","size":16,"sizes":[]},"typography_font_weight":"400","typography_line_height":{"unit":"em","size":1.5,"sizes":[]},"typography_letter_spacing":{"unit":"px","size":0.01000000000000000020816681711721685132943093776702880859375,"sizes":[]},"_animation":"fadeIn","_animation_delay":300},"elements":[],"isInner":false,"widgetType":"heading","elType":"widget"},{"id":"490881a6","settings":{"title":"Location","align":"left","title_color":"#39374D","typography_typography":"custom","typography_font_size":{"unit":"px","size":16,"sizes":[]},"typography_font_weight":"500","_animation":"fadeIn","_animation_delay":200},"elements":[],"isInner":false,"widgetType":"heading","elType":"widget"},{"id":"44672031","settings":{"title":"Praslin Villa is a 4-bedroom beach villa nestled in a tropical garden overlooking the bay of Grand Bay,  in the heart of a family estate of 10 hectares. ","header_size":"p","align":"left","title_color":"#7C7C7C","typography_typography":"custom","typography_font_size":{"unit":"px","size":16,"sizes":[]},"typography_font_weight":"400","typography_line_height":{"unit":"em","size":1.5,"sizes":[]},"typography_letter_spacing":{"unit":"px","size":0.01000000000000000020816681711721685132943093776702880859375,"sizes":[]},"_animation":"fadeIn","_animation_delay":300},"elements":[],"isInner":false,"widgetType":"heading","elType":"widget"},{"id":"916eb17","settings":{"title":"Getting here","align":"left","title_color":"#39374D","typography_typography":"custom","typography_font_size":{"unit":"px","size":16,"sizes":[]},"typography_font_weight":"500","_animation":"fadeIn","_animation_delay":200},"elements":[],"isInner":false,"widgetType":"heading","elType":"widget"},{"id":"5da290fb","settings":{"title":"Finding Praslin Villa could hardly be easier. And to ensure your arrival is as smooth as possible, we will pick you up from the airport.","header_size":"p","align":"left","title_color":"#7C7C7C","typography_typography":"custom","typography_font_size":{"unit":"px","size":16,"sizes":[]},"typography_font_weight":"400","typography_line_height":{"unit":"em","size":1.5,"sizes":[]},"typography_letter_spacing":{"unit":"px","size":0.01000000000000000020816681711721685132943093776702880859375,"sizes":[]},"_animation":"fadeIn","_animation_delay":300},"elements":[],"isInner":false,"widgetType":"heading","elType":"widget"},{"id":"3820efb1","settings":{"text":"Read more","align":"left","button_text_color":"#FFFFFF","background_color":"#4EB1CC","border_radius":{"unit":"px","top":"3","right":"3","bottom":"3","left":"3","isLinked":true},"text_padding":{"unit":"px","top":"16","right":"30","bottom":"16","left":"30","isLinked":false},"typography_typography":"custom","typography_font_family":"Roboto","typography_font_size":{"unit":"px","size":14,"sizes":[]},"typography_font_weight":"500","hover_color":"#FFFFFF","button_background_hover_color":"#4199B1"},"elements":[],"isInner":false,"widgetType":"button","elType":"widget"}],"isInner":true,"elType":"column"}],"isInner":true,"elType":"section"}],"isInner":false,"elType":"column"}],"isInner":false,"elType":"section"},{"id":"6ab315f6","settings":{"gap":"no","stretch_section":"section-stretched","background_background":"classic","background_color":"#FFFFFF","padding":{"unit":"px","top":"100","right":"0","bottom":"0","left":"0","isLinked":false}},"elements":[{"id":"eeb5fb2","settings":{"_column_size":100,"_inline_size":null},"elements":[{"id":"770e4f8e","settings":{"title":"Why Praslin Villa must be the<br> first choice for your holiday","align":"center","title_color":"#39374D","typography_typography":"custom","typography_font_size":{"unit":"px","size":28,"sizes":[]},"typography_font_weight":"500","typography_letter_spacing":{"unit":"px","size":0.5,"sizes":[]},"typography_line_height":{"unit":"em","size":1.3000000000000000444089209850062616169452667236328125,"sizes":[]},"_padding_mobile":{"unit":"px","top":"0","right":"25","bottom":"0","left":"25","isLinked":false},"_animation":"fadeIn","_animation_delay":200},"elements":[],"isInner":false,"widgetType":"heading","elType":"widget"}],"isInner":false,"elType":"column"}],"isInner":false,"elType":"section"},{"id":"378238c8","settings":{"gap":"no","stretch_section":"section-stretched","structure":"40","background_background":"classic","background_color":"#FFFFFF","padding":{"unit":"px","top":"43","right":"0","bottom":"100","left":"0","isLinked":false}},"elements":[{"id":"49e28251","settings":{"_column_size":25,"_inline_size":null,"border_border":"solid","border_color":"#E0E0E0","border_radius":{"unit":"px","top":"3","right":"3","bottom":"3","left":"3","isLinked":true},"margin":{"unit":"%","top":"11","right":"11","bottom":"11","left":"11","isLinked":true},"padding":{"unit":"%","top":"0","right":"0","bottom":"0","left":"0","isLinked":false},"_inline_size_tablet":50,"animation":"fadeIn","animation_delay":200},"elements":[{"id":"103f4b45","settings":{"image":{"url":"https:\/\/solo.wprentals.org\/wp-content\/uploads\/2021\/08\/smallimage1.jpeg","id":35977,"alt":"","source":"library"},"image_size":"full","image_custom_dimension":{"width":"100","height":"140"},"image_border_radius":{"unit":"px","top":"6","right":"6","bottom":"6","left":"6","isLinked":true}},"elements":[],"isInner":false,"widgetType":"image","elType":"widget"},{"id":"1eb3eda2","settings":{"selected_icon":{"value":{"url":"https:\/\/solo.wprentals.org\/wp-content\/uploads\/2021\/08\/pool.svg","id":35424},"library":"svg"},"view":"framed","primary_color":"#FFFFFF","secondary_color":"#4EB1CC","size":{"unit":"px","size":29,"sizes":[]},"icon_padding":{"unit":"px","size":10,"sizes":[]},"border_width":{"unit":"px","top":"0","right":"0","bottom":"0","left":"0","isLinked":true},"_position":"absolute","_offset_y":{"unit":"%","size":57,"sizes":[]}},"elements":[],"isInner":false,"widgetType":"icon","elType":"widget"},{"id":"3edbdfc4","settings":{"space":{"unit":"px","size":10,"sizes":[]}},"elements":[],"isInner":false,"widgetType":"spacer","elType":"widget"},{"id":"7b5573d2","settings":{"title":"Infinity Pool","align":"center","title_color":"#39374D","typography_typography":"custom","typography_font_size":{"unit":"px","size":16,"sizes":[]},"typography_font_weight":"500","typography_line_height":{"unit":"em","size":1.399999999999999911182158029987476766109466552734375,"sizes":[]}},"elements":[],"isInner":false,"widgetType":"heading","elType":"widget"},{"id":"72213b30","settings":{"title":"Cool off or burn some energy in our infinity pool","header_size":"p","align":"center","title_color":"#7C7C7C","typography_typography":"custom","typography_font_size":{"unit":"px","size":16,"sizes":[]},"typography_font_weight":"400","typography_line_height":{"unit":"em","size":1.5,"sizes":[]},"typography_letter_spacing":{"unit":"px","size":0.01000000000000000020816681711721685132943093776702880859375,"sizes":[]}},"elements":[],"isInner":false,"widgetType":"heading","elType":"widget"}],"isInner":false,"elType":"column"},{"id":"406d90a1","settings":{"_column_size":25,"_inline_size":null,"border_border":"solid","border_color":"#E0E0E0","border_radius":{"unit":"px","top":"3","right":"3","bottom":"3","left":"3","isLinked":true},"margin":{"unit":"%","top":"11","right":"11","bottom":"11","left":"11","isLinked":true},"padding":{"unit":"%","top":"0","right":"0","bottom":"0","left":"0","isLinked":false},"_inline_size_tablet":50,"animation":"fadeIn","animation_delay":300},"elements":[{"id":"5c804e2","settings":{"image":{"url":"https:\/\/solo.wprentals.org\/wp-content\/uploads\/2021\/08\/smallimage2.jpeg","id":35978,"alt":"","source":"library"},"image_size":"full","image_custom_dimension":{"width":"100","height":"140"},"image_border_radius":{"unit":"px","top":"6","right":"6","bottom":"6","left":"6","isLinked":true}},"elements":[],"isInner":false,"widgetType":"image","elType":"widget"},{"id":"22b14f46","settings":{"selected_icon":{"value":{"url":"https:\/\/solo.wprentals.org\/wp-content\/uploads\/2021\/08\/pam-tree.svg","id":35988},"library":"svg"},"view":"framed","primary_color":"#FFFFFF","secondary_color":"#4EB1CC","size":{"unit":"px","size":29,"sizes":[]},"icon_padding":{"unit":"px","size":10,"sizes":[]},"border_width":{"unit":"px","top":"0","right":"0","bottom":"0","left":"0","isLinked":true},"_position":"absolute","_offset_y":{"unit":"%","size":57,"sizes":[]}},"elements":[],"isInner":false,"widgetType":"icon","elType":"widget"},{"id":"58a48b68","settings":{"space":{"unit":"px","size":10,"sizes":[]}},"elements":[],"isInner":false,"widgetType":"spacer","elType":"widget"},{"id":"2e364e10","settings":{"title":"Beach Access","align":"center","title_color":"#39374D","typography_typography":"custom","typography_font_size":{"unit":"px","size":16,"sizes":[]},"typography_font_weight":"500","typography_line_height":{"unit":"em","size":1.399999999999999911182158029987476766109466552734375,"sizes":[]}},"elements":[],"isInner":false,"widgetType":"heading","elType":"widget"},{"id":"47b5eb40","settings":{"title":"Enjoy an exclusive beautiful beach on Mah\u00e9","header_size":"p","align":"center","title_color":"#7C7C7C","typography_typography":"custom","typography_font_size":{"unit":"px","size":16,"sizes":[]},"typography_font_weight":"400","typography_line_height":{"unit":"em","size":1.5,"sizes":[]},"typography_letter_spacing":{"unit":"px","size":0.01000000000000000020816681711721685132943093776702880859375,"sizes":[]}},"elements":[],"isInner":false,"widgetType":"heading","elType":"widget"}],"isInner":false,"elType":"column"},{"id":"f85ac03","settings":{"_column_size":25,"_inline_size":null,"border_border":"solid","border_color":"#E0E0E0","border_radius":{"unit":"px","top":"3","right":"3","bottom":"3","left":"3","isLinked":true},"margin":{"unit":"%","top":"11","right":"11","bottom":"11","left":"11","isLinked":true},"padding":{"unit":"%","top":"0","right":"0","bottom":"0","left":"0","isLinked":false},"_inline_size_tablet":50,"animation":"fadeIn","animation_delay":400},"elements":[{"id":"7fbb58da","settings":{"image":{"url":"https:\/\/solo.wprentals.org\/wp-content\/uploads\/2021\/08\/smalllimage6_223.jpeg","id":35997,"alt":"","source":"library"},"image_size":"full","image_custom_dimension":{"width":"100","height":"140"},"image_border_radius":{"unit":"px","top":"6","right":"6","bottom":"6","left":"6","isLinked":true}},"elements":[],"isInner":false,"widgetType":"image","elType":"widget"},{"id":"13510ee9","settings":{"selected_icon":{"value":{"url":"https:\/\/solo.wprentals.org\/wp-content\/uploads\/2021\/08\/wellness.svg","id":35423},"library":"svg"},"view":"framed","primary_color":"#FFFFFF","secondary_color":"#4EB1CC","size":{"unit":"px","size":29,"sizes":[]},"icon_padding":{"unit":"px","size":10,"sizes":[]},"border_width":{"unit":"px","top":"0","right":"0","bottom":"0","left":"0","isLinked":true},"_position":"absolute","_offset_y":{"unit":"%","size":57,"sizes":[]}},"elements":[],"isInner":false,"widgetType":"icon","elType":"widget"},{"id":"61841595","settings":{"space":{"unit":"px","size":10,"sizes":[]}},"elements":[],"isInner":false,"widgetType":"spacer","elType":"widget"},{"id":"75e81f88","settings":{"title":"Spa & Wellness","align":"center","title_color":"#39374D","typography_typography":"custom","typography_font_size":{"unit":"px","size":16,"sizes":[]},"typography_font_weight":"500","typography_line_height":{"unit":"em","size":1.399999999999999911182158029987476766109466552734375,"sizes":[]}},"elements":[],"isInner":false,"widgetType":"heading","elType":"widget"},{"id":"33abf4b6","settings":{"title":"Embrace the tranquility of Seychelles Island ","header_size":"p","align":"center","title_color":"#7C7C7C","typography_typography":"custom","typography_font_size":{"unit":"px","size":16,"sizes":[]},"typography_font_weight":"400","typography_line_height":{"unit":"em","size":1.5,"sizes":[]},"typography_letter_spacing":{"unit":"px","size":0.01000000000000000020816681711721685132943093776702880859375,"sizes":[]}},"elements":[],"isInner":false,"widgetType":"heading","elType":"widget"}],"isInner":false,"elType":"column"},{"id":"4015f06e","settings":{"_column_size":25,"_inline_size":null,"border_border":"solid","border_color":"#E0E0E0","border_radius":{"unit":"px","top":"3","right":"3","bottom":"3","left":"3","isLinked":true},"margin":{"unit":"%","top":"11","right":"11","bottom":"11","left":"11","isLinked":true},"padding":{"unit":"%","top":"0","right":"0","bottom":"0","left":"0","isLinked":false},"_inline_size_tablet":50,"animation":"fadeIn","animation_delay":500},"elements":[{"id":"75b50273","settings":{"image":{"url":"https:\/\/solo.wprentals.org\/wp-content\/uploads\/2021\/08\/free_diving_223.jpeg","id":36000,"alt":"","source":"library"},"image_size":"full","image_custom_dimension":{"width":"100","height":"140"},"image_border_radius":{"unit":"px","top":"6","right":"6","bottom":"6","left":"6","isLinked":true}},"elements":[],"isInner":false,"widgetType":"image","elType":"widget"},{"id":"693f508","settings":{"selected_icon":{"value":{"url":"https:\/\/solo.wprentals.org\/wp-content\/uploads\/2021\/08\/divin.svg","id":36001},"library":"svg"},"view":"framed","primary_color":"#FFFFFF","secondary_color":"#4EB1CC","size":{"unit":"px","size":29,"sizes":[]},"icon_padding":{"unit":"px","size":10,"sizes":[]},"border_width":{"unit":"px","top":"0","right":"0","bottom":"0","left":"0","isLinked":true},"_position":"absolute","_offset_y":{"unit":"%","size":57,"sizes":[]}},"elements":[],"isInner":false,"widgetType":"icon","elType":"widget"},{"id":"55eca24f","settings":{"space":{"unit":"px","size":10,"sizes":[]}},"elements":[],"isInner":false,"widgetType":"spacer","elType":"widget"},{"id":"3a3850bf","settings":{"title":"Free Diving Gear","align":"center","title_color":"#39374D","typography_typography":"custom","typography_font_size":{"unit":"px","size":16,"sizes":[]},"typography_font_weight":"500","typography_line_height":{"unit":"em","size":1.399999999999999911182158029987476766109466552734375,"sizes":[]}},"elements":[],"isInner":false,"widgetType":"heading","elType":"widget"},{"id":"70d8260c","settings":{"title":"Enjoy thrilling and unique experiences in the ocean","header_size":"p","align":"center","title_color":"#7C7C7C","typography_typography":"custom","typography_font_size":{"unit":"px","size":16,"sizes":[]},"typography_font_weight":"400","typography_line_height":{"unit":"em","size":1.5,"sizes":[]},"typography_letter_spacing":{"unit":"px","size":0.01000000000000000020816681711721685132943093776702880859375,"sizes":[]}},"elements":[],"isInner":false,"widgetType":"heading","elType":"widget"}],"isInner":false,"elType":"column"}],"isInner":false,"elType":"section"},{"id":"250a391","settings":{"gap":"no","stretch_section":"section-stretched","background_background":"classic","shape_divider_top":"mountains","shape_divider_top_width":{"unit":"%","size":274,"sizes":[]},"shape_divider_top_height":{"unit":"px","size":132,"sizes":[]},"shape_divider_bottom":"waves","shape_divider_bottom_width":{"unit":"%","size":274,"sizes":[]},"shape_divider_bottom_height":{"unit":"px","size":132,"sizes":[]},"padding":{"unit":"px","top":"150","right":"0","bottom":"150","left":"0","isLinked":false},"_element_id":"prices","shape_divider_bottom_flip":"yes"},"elements":[{"id":"7a53010e","settings":{"_column_size":100,"_inline_size":null},"elements":[{"id":"34c8e066","settings":{"content_width":{"unit":"px","size":734,"sizes":[]}},"elements":[{"id":"6a10ecc8","settings":{"_column_size":100,"_inline_size":null},"elements":[{"id":"40e22e45","settings":{"title":"Praslin Villa Prices<br>You get a 10% Early Bird Discount ","align":"center","title_color":"#39374D","typography_typography":"custom","typography_font_size":{"unit":"px","size":28,"sizes":[]},"typography_font_weight":"500","typography_letter_spacing":{"unit":"px","size":0.5,"sizes":[]},"typography_line_height":{"unit":"em","size":1.3000000000000000444089209850062616169452667236328125,"sizes":[]},"_padding_mobile":{"unit":"px","top":"0","right":"25","bottom":"0","left":"25","isLinked":false},"_animation":"fadeIn","_animation_delay":200},"elements":[],"isInner":false,"widgetType":"heading","elType":"widget"},{"id":"4118adc3","settings":{"title":"We offer a 10% discount for all stays booked 3 months in advance. Reserve your favorite holiday  now and don't miss these great discounts. ","header_size":"p","align":"center","title_color":"#7C7C7C","typography_typography":"custom","typography_font_size":{"unit":"px","size":16,"sizes":[]},"typography_font_weight":"400","typography_line_height":{"unit":"em","size":1.5,"sizes":[]},"typography_letter_spacing":{"unit":"px","size":0.01000000000000000020816681711721685132943093776702880859375,"sizes":[]},"_padding_mobile":{"unit":"px","top":"0","right":"15","bottom":"0","left":"15","isLinked":false},"_animation":"fadeIn","_animation_delay":200},"elements":[],"isInner":false,"widgetType":"heading","elType":"widget"},{"id":"3863952c","settings":{"space":{"unit":"px","size":30,"sizes":[]}},"elements":[],"isInner":false,"widgetType":"spacer","elType":"widget"}],"isInner":true,"elType":"column"}],"isInner":true,"elType":"section"},{"id":"51c1d536","settings":{"content_width":{"unit":"px","size":668,"sizes":[]}},"elements":[{"id":"6d9e89a8","settings":{"_column_size":100,"_inline_size":null,"align":"center"},"elements":[{"id":"7ddb70f5","settings":{"editor":"<table class=\"wprentals_price_table\" width=\"100%\">\n<tbody>\n<tr>\n<th>Seasons<\/th>\n<th>Price per night<\/th>\n<th>Price per night\nfor 7n+ stays<\/th>\n<th>Price per night\nfor 30n+ stays<\/th>\n<\/tr>\n<tr>\n<td>January - March<\/td>\n<td>$ 120<\/td>\n<td>$ 110<\/td>\n<td>$ 100<\/td>\n<\/tr>\n<tr>\n<td>April - June<\/td>\n<td>$ 130<\/td>\n<td>$ 120<\/td>\n<td>$ 110<\/td>\n<\/tr>\n<tr>\n<td>July - September<\/td>\n<td>$ 155<\/td>\n<td>$ 130<\/td>\n<td>$ 120<\/td>\n<\/tr>\n<tr>\n<td>October - December<\/td>\n<td>$ 210<\/td>\n<td>$ 190<\/td>\n<td>$ 180<\/td>\n<\/tr>\n<\/tbody>\n<\/table>","align":"center","_padding":{"unit":"px","top":"0","right":"0","bottom":"0","left":"0","isLinked":false}},"elements":[],"isInner":false,"widgetType":"text-editor","elType":"widget"},{"id":"1960b480","settings":{"text":"BOOK NOW","align":"center","button_text_color":"#FFFFFF","background_color":"#4EB1CC","border_radius":{"unit":"px","top":"3","right":"3","bottom":"3","left":"3","isLinked":true},"text_padding":{"unit":"px","top":"15","right":"30","bottom":"15","left":"30","isLinked":false}},"elements":[],"isInner":false,"widgetType":"button","elType":"widget"}],"isInner":true,"elType":"column"}],"isInner":true,"elType":"section"}],"isInner":false,"elType":"column"}],"isInner":false,"elType":"section"},{"id":"9224d86","settings":{"gap":"no","stretch_section":"section-stretched","background_background":"classic","padding":{"unit":"px","top":"100","right":"0","bottom":"100","left":"0","isLinked":false},"background_color":"#FFFFFF"},"elements":[{"id":"1aa2e5ee","settings":{"_column_size":100,"_inline_size":null,"space_between_widgets":20},"elements":[{"id":"34b6142b","settings":{"content_width":{"unit":"px","size":734,"sizes":[]}},"elements":[{"id":"13dc9274","settings":{"_column_size":100,"_inline_size":null},"elements":[{"id":"5e718e93","settings":{"title":"More features included in the apartment <br>that make your stay memorable","align":"center","title_color":"#39374D","typography_typography":"custom","typography_font_size":{"unit":"px","size":28,"sizes":[]},"typography_font_weight":"500","typography_letter_spacing":{"unit":"px","size":0.5,"sizes":[]},"typography_line_height":{"unit":"em","size":1.3000000000000000444089209850062616169452667236328125,"sizes":[]},"_padding_mobile":{"unit":"px","top":"0","right":"25","bottom":"0","left":"25","isLinked":false},"_animation":"fadeIn","_animation_delay":200},"elements":[],"isInner":false,"widgetType":"heading","elType":"widget"},{"id":"3ca5b8ee","settings":{"title":"Embrace the tranquility of Seychelles Island in the spacious <br>villa situated just a 35-minute flight southwest of Mah\u00e9","header_size":"p","align":"center","title_color":"#7C7C7C","typography_typography":"custom","typography_font_size":{"unit":"px","size":16,"sizes":[]},"typography_font_weight":"400","typography_line_height":{"unit":"em","size":1.5,"sizes":[]},"typography_letter_spacing":{"unit":"px","size":0.01000000000000000020816681711721685132943093776702880859375,"sizes":[]},"_padding_mobile":{"unit":"px","top":"0","right":"15","bottom":"0","left":"15","isLinked":false},"_animation":"fadeIn","_animation_delay":200},"elements":[],"isInner":false,"widgetType":"heading","elType":"widget"}],"isInner":true,"elType":"column"}],"isInner":true,"elType":"section"},{"id":"7fc845f8","settings":{"space":{"unit":"px","size":30,"sizes":[]}},"elements":[],"isInner":false,"widgetType":"spacer","elType":"widget"},{"id":"6ede27e2","settings":{"gap":"custom","structure":"30"},"elements":[{"id":"1832b58","settings":{"_column_size":33,"_inline_size":null,"space_between_widgets":10,"padding":{"unit":"%","top":"12","right":"12","bottom":"0","left":"12","isLinked":false},"animation":"fadeIn","animation_delay":200},"elements":[{"id":"3a67ece","settings":{"selected_icon":{"value":{"url":"https:\/\/solo.wprentals.org\/wp-content\/uploads\/2021\/08\/car3.svg","id":35991},"library":"svg"},"align":"left","primary_color":"#4EB1CC","size":{"unit":"px","size":42,"sizes":[]}},"elements":[],"isInner":false,"widgetType":"icon","elType":"widget"},{"id":"2974e482","settings":{"title":"Transfer Services","align":"left","title_color":"#39374D","typography_typography":"custom","typography_font_size":{"unit":"px","size":18,"sizes":[]},"typography_font_weight":"500","typography_line_height":{"unit":"em","size":1.399999999999999911182158029987476766109466552734375,"sizes":[]}},"elements":[],"isInner":false,"widgetType":"heading","elType":"widget"},{"id":"418cd881","settings":{"title":"Begin your holiday with the peace of mind that comes with knowing that all of your airport transfers and transport requirements have been taken care of.","header_size":"p","align":"left","title_color":"#7C7C7C","typography_typography":"custom","typography_font_size":{"unit":"px","size":16,"sizes":[]},"typography_font_weight":"400","typography_line_height":{"unit":"em","size":1.5,"sizes":[]},"typography_letter_spacing":{"unit":"px","size":0.01000000000000000020816681711721685132943093776702880859375,"sizes":[]}},"elements":[],"isInner":false,"widgetType":"heading","elType":"widget"}],"isInner":true,"elType":"column"},{"id":"7ea99358","settings":{"_column_size":33,"_inline_size":null,"space_between_widgets":10,"padding":{"unit":"%","top":"12","right":"12","bottom":"0","left":"12","isLinked":false},"animation":"fadeIn","animation_delay":300},"elements":[{"id":"5a344b00","settings":{"selected_icon":{"value":{"url":"https:\/\/solo.wprentals.org\/wp-content\/uploads\/2021\/08\/family.svg","id":36012},"library":"svg"},"align":"left","primary_color":"#4EB1CC","size":{"unit":"px","size":42,"sizes":[]}},"elements":[],"isInner":false,"widgetType":"icon","elType":"widget"},{"id":"3cead317","settings":{"title":"Family Friendly","align":"left","title_color":"#39374D","typography_typography":"custom","typography_font_size":{"unit":"px","size":18,"sizes":[]},"typography_font_weight":"500","typography_line_height":{"unit":"em","size":1.399999999999999911182158029987476766109466552734375,"sizes":[]}},"elements":[],"isInner":false,"widgetType":"heading","elType":"widget"},{"id":"4b326485","settings":{"title":"Year-round warm weather, calm oceans and spectacular outdoor adventures means that there are entertaining activities for travellers of every age.","header_size":"p","align":"left","title_color":"#7C7C7C","typography_typography":"custom","typography_font_size":{"unit":"px","size":16,"sizes":[]},"typography_font_weight":"400","typography_line_height":{"unit":"em","size":1.5,"sizes":[]},"typography_letter_spacing":{"unit":"px","size":0.01000000000000000020816681711721685132943093776702880859375,"sizes":[]}},"elements":[],"isInner":false,"widgetType":"heading","elType":"widget"}],"isInner":true,"elType":"column"},{"id":"3842be2d","settings":{"_column_size":33,"_inline_size":null,"space_between_widgets":10,"padding":{"unit":"%","top":"12","right":"12","bottom":"0","left":"12","isLinked":false},"animation":"fadeIn","animation_delay":300},"elements":[{"id":"4644a299","settings":{"selected_icon":{"value":{"url":"https:\/\/solo.wprentals.org\/wp-content\/uploads\/2021\/08\/surfing-2.svg","id":36014},"library":"svg"},"align":"left","primary_color":"#4EB1CC","size":{"unit":"px","size":42,"sizes":[]}},"elements":[],"isInner":false,"widgetType":"icon","elType":"widget"},{"id":"67f47cd1","settings":{"title":"Surfers Paradise ","align":"left","title_color":"#39374D","typography_typography":"custom","typography_font_size":{"unit":"px","size":18,"sizes":[]},"typography_font_weight":"500","typography_line_height":{"unit":"em","size":1.399999999999999911182158029987476766109466552734375,"sizes":[]}},"elements":[],"isInner":false,"widgetType":"heading","elType":"widget"},{"id":"66f23681","settings":{"title":"Indulge your senses with our fine range of flavors for sophisticated palates. Our all-day wine & dine facilities combine the perfect text","header_size":"p","align":"left","title_color":"#7C7C7C","typography_typography":"custom","typography_font_size":{"unit":"px","size":16,"sizes":[]},"typography_font_weight":"400","typography_line_height":{"unit":"em","size":1.5,"sizes":[]},"typography_letter_spacing":{"unit":"px","size":0.01000000000000000020816681711721685132943093776702880859375,"sizes":[]}},"elements":[],"isInner":false,"widgetType":"heading","elType":"widget"}],"isInner":true,"elType":"column"}],"isInner":true,"elType":"section"},{"id":"6d69eb95","settings":{"gap":"custom","structure":"30","gap_columns_custom":{"unit":"px","size":50,"sizes":[]}},"elements":[{"id":"359d25ff","settings":{"_column_size":33,"_inline_size":null,"space_between_widgets":10,"padding":{"unit":"%","top":"12","right":"12","bottom":"0","left":"12","isLinked":false},"animation":"fadeIn","animation_delay":500},"elements":[{"id":"1f431441","settings":{"selected_icon":{"value":{"url":"https:\/\/solo.wprentals.org\/wp-content\/uploads\/2021\/08\/security.svg","id":35620},"library":"svg"},"align":"left","primary_color":"#4EB1CC","size":{"unit":"px","size":42,"sizes":[]}},"elements":[],"isInner":false,"widgetType":"icon","elType":"widget"},{"id":"26a0b06c","settings":{"title":"Secured Home","align":"left","title_color":"#39374D","typography_typography":"custom","typography_font_size":{"unit":"px","size":18,"sizes":[]},"typography_font_weight":"500","typography_line_height":{"unit":"em","size":1.399999999999999911182158029987476766109466552734375,"sizes":[]}},"elements":[],"isInner":false,"widgetType":"heading","elType":"widget"},{"id":"3e3d0005","settings":{"title":"Indulge your senses with our fine range of flavors for sophisticated palates. Our all-day wine & dine facilities combine the perfect text","header_size":"p","align":"left","title_color":"#7C7C7C","typography_typography":"custom","typography_font_size":{"unit":"px","size":16,"sizes":[]},"typography_font_weight":"400","typography_line_height":{"unit":"em","size":1.5,"sizes":[]},"typography_letter_spacing":{"unit":"px","size":0.01000000000000000020816681711721685132943093776702880859375,"sizes":[]}},"elements":[],"isInner":false,"widgetType":"heading","elType":"widget"}],"isInner":true,"elType":"column"},{"id":"6451e5bd","settings":{"_column_size":33,"_inline_size":null,"space_between_widgets":10,"padding":{"unit":"%","top":"12","right":"12","bottom":"0","left":"12","isLinked":false},"animation":"fadeIn","animation_delay":600},"elements":[{"id":"1fcabf13","settings":{"selected_icon":{"value":{"url":"https:\/\/solo.wprentals.org\/wp-content\/uploads\/2021\/08\/chair_accessible.svg","id":35618},"library":"svg"},"align":"left","primary_color":"#4EB1CC","size":{"unit":"px","size":42,"sizes":[]}},"elements":[],"isInner":false,"widgetType":"icon","elType":"widget"},{"id":"5f34ee0b","settings":{"title":"Chair Accessible","align":"left","title_color":"#39374D","typography_typography":"custom","typography_font_size":{"unit":"px","size":18,"sizes":[]},"typography_font_weight":"500","typography_line_height":{"unit":"em","size":1.399999999999999911182158029987476766109466552734375,"sizes":[]}},"elements":[],"isInner":false,"widgetType":"heading","elType":"widget"},{"id":"6d68659","settings":{"title":"Indulge your senses with our fine range of flavors for sophisticated palates. Our all-day wine & dine facilities combine the perfect text","header_size":"p","align":"left","title_color":"#7C7C7C","typography_typography":"custom","typography_font_size":{"unit":"px","size":16,"sizes":[]},"typography_font_weight":"400","typography_line_height":{"unit":"em","size":1.5,"sizes":[]},"typography_letter_spacing":{"unit":"px","size":0.01000000000000000020816681711721685132943093776702880859375,"sizes":[]}},"elements":[],"isInner":false,"widgetType":"heading","elType":"widget"}],"isInner":true,"elType":"column"},{"id":"23165eb8","settings":{"_column_size":33,"_inline_size":null,"space_between_widgets":10,"padding":{"unit":"%","top":"12","right":"12","bottom":"0","left":"12","isLinked":false},"animation":"fadeIn","animation_delay":700},"elements":[{"id":"3872fdd9","settings":{"selected_icon":{"value":{"url":"https:\/\/solo.wprentals.org\/wp-content\/uploads\/2021\/08\/automatic_pilot_icon.svg","id":35617},"library":"svg"},"align":"left","primary_color":"#4EB1CC","size":{"unit":"px","size":42,"sizes":[]}},"elements":[],"isInner":false,"widgetType":"icon","elType":"widget"},{"id":"16ef5465","settings":{"title":"Sailing Boat","align":"left","title_color":"#39374D","typography_typography":"custom","typography_font_size":{"unit":"px","size":18,"sizes":[]},"typography_font_weight":"500","typography_line_height":{"unit":"em","size":1.399999999999999911182158029987476766109466552734375,"sizes":[]}},"elements":[],"isInner":false,"widgetType":"heading","elType":"widget"},{"id":"5b7457c7","settings":{"title":"It is a little-known fact that the Seychelles offers a wide range of small islands to visit by boat and we will help you discover all of them.","header_size":"p","align":"left","title_color":"#7C7C7C","typography_typography":"custom","typography_font_size":{"unit":"px","size":16,"sizes":[]},"typography_font_weight":"400","typography_line_height":{"unit":"em","size":1.5,"sizes":[]},"typography_letter_spacing":{"unit":"px","size":0.01000000000000000020816681711721685132943093776702880859375,"sizes":[]}},"elements":[],"isInner":false,"widgetType":"heading","elType":"widget"}],"isInner":true,"elType":"column"}],"isInner":true,"elType":"section"}],"isInner":false,"elType":"column"}],"isInner":false,"elType":"section"},{"id":"230daa8b","settings":{"gap":"no","stretch_section":"section-stretched","background_background":"classic","padding":{"unit":"px","top":"150","right":"0","bottom":"150","left":"0","isLinked":false},"shape_divider_top":"mountains","shape_divider_top_width":{"unit":"%","size":274,"sizes":[]},"shape_divider_top_height":{"unit":"px","size":132,"sizes":[]},"shape_divider_bottom":"waves","shape_divider_bottom_width":{"unit":"%","size":274,"sizes":[]},"shape_divider_bottom_height":{"unit":"px","size":132,"sizes":[]},"shape_divider_bottom_flip":"yes","_element_id":"todo"},"elements":[{"id":"62a1239e","settings":{"_column_size":100,"_inline_size":null,"space_between_widgets":20},"elements":[{"id":"1360d70e","settings":{"content_width":{"unit":"px","size":734,"sizes":[]}},"elements":[{"id":"5479efce","settings":{"_column_size":100,"_inline_size":null},"elements":[{"id":"1b690fa7","settings":{"title":"Explore Seychelles guided <br>by locals on every adventure","align":"center","title_color":"#39374D","typography_typography":"custom","typography_font_size":{"unit":"px","size":28,"sizes":[]},"typography_font_weight":"500","typography_letter_spacing":{"unit":"px","size":0.5,"sizes":[]},"typography_line_height":{"unit":"em","size":1.3000000000000000444089209850062616169452667236328125,"sizes":[]},"_padding_mobile":{"unit":"px","top":"0","right":"25","bottom":"0","left":"25","isLinked":false},"_animation":"fadeIn","_animation_delay":200},"elements":[],"isInner":false,"widgetType":"heading","elType":"widget"},{"id":"47b1a6a2","settings":{"title":"Embrace the tranquility of Seychelles Island in the spacious <br>villa situated just a 35-minute flight southwest of Mah\u00e9","header_size":"p","align":"center","title_color":"#7C7C7C","typography_typography":"custom","typography_font_size":{"unit":"px","size":16,"sizes":[]},"typography_font_weight":"400","typography_line_height":{"unit":"em","size":1.5,"sizes":[]},"typography_letter_spacing":{"unit":"px","size":0.01000000000000000020816681711721685132943093776702880859375,"sizes":[]},"_padding_mobile":{"unit":"px","top":"0","right":"15","bottom":"0","left":"15","isLinked":false},"_animation":"fadeIn","_animation_delay":200},"elements":[],"isInner":false,"widgetType":"heading","elType":"widget"}],"isInner":true,"elType":"column"}],"isInner":true,"elType":"section"},{"id":"70754a0b","settings":{"space":{"unit":"px","size":30,"sizes":[]}},"elements":[],"isInner":false,"widgetType":"spacer","elType":"widget"},{"id":"5c7a08e7","settings":{"gap":"no","structure":"30","margin":{"unit":"px","top":"20","right":0,"bottom":"0","left":0,"isLinked":false}},"elements":[{"id":"48611320","settings":{"_column_size":33,"_inline_size":null,"_inline_size_tablet":100,"padding":{"unit":"px","top":"0","right":"5","bottom":"0","left":"0","isLinked":false},"border_radius":{"unit":"px","top":"3","right":"3","bottom":"3","left":"3","isLinked":true},"animation":"fadeIn","animation_delay":200},"elements":[{"id":"398784f8","settings":{"article_id":"220","_animation":"none"},"elements":[],"isInner":false,"widgetType":"Wprentals_Featured_Article","elType":"widget"}],"isInner":true,"elType":"column"},{"id":"1b4eb02a","settings":{"_column_size":33,"_inline_size":null,"_inline_size_tablet":100,"padding":{"unit":"px","top":"0","right":"5","bottom":"0","left":"5","isLinked":false},"padding_tablet":{"unit":"px","top":"10","right":"0","bottom":"0","left":"0","isLinked":false},"animation":"fadeIn","animation_delay":300},"elements":[{"id":"24bc2b93","settings":{"article_id":"230","_animation":"none"},"elements":[],"isInner":false,"widgetType":"Wprentals_Featured_Article","elType":"widget"}],"isInner":true,"elType":"column"},{"id":"39e933a9","settings":{"_column_size":33,"_inline_size":null,"_inline_size_tablet":100,"padding":{"unit":"px","top":"0","right":"0","bottom":"0","left":"5","isLinked":false},"padding_tablet":{"unit":"px","top":"010","right":"0","bottom":"0","left":"0","isLinked":false},"animation":"fadeIn","animation_delay":400},"elements":[{"id":"2445f101","settings":{"article_id":"240","_animation":"none"},"elements":[],"isInner":false,"widgetType":"Wprentals_Featured_Article","elType":"widget"}],"isInner":true,"elType":"column"}],"isInner":true,"elType":"section"}],"isInner":false,"elType":"column"}],"isInner":false,"elType":"section"},{"id":"773655d9","settings":{"gap":"no","stretch_section":"section-stretched","background_background":"classic","padding":{"unit":"px","top":"100","right":"0","bottom":"100","left":"0","isLinked":false},"background_color":"#FFFFFF","layout":"full_width","_element_id":"testimonials"},"elements":[{"id":"598c5ee4","settings":{"_column_size":100,"_inline_size":null,"space_between_widgets":20},"elements":[{"id":"40b9181f","settings":{"content_width":{"unit":"px","size":734,"sizes":[]}},"elements":[{"id":"43d4ea4e","settings":{"_column_size":100,"_inline_size":null},"elements":[{"id":"73e3a92c","settings":{"title":"Read about our travelers experience<br> who stayed at Praslin Villa","align":"center","title_color":"#39374D","typography_typography":"custom","typography_font_size":{"unit":"px","size":28,"sizes":[]},"typography_font_weight":"500","typography_letter_spacing":{"unit":"px","size":0.5,"sizes":[]},"typography_line_height":{"unit":"em","size":1.3000000000000000444089209850062616169452667236328125,"sizes":[]},"_padding_mobile":{"unit":"px","top":"0","right":"25","bottom":"0","left":"25","isLinked":false},"_animation":"fadeIn","_animation_delay":200},"elements":[],"isInner":false,"widgetType":"heading","elType":"widget"},{"id":"2490b17d","settings":{"title":"Embrace the tranquility of Seychelles Island in the spacious <br>villa situated just a 35-minute flight southwest of Mah\u00e9","header_size":"p","align":"center","title_color":"#7C7C7C","typography_typography":"custom","typography_font_size":{"unit":"px","size":16,"sizes":[]},"typography_font_weight":"400","typography_line_height":{"unit":"em","size":1.5,"sizes":[]},"typography_letter_spacing":{"unit":"px","size":0.01000000000000000020816681711721685132943093776702880859375,"sizes":[]},"_padding_mobile":{"unit":"px","top":"0","right":"15","bottom":"0","left":"15","isLinked":false},"_animation":"fadeIn","_animation_delay":200},"elements":[],"isInner":false,"widgetType":"heading","elType":"widget"}],"isInner":true,"elType":"column"}],"isInner":true,"elType":"section"},{"id":"24d6d3ef","settings":{"space":{"unit":"px","size":30,"sizes":[]}},"elements":[],"isInner":false,"widgetType":"spacer","elType":"widget"},{"id":"36fa2bdf","settings":{"structure":"50","layout":"full_width","gap":"custom","gap_columns_custom":{"unit":"px","size":20,"sizes":[]},"content_position":"middle"},"elements":[{"id":"2f6edd2c","settings":{"_column_size":20,"_inline_size":null,"space_between_widgets":0,"content_position":"top","_inline_size_tablet":50},"elements":[{"id":"7b7012e5","settings":{"client_name":"Jay Simon","title_client":"from New York","imagelinks":{"id":36204,"url":"https:\/\/solo.wprentals.org\/wp-content\/uploads\/2021\/08\/smile.jpg","alt":"","source":"library"},"testimonial_text":"Absolutely loved this place, wonderful villa, wonderful beach and pool area. The place is really impressive. ","_animation":"none","_animation_delay":200,"testimonials_type":"2","testimonial_type":"2","stars_client":"5"},"elements":[],"isInner":false,"widgetType":"WpRentals_Testimonial","elType":"widget"},{"id":"11177524","settings":{"client_name":"Anna Simons","title_client":"from Portugal","imagelinks":{"id":36319,"url":"https:\/\/solo.wprentals.org\/wp-content\/uploads\/2021\/09\/happy.jpg","alt":"","source":"library"},"testimonial_text":"The place is really impressive. I am in love with it, it is wonderful villa, wonderful beach and pool area. ","_animation":"none","_animation_delay":200,"testimonials_type":"2","testimonial_type":"2","stars_client":"5"},"elements":[],"isInner":false,"widgetType":"WpRentals_Testimonial","elType":"widget"}],"isInner":true,"elType":"column"},{"id":"54a84290","settings":{"_column_size":20,"_inline_size":null,"space_between_widgets":14,"_inline_size_tablet":50,"animation":"fadeIn","animation_delay":300},"elements":[{"id":"7e0da991","settings":{"client_name":"Gina Roscoe","title_client":"from Florida","imagelinks":{"id":36323,"url":"https:\/\/solo.wprentals.org\/wp-content\/uploads\/2021\/09\/happy2-e1592465720498.jpg","alt":"","source":"library"},"testimonial_text":"Excellent experience.  We appreciated the kindness of the owner. We will do it again!","_animation":"none","_animation_delay":200,"testimonials_type":"2","testimonial_type":"2","stars_client":"5"},"elements":[],"isInner":false,"widgetType":"WpRentals_Testimonial","elType":"widget"}],"isInner":true,"elType":"column"},{"id":"8c22c6a","settings":{"_column_size":20,"_inline_size":null,"_inline_size_tablet":50,"animation":"fadeIn","animation_delay":400},"elements":[{"id":"53a8b290","settings":{"client_name":"Jane Smith","title_client":"from Mexico","imagelinks":{"id":36194,"url":"https:\/\/solo.wprentals.org\/wp-content\/uploads\/2021\/08\/profile2.jpg","alt":"","source":"library"},"testimonial_text":"Great location, nice food, and extremely comfortable rooms.\nGreat value for money!","_animation":"none","_animation_delay":200,"testimonials_type":"2","testimonial_type":"2","stars_client":"5"},"elements":[],"isInner":false,"widgetType":"WpRentals_Testimonial","elType":"widget"},{"id":"41a23f3d","settings":{"client_name":"Tania Smith","title_client":"from Belgium","imagelinks":{"id":36178,"url":"https:\/\/solo.wprentals.org\/wp-content\/uploads\/2021\/08\/profile4.jpg","alt":"","source":"library"},"testimonial_text":"With Praslin Villa I can run plan my holidays without worries. I can browse the site easily and book instantly.","_animation":"none","_animation_delay":200,"testimonials_type":"2","testimonial_type":"2","stars_client":"5"},"elements":[],"isInner":false,"widgetType":"WpRentals_Testimonial","elType":"widget"}],"isInner":true,"elType":"column"},{"id":"7b3d4879","settings":{"_column_size":20,"_inline_size":null,"_inline_size_tablet":50,"animation":"fadeIn","animation_delay":500},"elements":[{"id":"74e6fece","settings":{"client_name":"Emily Bosch","title_client":"from Italy","imagelinks":{"id":36168,"url":"https:\/\/solo.wprentals.org\/wp-content\/uploads\/2021\/08\/woman3.jpg","alt":"","source":"library"},"testimonial_text":"Room with all the facilities.We enjoyed the balcony very much. The bathroom is very clean and spacious. ","_animation":"none","_animation_delay":200,"testimonials_type":"2","testimonial_type":"2","stars_client":"5"},"elements":[],"isInner":false,"widgetType":"WpRentals_Testimonial","elType":"widget"}],"isInner":true,"elType":"column"},{"id":"6b8c4b85","settings":{"_column_size":20,"_inline_size":null,"space_between_widgets":14,"_inline_size_tablet":100,"animation":"fadeIn","animation_delay":600},"elements":[{"id":"76195c2","settings":{"client_name":"Jenny Lopez","title_client":"from Japan","imagelinks":{"id":36217,"url":"https:\/\/solo.wprentals.org\/wp-content\/uploads\/2021\/08\/woman.jpg","alt":"","source":"library"},"testimonial_text":"It was a 4th of my visit there, I love this place very much. Beautiful and peaceful place to relax!","_animation":"none","_animation_delay":200,"testimonials_type":"2","testimonial_type":"2","stars_client":"5"},"elements":[],"isInner":false,"widgetType":"WpRentals_Testimonial","elType":"widget"},{"id":"74255a1d","settings":{"client_name":"Victoria Smith","title_client":"from Poland","imagelinks":{"id":36221,"url":"https:\/\/solo.wprentals.org\/wp-content\/uploads\/2021\/08\/woman2.jpg","alt":"","source":"library"},"testimonial_text":"An amazing place with a great beach! Located in a very peaceful area. Enjoyed the comfortable room with a beautiful view.","_animation":"fadeIn","_animation_delay":200,"testimonials_type":"2","testimonial_type":"2","stars_client":"5"},"elements":[],"isInner":false,"widgetType":"WpRentals_Testimonial","elType":"widget"}],"isInner":true,"elType":"column"}],"isInner":true,"elType":"section"}],"isInner":false,"elType":"column"}],"isInner":false,"elType":"section"},{"id":"a2f240f","settings":{"gap":"no","stretch_section":"section-stretched","background_background":"classic","shape_divider_top":"mountains","shape_divider_top_width":{"unit":"%","size":274,"sizes":[]},"shape_divider_top_height":{"unit":"px","size":132,"sizes":[]},"padding":{"unit":"px","top":"150","right":"0","bottom":"150","left":"0","isLinked":false},"_element_id":"contact","shape_divider_bottom_width":{"unit":"%","size":274,"sizes":[]},"shape_divider_bottom_height":{"unit":"px","size":132,"sizes":[]},"shape_divider_bottom_flip":"yes"},"elements":[{"id":"c798fb3","settings":{"_column_size":100,"_inline_size":null},"elements":[{"id":"22cec66c","settings":{"content_width":{"unit":"px","size":734,"sizes":[]}},"elements":[{"id":"37cc5fd6","settings":{"_column_size":100,"_inline_size":null},"elements":[{"id":"30a791d1","settings":{"title":"Contact us for any information about<br> the Praslin Villa in Seychelles","align":"center","title_color":"#39374D","typography_typography":"custom","typography_font_size":{"unit":"px","size":28,"sizes":[]},"typography_font_weight":"500","typography_letter_spacing":{"unit":"px","size":0.5,"sizes":[]},"typography_line_height":{"unit":"em","size":1.3000000000000000444089209850062616169452667236328125,"sizes":[]},"_padding_mobile":{"unit":"px","top":"0","right":"25","bottom":"0","left":"25","isLinked":false},"_animation":"fadeIn","_animation_delay":200},"elements":[],"isInner":false,"widgetType":"heading","elType":"widget"},{"id":"5f8780b3","settings":{"title":"Embrace the tranquility of Seychelles Island in the spacious <br>villa situated just a 35-minute flight southwest of Mah\u00e9","header_size":"p","align":"center","title_color":"#7C7C7C","typography_typography":"custom","typography_font_size":{"unit":"px","size":16,"sizes":[]},"typography_font_weight":"400","typography_line_height":{"unit":"em","size":1.5,"sizes":[]},"typography_letter_spacing":{"unit":"px","size":0.01000000000000000020816681711721685132943093776702880859375,"sizes":[]},"_padding_mobile":{"unit":"px","top":"0","right":"15","bottom":"0","left":"15","isLinked":false},"_animation":"fadeIn","_animation_delay":200},"elements":[],"isInner":false,"widgetType":"heading","elType":"widget"}],"isInner":true,"elType":"column"}],"isInner":true,"elType":"section"},{"id":"4385d274","settings":{"structure":"20","padding":{"unit":"px","top":"50","right":"50","bottom":"50","left":"50","isLinked":true},"padding_mobile":{"unit":"px","top":"15","right":"15","bottom":"15","left":"15","isLinked":true}},"elements":[{"id":"2b5ba6ae","settings":{"_column_size":50,"_inline_size":null,"background_background":"classic","background_color":"#FFFFFF","box_shadow_box_shadow_type":"yes","box_shadow_box_shadow":{"horizontal":0,"vertical":10,"blur":31,"spread":0,"color":"rgba(180.99999999999991, 127, 250, 0.09)"},"padding":{"unit":"px","top":"60","right":"60","bottom":"60","left":"60","isLinked":true},"padding_mobile":{"unit":"px","top":"30","right":"30","bottom":"30","left":"30","isLinked":true},"animation":"fadeIn","animation_delay":200},"elements":[{"id":"23d12e34","settings":{"title":"We will get back to you quickly!","title_color":"#39364E","typography_typography":"custom","typography_font_family":"Roboto","typography_line_height":{"unit":"em","size":1.3000000000000000444089209850062616169452667236328125,"sizes":[]},"typography_letter_spacing":{"unit":"px","size":-0.01000000000000000020816681711721685132943093776702880859375,"sizes":[]},"header_size":"h3"},"elements":[],"isInner":false,"widgetType":"heading","elType":"widget"},{"id":"6ed2a410","settings":{"form_fields":[{"_id":"name","field_type":"name","field_label":"Name","placeholder":"Name"},{"_id":"email","field_type":"email","required":"true","field_label":"Email","placeholder":"Email"},{"_id":"booking_from_date","field_type":"booking_from_date","required":"true","field_label":"Check-In","placeholder":"Check-In","width":"50"},{"field_type":"booking_to_date","required":"true","field_label":"Check-Out","placeholder":"Check-Out","width":"50","_id":"f604079"},{"_id":"message","field_type":"message","field_label":"Message","placeholder":"Message"}],"form_field_show_labels":"","gdpr_text":"I consent to the GDPR Terms","submit_button_text":"Send Email","email_subject":"New email from &quot;Booking Website for Single Owner&quot; ","submit_button_background_color":"#4EB1CC","submit_button_background_hover_color":"#3AA1BD"},"elements":[],"isInner":false,"widgetType":"WpRentals_Contact_Form_Builder","elType":"widget"}],"isInner":true,"elType":"column"},{"id":"108a0dc0","settings":{"_column_size":50,"_inline_size":null,"margin":{"unit":"px","top":"0","right":"0","bottom":"0","left":"0","isLinked":false},"padding":{"unit":"px","top":"0","right":"50","bottom":"50","left":"50","isLinked":false},"space_between_widgets":25,"padding_mobile":{"unit":"px","top":"30","right":"0","bottom":"30","left":"0","isLinked":false},"animation":"fadeIn","animation_delay":200},"elements":[{"id":"78d4e5e","settings":{"editor":"<h3><strong>How quickly do you answer?<\/strong><\/h3><p>We usually answer in a matter of minutes to all new messages.\u00a0\u00a0<\/p>","_padding":{"unit":"px","top":"30","right":"30","bottom":"30","left":"30","isLinked":true},"_background_background":"classic","_background_color":"#FFFFFF","_border_radius":{"unit":"px","top":"6","right":"6","bottom":"6","left":"6","isLinked":true},"_box_shadow_box_shadow_type":"yes","_box_shadow_box_shadow":{"horizontal":0,"vertical":10,"blur":31,"spread":0,"color":"rgba(180.99999999999991, 127, 250, 0.09)"}},"elements":[],"isInner":false,"widgetType":"text-editor","elType":"widget"},{"id":"b62df48","settings":{"editor":"<h3><strong>Can I bring my pet?<\/strong><\/h3><p>Yes, we welcome guests\u00a0 with pets and we will make sure they have a great holiday as well.\u00a0<\/p>","_padding":{"unit":"px","top":"30","right":"30","bottom":"30","left":"30","isLinked":true},"_background_background":"classic","_background_color":"#FFFFFF","_border_radius":{"unit":"px","top":"6","right":"6","bottom":"6","left":"6","isLinked":true},"_box_shadow_box_shadow_type":"yes","_box_shadow_box_shadow":{"horizontal":0,"vertical":10,"blur":31,"spread":0,"color":"rgba(180.99999999999991, 127, 250, 0.09)"}},"elements":[],"isInner":false,"widgetType":"text-editor","elType":"widget"},{"id":"25f7335","settings":{"editor":"<h3><strong>How many guests can come?<\/strong><\/h3><p>We can accommodate up to 8 guests in our 4 luxury bedrooms. We also have cribs for infants and child friendly playground.\u00a0\u00a0<\/p>","_padding":{"unit":"px","top":"30","right":"30","bottom":"30","left":"30","isLinked":true},"_background_background":"classic","_background_color":"#FFFFFF","_border_radius":{"unit":"px","top":"6","right":"6","bottom":"6","left":"6","isLinked":true},"_box_shadow_box_shadow_type":"yes","_box_shadow_box_shadow":{"horizontal":0,"vertical":10,"blur":31,"spread":0,"color":"rgba(180.99999999999991, 127, 250, 0.09)"}},"elements":[],"isInner":false,"widgetType":"text-editor","elType":"widget"}],"isInner":true,"elType":"column"}],"isInner":true,"elType":"section"}],"isInner":false,"elType":"column"}],"isInner":false,"elType":"section"}],"page_settings":[],"version":"0.4","title":"Solo Owner Home","type":"page"}