{"content":[{"id":"5cb7583e","settings":{"height":"min-height","custom_height":{"unit":"vh","size":58,"sizes":[]},"column_position":"stretch","background_background":"slideshow","background_position":"center right","background_repeat":"no-repeat","background_size":"contain","layout":"full_width","_title":"Hero","background_size_tablet":"cover","custom_height_tablet":{"unit":"vh","size":38,"sizes":[]},"custom_height_mobile":{"unit":"vh","size":"","sizes":[]},"padding_mobile":{"unit":"px","top":"30","right":"0","bottom":"0","left":"0","isLinked":""},"gap":"no","gap_columns_custom":{"unit":"px","size":15,"sizes":[]},"stretch_section":"section-stretched","background_color":"#EBE7E0","background_slideshow_gallery":[{"id":39523,"url":"https:\/\/tenerife.wprentals.org\/wp-content\/uploads\/2022\/11\/header-2-e1668777531147.jpeg"},{"id":39530,"url":"https:\/\/tenerife.wprentals.org\/wp-content\/uploads\/2022\/11\/hero-image5.webp"}],"background_slideshow_background_position":"top center","background_slideshow_ken_burns":"yes","background_overlay_background":"classic","background_overlay_color":"#365140","background_overlay_opacity":{"unit":"px","size":0.270000000000000017763568394002504646778106689453125,"sizes":[]},"background_slideshow_background_size":"cover"},"elements":[{"id":"374e1e16","settings":{"_column_size":100,"_inline_size":null},"elements":[],"isInner":false,"elType":"column"}],"isInner":"","elType":"section"},{"id":"2f2f8827","settings":{"margin":{"unit":"%","top":"-6","right":0,"bottom":"0","left":0,"isLinked":false},"margin_mobile":{"unit":"%","top":"-50","right":0,"bottom":"0","left":0,"isLinked":false},"padding":{"unit":"px","top":"0","right":"0","bottom":"0","left":"0","isLinked":false},"padding_mobile":{"unit":"%","top":"35","right":"0","bottom":"0","left":"0","isLinked":""},"height":"min-height","custom_height":{"unit":"vh","size":"","sizes":[]},"custom_height_tablet":{"unit":"vh","size":"","sizes":[]},"custom_height_mobile":{"unit":"vh","size":"","sizes":[]},"column_position":"stretch","background_background":"classic","background_position":"center right","background_repeat":"no-repeat","background_size":"contain","background_size_tablet":"cover","margin_tablet":{"unit":"%","top":"","right":"","bottom":"","left":"","isLinked":true},"_title":"search","gap":"custom","structure":"20","border_radius":{"unit":"px","top":"0","right":"0","bottom":"0","left":"0","isLinked":true},"box_shadow_box_shadow":{"horizontal":0,"vertical":10,"blur":30,"spread":0,"color":"rgba(180.99999999999991, 127, 250, 0.1)"}},"elements":[{"id":"47bb42ed","settings":{"_column_size":50,"_inline_size":21.56099999999999994315658113919198513031005859375,"content_position":"center","background_background":"classic","background_color":"#365140","padding":{"unit":"px","top":"0","right":"30","bottom":"0","left":"30","isLinked":false},"border_radius":{"unit":"px","top":"5","right":"0","bottom":"0","left":"5","isLinked":false},"box_shadow_box_shadow_type":"yes","box_shadow_box_shadow":{"horizontal":0,"vertical":10,"blur":30,"spread":0,"color":"rgba(180.99999999999991, 127, 250, 0.1)"},"padding_mobile":{"unit":"px","top":"30","right":"30","bottom":"30","left":"30","isLinked":true}},"elements":[{"id":"3df48fe6","settings":{"title":"Book Tenerife Holiday Homes","align":"left","align_tablet":"left","align_mobile":"center","title_color":"#FFFFFF","typography_typography":"custom","typography_font_family":"Roboto","typography_font_size":{"unit":"px","size":24,"sizes":[]},"typography_font_size_tablet":{"unit":"px","size":"20","sizes":[]},"typography_font_weight":"500","typography_line_height":{"unit":"em","size":"1.4","sizes":[]}},"elements":[],"isInner":false,"widgetType":"heading","elType":"widget"}],"isInner":false,"elType":"column"},{"id":"1116ac4d","settings":{"_column_size":50,"space_between_widgets":"15","background_background":"classic","background_color":"#FCFBF8","box_shadow_box_shadow_type":"yes","box_shadow_box_shadow":{"horizontal":"0","vertical":10,"blur":"30","spread":"0","color":"rgba(180.99999999999991, 127, 250, 0.1)"},"margin":{"unit":"px","top":"0","right":"0","bottom":"0","left":"0","isLinked":""},"margin_tablet":{"unit":"px","top":"0","right":"0","bottom":"0","left":"0","isLinked":"1"},"padding":{"unit":"px","top":"50","right":"50","bottom":"50","left":"50","isLinked":""},"padding_tablet":{"unit":"px","top":"30","right":"30","bottom":"30","left":"30","isLinked":"1"},"padding_mobile":{"unit":"px","top":"50","right":"20","bottom":"30","left":"20","isLinked":""},"border_radius":{"unit":"px","top":"0","right":"3","bottom":"3","left":"0","isLinked":false},"_inline_size":78.438999999999992951416061259806156158447265625},"elements":[{"id":"f4ffc","settings":{"title":"Find places to stay in Tenerife ","align":"left","align_tablet":"left","title_color":"#033537","typography_typography":"custom","typography_font_family":"Roboto","typography_font_size":{"unit":"px","size":18,"sizes":[]},"typography_font_size_tablet":{"unit":"px","size":"20","sizes":[]},"typography_font_weight":"400","typography_line_height":{"unit":"em","size":"1.4","sizes":[]},"align_mobile":"center","_margin_mobile":{"unit":"px","top":"0","right":"0","bottom":"0","left":"0","isLinked":false},"_padding_mobile":{"unit":"px","top":"0","right":"0","bottom":"0","left":"0","isLinked":false}},"elements":[],"isInner":false,"widgetType":"heading","elType":"widget"},{"id":"30a0b06c","settings":{"form_fields":[{"field_type":"check_in","field_label":"Check In","placeholder":"Check In","width":"25","icon":{"value":"far fa-calendar-alt","library":"fa-regular"},"_id":"dbf07f7","custom_id":"field_dbf07f7"},{"_id":"0db3c4e","field_type":"check_out","field_label":"Check Out","placeholder":"Check Out","icon":{"value":"far fa-calendar-alt","library":"fa-regular"},"width":"25"},{"_id":"097341d","field_type":"guest_no","field_how":"greater","field_label":"Guests","placeholder":"Add Guests","icon":{"value":"far fa-user","library":"fa-regular"},"width":"25"}],"form_field_show_exra_details":"","form_field_show_section_title":"","form_field_section_title_text":"Advanced Search","submit_button_text":"Book ","submit_button_width":"25","search_icon_button":{"value":{"url":"https:\/\/hawaii.wprentals.org\/wp-content\/uploads\/2021\/11\/search.svg","id":37117},"library":"svg"},"wprentals_form_label_spacing":{"unit":"px","size":"","sizes":[]},"wprentals_form_label_color":"#232222","wprentals_form_label_typography_typography":"custom","wprentals_form_label_typography_font_family":"Roboto","wprentals_form_label_typography_font_size":{"unit":"px","size":13,"sizes":[]},"wprentals_form_label_typography_font_weight":"600","form_wrapper-content_padding":{"unit":"px","top":"0","right":"0","bottom":"0","left":"0","isLinked":false},"form_border_radius":{"unit":"px","top":"2","right":"2","bottom":"2","left":"2","isLinked":true},"box_shadow_form_box_shadow":{"horizontal":9,"vertical":0,"blur":10,"spread":0,"color":"rgba(0,0,0,0.5)"},"wprentals_field_text_color":"#635E5E","wprentals_field_typography_typography":"custom","wprentals_field_typography_font_family":"Roboto","wprentals_field_typography_font_size":{"unit":"px","size":14,"sizes":[]},"wprentals_field_typography_font_weight":"400","tab-wprentals_field_padding-color":{"unit":"px","top":"13","right":"15","bottom":"13","left":"36","isLinked":false},"field_border_width":{"unit":"px","top":"1","right":"1","bottom":"1","left":"1","isLinked":true},"submit_button_background_color":"#D57B66","submit_ button_border_radius":{"unit":"%","top":"","right":"","bottom":"","left":"","isLinked":true},"search_icon_padding":{"unit":"px","top":"0","right":"10","bottom":"0","left":"0","isLinked":false},"wprentals_form_label_spacing_postion":{"unit":"px","top":"2","right":"0","bottom":"0","left":"18","isLinked":false},"wpersidence_form_row_gap":{"unit":"px","size":0,"sizes":[]},"submit_button_text_color":"#FFFFFF","icon_primary_color":"#FFFFFF","submit_button_text_padding":{"unit":"px","top":"0","right":"0","bottom":"0","left":"0","isLinked":true},"_margin":{"unit":"px","top":"0","right":"0","bottom":"0","left":"-5","isLinked":false},"wprentals_field_background_color":"#FFFFFF00","submit_button_background_hover_color":"#CE5216","submit_button_width_mobile":"1","wpersidence_form_row_gap_mobile":{"unit":"px","size":15,"sizes":[]},"form_wrapper-content_padding_mobile":{"unit":"px","top":"20","right":"10","bottom":"10","left":"10","isLinked":false},"form_border_radius_mobile":{"unit":"px","top":"10","right":"10","bottom":"10","left":"10","isLinked":true},"submit_ button_border_radius_mobile":{"unit":"px","top":"100","right":"100","bottom":"100","left":"100","isLinked":true},"_z_index":99,"form_field_show_labels":"","wprentals_field_text_color1":"#484848","wprentals_field_background_icon_color":"#D5CBBA","submit_button_typography_typography":"custom","submit_button_typography_font_family":"Roboto","submit_button_typography_font_weight":"400","submit_button_typography_line_height":{"unit":"em","size":"","sizes":[]},"submit_button_hover_color":"#FFFFFF","wpersidence_form_column_gap":{"unit":"px","size":3,"sizes":[]},"wprentals_form_back_color":"#FCFBF8","wprentals_field_border_color":"#D7CDBA5E","_margin_mobile":{"unit":"px","top":"0","right":"0","bottom":"0","left":"0","isLinked":false},"_padding_mobile":{"unit":"px","top":"0","right":"0","bottom":"0","left":"0","isLinked":false}},"elements":[],"isInner":false,"widgetType":"Wprentals_Search_Form_Builder","elType":"widget"}],"isInner":"","elType":"column"}],"isInner":"","elType":"section"},{"id":"2bbc9df8","settings":{"margin":{"unit":"px","top":"100","right":0,"bottom":"45","left":0,"isLinked":""},"_title":"properties list title","margin_tablet":{"unit":"px","top":"100","right":0,"bottom":"0","left":0,"isLinked":""},"margin_mobile":{"unit":"px","top":"100","right":0,"bottom":"0","left":0,"isLinked":""},"padding_mobile":{"unit":"px","top":"0","right":"0","bottom":"0","left":"0","isLinked":""},"content_width_tablet":{"unit":"px","size":500,"sizes":[]},"padding_tablet":{"unit":"px","top":"0","right":"0","bottom":"0","left":"0","isLinked":false}},"elements":[{"id":"754da2a0","settings":{"_column_size":100,"content_position":"center","padding":{"unit":"px","top":"0","right":"0","bottom":"0","left":"0","isLinked":""},"_inline_size_tablet":"100","padding_tablet":{"unit":"px","top":"0","right":"0","bottom":"0","left":"0","isLinked":""},"padding_mobile":{"unit":"px","top":"0","right":"0","bottom":"0","left":"0","isLinked":"1"},"_inline_size":null,"margin_tablet":{"unit":"px","top":"0","right":"0","bottom":"50","left":"0","isLinked":false},"_title":"properties list title","space_between_widgets":11,"background_background":"classic"},"elements":[{"id":"6afa6479","settings":{"title":"Holiday Homes in Tenerife","title_color":"#033537","typography_typography":"custom","typography_font_family":"Roboto","typography_font_size":{"unit":"px","size":30,"sizes":[]},"typography_font_weight":"400","typography_line_height":{"unit":"em","size":1.100000000000000088817841970012523233890533447265625,"sizes":[]},"motion_fx_blur_range":{"unit":"%","size":"","sizes":{"start":"20","end":"73"}},"align_tablet":"center","align_mobile":"center","align":"center","_animation":"fadeIn"},"elements":[],"isInner":false,"widgetType":"heading","elType":"widget"},{"id":"11541714","settings":{"title":"Enjoy amazing homes with gorgeous views and amenities","header_size":"p","title_color":"#7A7A7A","typography_typography":"custom","typography_font_family":"Roboto","typography_font_size":{"unit":"px","size":17,"sizes":[]},"typography_font_weight":"300","align":"center","typography_line_height":{"unit":"px","size":28,"sizes":[]},"_animation":"fadeIn"},"elements":[],"isInner":false,"widgetType":"heading","elType":"widget"}],"isInner":"","elType":"column"}],"isInner":"","elType":"section"},{"id":"1ff20f92","settings":{"margin":{"unit":"px","top":"0","right":0,"bottom":"0","left":0,"isLinked":false},"padding_tablet":{"unit":"px","top":"0","right":"0","bottom":"0","left":"0","isLinked":false},"padding_mobile":{"unit":"px","top":"0","right":"0","bottom":"0","left":"0","isLinked":false},"gap":"no","_title":"listings"},"elements":[{"id":"1c240782","settings":{"_column_size":100,"_inline_size":null,"margin_tablet":{"unit":"px","top":"0","right":"0","bottom":"0","left":"0","isLinked":false},"padding_mobile":{"unit":"px","top":"0","right":"0","bottom":"0","left":"0","isLinked":false}},"elements":[{"id":"5eafc59d","settings":{"number":"6","rownumber":3,"full_row":"yes","unit_border_width":{"unit":"px","top":"4","right":"4","bottom":"4","left":"4","isLinked":true},"field_border_radius":{"unit":"px","top":"3","right":"3","bottom":"3","left":"3","isLinked":true},"unit_border_color":"#FFFFFF"},"elements":[],"isInner":false,"widgetType":"Wprentals_Recent_Items","elType":"widget"}],"isInner":false,"elType":"column"}],"isInner":false,"elType":"section"},{"id":"5b6f951e","settings":{"gap":"no","stretch_section":"section-stretched","_title":"why us","margin":{"unit":"px","top":"100","right":0,"bottom":"0","left":0,"isLinked":false},"padding_tablet":{"unit":"%","top":"","right":"","bottom":"","left":"","isLinked":false},"padding_mobile":{"unit":"px","top":"100","right":"30","bottom":"100","left":"30","isLinked":false},"background_background":"classic","background_color":"#FCFBF8","padding":{"unit":"px","top":"100","right":"0","bottom":"100","left":"0","isLinked":false},"background_overlay_background":"classic","background_overlay_image":{"url":"https:\/\/tenerife.wprentals.org\/wp-content\/uploads\/2022\/11\/palms-edit.svg","id":39197,"alt":"","source":"library"},"background_overlay_position":"top right","background_overlay_xpos":{"unit":"vw","size":71,"sizes":[]},"background_overlay_xpos_tablet":{"unit":"vw","size":0,"sizes":[]},"background_overlay_xpos_mobile":{"unit":"vw","size":0,"sizes":[]},"background_overlay_ypos":{"unit":"px","size":50,"sizes":[]},"background_overlay_repeat":"no-repeat","background_overlay_opacity":{"unit":"px","size":0.05000000000000000277555756156289135105907917022705078125,"sizes":[]}},"elements":[{"id":"3ff20813","settings":{"_column_size":100,"_inline_size":null,"margin":{"unit":"px","top":"0","right":"-15","bottom":"0","left":"-15","isLinked":false},"padding":{"unit":"px","top":"0","right":"0","bottom":"0","left":"0","isLinked":false},"margin_mobile":{"unit":"px","top":"0","right":"0","bottom":"0","left":"0","isLinked":false}},"elements":[{"id":"535ba437","settings":{"margin_tablet":{"unit":"px","top":"","right":0,"bottom":"","left":0,"isLinked":false}},"elements":[{"id":"40e3bfb7","settings":{"_column_size":100,"content_position":"center","padding":{"unit":"px","top":"0","right":"0","bottom":"0","left":"0","isLinked":""},"_inline_size_tablet":"100","padding_tablet":{"unit":"px","top":"0","right":"0","bottom":"0","left":"0","isLinked":""},"padding_mobile":{"unit":"px","top":"0","right":"0","bottom":"0","left":"0","isLinked":"1"},"_inline_size":null,"margin_tablet":{"unit":"px","top":"0","right":"0","bottom":"50","left":"0","isLinked":false},"_title":"properties list title","space_between_widgets":11,"background_background":"classic"},"elements":[{"id":"582201c0","settings":{"title":"Why Choose Tenerife Rentals","title_color":"#033537","typography_typography":"custom","typography_font_family":"Roboto","typography_font_size":{"unit":"px","size":30,"sizes":[]},"typography_font_weight":"400","typography_line_height":{"unit":"em","size":1.100000000000000088817841970012523233890533447265625,"sizes":[]},"motion_fx_blur_range":{"unit":"%","size":"","sizes":{"start":"20","end":"73"}},"align_tablet":"center","align_mobile":"center","align":"center","_animation":"fadeIn"},"elements":[],"isInner":false,"widgetType":"heading","elType":"widget"},{"id":"58c880a4","settings":{"title":"Why our platform is the perfect choice for your rentals needs","header_size":"p","align":"center","title_color":"#7A7A7A","typography_typography":"custom","typography_font_family":"Roboto","typography_font_size":{"unit":"px","size":17,"sizes":[]},"typography_font_weight":"300","typography_line_height":{"unit":"px","size":28,"sizes":[]},"_animation":"fadeIn","_margin_tablet":{"unit":"px","top":"0","right":"0","bottom":"0","left":"0","isLinked":false},"_padding_tablet":{"unit":"px","top":"0","right":"0","bottom":"0","left":"0","isLinked":false}},"elements":[],"isInner":false,"widgetType":"heading","elType":"widget"}],"isInner":true,"elType":"column"}],"isInner":true,"elType":"section"},{"id":"729bb41b","settings":{"structure":"30","margin_mobile":{"unit":"px","top":"0","right":0,"bottom":"0","left":0,"isLinked":false},"padding_tablet":{"unit":"px","top":"0","right":"0","bottom":"0","left":"0","isLinked":false},"padding_mobile":{"unit":"px","top":"0","right":"30","bottom":"0","left":"30","isLinked":false},"margin":{"unit":"px","top":"45","right":0,"bottom":"0","left":0,"isLinked":false},"margin_tablet":{"unit":"%","top":"","right":0,"bottom":"","left":0,"isLinked":false}},"elements":[{"id":"1ea46d59","settings":{"_column_size":33,"_inline_size":null,"background_background":"classic","box_shadow_box_shadow":{"horizontal":0,"vertical":10,"blur":30,"spread":0,"color":"rgba(180.99999999999991, 127, 250, 0.1)"},"margin":{"unit":"px","top":"0","right":"15","bottom":"0","left":"15","isLinked":false},"margin_mobile":{"unit":"px","top":"0","right":"0","bottom":"15","left":"0","isLinked":false}},"elements":[{"id":"102d18a5","settings":{"image":{"url":"https:\/\/tenerife.wprentals.org\/wp-content\/uploads\/2022\/11\/person5.png","id":38974,"alt":"","source":"library"},"title_text":"24\/7 Support","description_text":"We offer you 24\/7 support to manage your listing.","position":"left","image_space":{"unit":"px","size":25,"sizes":[]},"image_size":{"unit":"%","size":35,"sizes":[]},"text_align":"left","text_align_mobile":"center","title_color":"#033537","title_typography_typography":"custom","title_typography_font_family":"Roboto","title_typography_font_size":{"unit":"px","size":18,"sizes":[]},"title_typography_font_weight":"500","description_color":"#7A7A7A","description_typography_typography":"custom","description_typography_font_family":"Roboto","description_typography_font_size":{"unit":"px","size":16,"sizes":[]},"description_typography_font_weight":"300","thumbnail_size":"custom","thumbnail_custom_dimension":{"width":"","height":"106"},"content_vertical_alignment":"middle","title_bottom_space":{"unit":"px","size":5,"sizes":[]},"title_typography_line_height":{"unit":"em","size":1.3000000000000000444089209850062616169452667236328125,"sizes":[]},"description_typography_line_height":{"unit":"em","size":1.600000000000000088817841970012523233890533447265625,"sizes":[]},"_animation":"fadeIn","image_space_mobile":{"unit":"px","size":35,"sizes":[]},"title_typography_line_height_mobile":{"unit":"px","size":35,"sizes":[]}},"elements":[],"isInner":false,"widgetType":"image-box","elType":"widget"}],"isInner":true,"elType":"column"},{"id":"121e1d6d","settings":{"_column_size":33,"_inline_size":null,"background_background":"classic","box_shadow_box_shadow":{"horizontal":0,"vertical":10,"blur":30,"spread":0,"color":"rgba(180.99999999999991, 127, 250, 0.1)"},"margin":{"unit":"px","top":"0","right":"15","bottom":"0","left":"15","isLinked":false},"margin_mobile":{"unit":"px","top":"0","right":"0","bottom":"15","left":"0","isLinked":false}},"elements":[{"id":"19a79971","settings":{"image":{"url":"https:\/\/tenerife.wprentals.org\/wp-content\/uploads\/2022\/10\/house2.png","id":38789,"alt":"","source":"library"},"title_text":"Affordable","description_text":"You will find the most affordable rentals prices.","position":"left","image_space":{"unit":"px","size":25,"sizes":[]},"image_size":{"unit":"%","size":35,"sizes":[]},"text_align":"left","text_align_mobile":"center","title_color":"#033537","title_typography_typography":"custom","title_typography_font_family":"Roboto","title_typography_font_size":{"unit":"px","size":18,"sizes":[]},"title_typography_font_weight":"500","description_color":"#7A7A7A","description_typography_typography":"custom","description_typography_font_family":"Roboto","description_typography_font_size":{"unit":"px","size":16,"sizes":[]},"description_typography_font_weight":"300","content_vertical_alignment":"middle","title_bottom_space":{"unit":"px","size":5,"sizes":[]},"title_typography_line_height":{"unit":"em","size":1.3000000000000000444089209850062616169452667236328125,"sizes":[]},"description_typography_line_height":{"unit":"em","size":1.600000000000000088817841970012523233890533447265625,"sizes":[]},"_animation":"fadeIn","title_bottom_space_mobile":{"unit":"px","size":0,"sizes":[]},"title_typography_line_height_mobile":{"unit":"px","size":35,"sizes":[]}},"elements":[],"isInner":false,"widgetType":"image-box","elType":"widget"}],"isInner":true,"elType":"column"},{"id":"293feddc","settings":{"_column_size":33,"_inline_size":null,"background_background":"classic","box_shadow_box_shadow":{"horizontal":0,"vertical":10,"blur":30,"spread":0,"color":"rgba(180.99999999999991, 127, 250, 0.1)"},"margin":{"unit":"px","top":"0","right":"15","bottom":"0","left":"15","isLinked":false},"margin_mobile":{"unit":"px","top":"0","right":"0","bottom":"15","left":"0","isLinked":false}},"elements":[{"id":"4e7438b9","settings":{"image":{"url":"https:\/\/tenerife.wprentals.org\/wp-content\/uploads\/2022\/10\/beach.png","id":38761,"alt":"","source":"library"},"title_text":"Various Options","description_text":"We offer you 24\/7 support to manage your listing.","position":"left","image_space":{"unit":"px","size":25,"sizes":[]},"image_size":{"unit":"%","size":35,"sizes":[]},"text_align":"left","text_align_mobile":"center","title_color":"#033537","title_typography_typography":"custom","title_typography_font_family":"Roboto","title_typography_font_size":{"unit":"px","size":18,"sizes":[]},"title_typography_font_weight":"500","description_color":"#7A7A7A","description_typography_typography":"custom","description_typography_font_family":"Roboto","description_typography_font_size":{"unit":"px","size":16,"sizes":[]},"description_typography_font_weight":"300","content_vertical_alignment":"middle","title_bottom_space":{"unit":"px","size":5,"sizes":[]},"title_typography_line_height":{"unit":"em","size":1.3000000000000000444089209850062616169452667236328125,"sizes":[]},"description_typography_line_height":{"unit":"em","size":1.600000000000000088817841970012523233890533447265625,"sizes":[]},"_animation":"fadeIn","title_bottom_space_mobile":{"unit":"px","size":0,"sizes":[]},"title_typography_line_height_mobile":{"unit":"px","size":35,"sizes":[]}},"elements":[],"isInner":false,"widgetType":"image-box","elType":"widget"}],"isInner":true,"elType":"column"}],"isInner":true,"elType":"section"},{"id":"6ee9de66","settings":{"structure":"30","margin_mobile":{"unit":"px","top":"0","right":0,"bottom":"0","left":0,"isLinked":false},"padding_tablet":{"unit":"%","top":"","right":"","bottom":"","left":"","isLinked":false},"padding_mobile":{"unit":"px","top":"0","right":"30","bottom":"0","left":"30","isLinked":false},"margin":{"unit":"px","top":"30","right":0,"bottom":"0","left":0,"isLinked":false}},"elements":[{"id":"4afce649","settings":{"_column_size":33,"_inline_size":null,"background_background":"classic","box_shadow_box_shadow":{"horizontal":0,"vertical":10,"blur":30,"spread":0,"color":"rgba(180.99999999999991, 127, 250, 0.1)"},"margin":{"unit":"px","top":"0","right":"15","bottom":"0","left":"15","isLinked":false},"margin_mobile":{"unit":"px","top":"0","right":"0","bottom":"15","left":"0","isLinked":false}},"elements":[{"id":"71178558","settings":{"image":{"url":"https:\/\/tenerife.wprentals.org\/wp-content\/uploads\/2022\/10\/safe.png","id":38774,"alt":"","source":"library"},"title_text":"Safe Payment","description_text":"All payments are processed through safe merchants.","position":"left","image_space":{"unit":"px","size":25,"sizes":[]},"image_size":{"unit":"%","size":35,"sizes":[]},"text_align":"left","text_align_mobile":"center","title_color":"#033537","title_typography_typography":"custom","title_typography_font_family":"Roboto","title_typography_font_size":{"unit":"px","size":18,"sizes":[]},"title_typography_font_weight":"500","description_color":"#7A7A7A","description_typography_typography":"custom","description_typography_font_family":"Roboto","description_typography_font_size":{"unit":"px","size":16,"sizes":[]},"description_typography_font_weight":"300","content_vertical_alignment":"middle","title_bottom_space":{"unit":"px","size":5,"sizes":[]},"title_typography_line_height":{"unit":"em","size":1.3000000000000000444089209850062616169452667236328125,"sizes":[]},"description_typography_line_height":{"unit":"em","size":1.600000000000000088817841970012523233890533447265625,"sizes":[]},"_animation":"fadeIn","_animation_delay":10,"title_bottom_space_mobile":{"unit":"px","size":0,"sizes":[]},"title_typography_line_height_mobile":{"unit":"px","size":35,"sizes":[]}},"elements":[],"isInner":false,"widgetType":"image-box","elType":"widget"}],"isInner":true,"elType":"column"},{"id":"12cdc524","settings":{"_column_size":33,"_inline_size":null,"background_background":"classic","box_shadow_box_shadow":{"horizontal":0,"vertical":10,"blur":30,"spread":0,"color":"rgba(180.99999999999991, 127, 250, 0.1)"},"margin":{"unit":"px","top":"0","right":"15","bottom":"0","left":"15","isLinked":false},"margin_mobile":{"unit":"px","top":"0","right":"0","bottom":"15","left":"0","isLinked":false}},"elements":[{"id":"733dbcae","settings":{"image":{"url":"https:\/\/tenerife.wprentals.org\/wp-content\/uploads\/2022\/10\/account.png","id":38784,"alt":"","source":"library"},"title_text":"Free Account","description_text":"Register a free account to send and pay for bookings. ","position":"left","image_space":{"unit":"px","size":25,"sizes":[]},"image_size":{"unit":"%","size":35,"sizes":[]},"text_align":"left","text_align_mobile":"center","title_color":"#033537","title_typography_typography":"custom","title_typography_font_family":"Roboto","title_typography_font_size":{"unit":"px","size":18,"sizes":[]},"title_typography_font_weight":"500","description_color":"#7A7A7A","description_typography_typography":"custom","description_typography_font_family":"Roboto","description_typography_font_size":{"unit":"px","size":16,"sizes":[]},"description_typography_font_weight":"300","content_vertical_alignment":"middle","title_bottom_space":{"unit":"px","size":5,"sizes":[]},"title_typography_line_height":{"unit":"em","size":1.3000000000000000444089209850062616169452667236328125,"sizes":[]},"description_typography_line_height":{"unit":"em","size":1.600000000000000088817841970012523233890533447265625,"sizes":[]},"_animation":"fadeIn","_animation_delay":10,"title_bottom_space_mobile":{"unit":"px","size":0,"sizes":[]},"title_typography_line_height_mobile":{"unit":"px","size":35,"sizes":[]}},"elements":[],"isInner":false,"widgetType":"image-box","elType":"widget"}],"isInner":true,"elType":"column"},{"id":"5f7d4c9","settings":{"_column_size":33,"_inline_size":null,"background_background":"classic","box_shadow_box_shadow":{"horizontal":0,"vertical":10,"blur":30,"spread":0,"color":"rgba(180.99999999999991, 127, 250, 0.1)"},"margin":{"unit":"px","top":"0","right":"15","bottom":"0","left":"15","isLinked":false},"margin_mobile":{"unit":"px","top":"0","right":"0","bottom":"15","left":"0","isLinked":false},"text_align":"left"},"elements":[{"id":"30da29f9","settings":{"image":{"url":"https:\/\/tenerife.wprentals.org\/wp-content\/uploads\/2022\/10\/offer.png","id":38785,"alt":"","source":"library"},"title_text":"Special deals","description_text":"You can find properties with special rates for longer periods.","position":"left","image_space":{"unit":"px","size":25,"sizes":[]},"image_size":{"unit":"%","size":35,"sizes":[]},"text_align":"left","text_align_mobile":"center","title_color":"#033537","title_typography_typography":"custom","title_typography_font_family":"Roboto","title_typography_font_size":{"unit":"px","size":18,"sizes":[]},"title_typography_font_weight":"500","description_color":"#7A7A7A","description_typography_typography":"custom","description_typography_font_family":"Roboto","description_typography_font_size":{"unit":"px","size":16,"sizes":[]},"description_typography_font_weight":"300","content_vertical_alignment":"middle","title_bottom_space":{"unit":"px","size":5,"sizes":[]},"title_typography_line_height":{"unit":"em","size":1.3000000000000000444089209850062616169452667236328125,"sizes":[]},"description_typography_line_height":{"unit":"em","size":1.600000000000000088817841970012523233890533447265625,"sizes":[]},"_animation":"fadeIn","_animation_delay":10,"title_bottom_space_mobile":{"unit":"px","size":0,"sizes":[]},"title_typography_line_height_mobile":{"unit":"px","size":35,"sizes":[]}},"elements":[],"isInner":false,"widgetType":"image-box","elType":"widget"}],"isInner":true,"elType":"column"}],"isInner":true,"elType":"section"}],"isInner":false,"elType":"column"}],"isInner":false,"elType":"section"},{"id":"2ccc2a56","settings":{"margin":{"unit":"px","top":"100","right":0,"bottom":"0","left":0,"isLinked":""},"_title":"categories row image","margin_tablet":{"unit":"px","top":"100","right":0,"bottom":"100","left":0,"isLinked":""},"padding_tablet":{"unit":"%","top":"","right":"","bottom":"","left":"","isLinked":true},"padding_mobile":{"unit":"%","top":"","right":"","bottom":"","left":"","isLinked":true},"content_position":"middle","structure":"20","height":"min-height","custom_height":{"unit":"px","size":"","sizes":[]},"column_position":"stretch","content_width":{"unit":"px","size":1400,"sizes":[]},"stretch_section":"section-stretched","margin_mobile":{"unit":"px","top":"100","right":0,"bottom":"70","left":0,"isLinked":false}},"elements":[{"id":"4dba60ec","settings":{"_column_size":50,"_inline_size":55,"space_between_widgets":0,"background_background":"gradient","background_image":{"url":"https:\/\/tenerife.wprentals.org\/wp-content\/uploads\/2022\/05\/city4.jpeg","id":38258,"alt":"","source":"library"},"background_repeat":"no-repeat","background_size":"cover","background_hover_background":"classic","background_overlay_background":"classic","padding":{"unit":"%","top":"0","right":"0","bottom":"0","left":"0","isLinked":false},"padding_tablet":{"unit":"%","top":"","right":"","bottom":"","left":"","isLinked":true},"padding_mobile":{"unit":"%","top":"","right":"","bottom":"","left":"","isLinked":true},"border_radius":{"unit":"px","top":"5","right":"5","bottom":"5","left":"5","isLinked":true}},"elements":[{"id":"6ae46af1","settings":{"gap":"no","height_inner":"min-height","custom_height_inner":{"unit":"px","size":450,"sizes":[]},"custom_height_inner_tablet":{"unit":"vw","size":"","sizes":[]},"custom_height_inner_mobile":{"unit":"vw","size":"","sizes":[]},"background_background":"classic","background_image":{"url":"https:\/\/tenerife.wprentals.org\/wp-content\/uploads\/2022\/11\/villa14.jpeg","id":39179,"alt":"","source":"library"},"background_position":"center center","background_repeat":"no-repeat","background_size":"cover","background_video_fallback":{"url":"","id":"","alt":"","source":"library"},"padding":{"unit":"%","top":"","right":"","bottom":"","left":"","isLinked":true},"padding_tablet":{"unit":"%","top":"","right":"","bottom":"","left":"","isLinked":true},"padding_mobile":{"unit":"%","top":"","right":"","bottom":"","left":"","isLinked":true},"border_radius":{"unit":"px","top":"5","right":"5","bottom":"5","left":"5","isLinked":true},"animation":"fadeInLeft","animation_duration":"slow","box_shadow_box_shadow_type":"yes","box_shadow_box_shadow":{"horizontal":0,"vertical":10,"blur":30,"spread":9,"color":"rgba(180.99999999999991, 127, 250, 0.1)"}},"elements":[{"id":"5e243e94","settings":{"_column_size":100,"_inline_size":null,"margin":{"unit":"%","top":"","right":"","bottom":"","left":"","isLinked":true},"margin_tablet":{"unit":"%","top":"","right":"","bottom":"","left":"","isLinked":true},"margin_mobile":{"unit":"%","top":"","right":"","bottom":"","left":"","isLinked":true},"padding":{"unit":"em","top":"","right":"","bottom":"","left":"","isLinked":false},"padding_tablet":{"unit":"em","top":"","right":"","bottom":"","left":"","isLinked":true},"padding_mobile":{"unit":"em","top":"","right":"","bottom":"","left":"","isLinked":true},"border_radius":{"unit":"px","top":"5","right":"5","bottom":"5","left":"5","isLinked":true}},"elements":[],"isInner":true,"elType":"column"}],"isInner":true,"elType":"section"}],"isInner":false,"elType":"column"},{"id":"28ad3982","settings":{"_column_size":50,"padding":{"unit":"px","top":"0","right":"100","bottom":"0","left":"100","isLinked":false},"_inline_size":45,"content_position":"center","align":"flex-end","space_between_widgets":25,"padding_tablet":{"unit":"px","top":"45","right":"45","bottom":"45","left":"45","isLinked":true}},"elements":[{"id":"4a13db1e","settings":{"title":"Find the best places <br>to visit in Tenerife","align":"left","align_tablet":"center","align_mobile":"center","title_color":"#033537","typography_typography":"custom","typography_font_family":"Roboto","typography_font_size":{"unit":"px","size":30,"sizes":[]},"typography_font_weight":"400","typography_line_height":{"unit":"em","size":1.100000000000000088817841970012523233890533447265625,"sizes":[]},"_animation":"fadeIn"},"elements":[],"isInner":false,"widgetType":"heading","elType":"widget"},{"id":"63794337","settings":{"title":"We guide you to the best places to visit for your Tenerife a holiday. Great restaurants, beautiful homes and villas and family friendly playgrounds.","title_color":"#7A7A7A","typography_typography":"custom","typography_font_family":"Roboto","typography_font_size":{"unit":"px","size":16,"sizes":[]},"typography_font_weight":"300","typography_line_height":{"unit":"px","size":27,"sizes":[]},"_animation":"fadeIn"},"elements":[],"isInner":false,"widgetType":"heading","elType":"widget"},{"id":"287c56f7","settings":{"text":"Read more about us","size":"md","selected_icon":{"value":"fas fa-caret-right","library":"fa-solid"},"icon_align":"right","icon_indent":{"unit":"px","size":"10","sizes":[]},"typography_typography":"custom","typography_font_family":"Roboto","typography_font_size":{"unit":"px","size":17,"sizes":[]},"typography_font_weight":"400","button_text_color":"#FFFFFF","background_color":"#D57B66","border_radius":{"unit":"px","top":"3","right":"3","bottom":"3","left":"3","isLinked":"1"},"align":"left","button_background_hover_color":"#CE5216","hover_color":"#FFFFFF","align_tablet":"center","link":{"url":"\/about\/","is_external":"on","nofollow":""},"_animation":"fadeIn"},"elements":[],"isInner":false,"widgetType":"button","elType":"widget"}],"isInner":"","elType":"column"}],"isInner":"","elType":"section"},{"id":"420b0251","settings":{"margin":{"unit":"px","top":"100","right":0,"bottom":"0","left":0,"isLinked":""},"_title":"categories row image","margin_tablet":{"unit":"px","top":"0","right":"0","bottom":"100","left":"0","isLinked":""},"padding_tablet":{"unit":"%","top":"","right":"","bottom":"","left":"","isLinked":true},"padding_mobile":{"unit":"%","top":"","right":"","bottom":"","left":"","isLinked":true},"content_position":"middle","structure":"20","height":"min-height","custom_height":{"unit":"px","size":"","sizes":[]},"column_position":"stretch","content_width":{"unit":"px","size":1400,"sizes":[]},"stretch_section":"section-stretched","gap":"no","margin_mobile":{"unit":"px","top":"0","right":0,"bottom":"0","left":0,"isLinked":false},"reverse_order_mobile":"reverse-mobile"},"elements":[{"id":"6dfb62d4","settings":{"_column_size":50,"padding":{"unit":"px","top":"0","right":"100","bottom":"0","left":"100","isLinked":false},"_inline_size":45,"content_position":"center","align":"flex-end","space_between_widgets":25,"padding_tablet":{"unit":"px","top":"45","right":"45","bottom":"45","left":"45","isLinked":true}},"elements":[{"id":"44979956","settings":{"title":"Stay near the famous<br> Tenerife beaches","align":"left","align_tablet":"center","align_mobile":"center","title_color":"#033537","typography_typography":"custom","typography_font_family":"Roboto","typography_font_size":{"unit":"px","size":30,"sizes":[]},"typography_font_weight":"400","typography_line_height":{"unit":"em","size":1.100000000000000088817841970012523233890533447265625,"sizes":[]},"_animation":"fadeIn"},"elements":[],"isInner":false,"widgetType":"heading","elType":"widget"},{"id":"69b3b84c","settings":{"title":"Tenerife WpRentals is proud to offer assistance with everything you need to plan your next holiday to the Europe\u2019s most beautiful island destination. ","title_color":"#7A7A7A","typography_typography":"custom","typography_font_family":"Roboto","typography_font_size":{"unit":"px","size":16,"sizes":[]},"typography_font_weight":"300","typography_line_height":{"unit":"px","size":27,"sizes":[]},"_animation":"fadeIn"},"elements":[],"isInner":false,"widgetType":"heading","elType":"widget"},{"id":"44d553d1","settings":{"text":"Contact us today","size":"md","selected_icon":{"value":"fas fa-caret-right","library":"fa-solid"},"icon_align":"right","icon_indent":{"unit":"px","size":"10","sizes":[]},"typography_typography":"custom","typography_font_family":"Roboto","typography_font_size":{"unit":"px","size":17,"sizes":[]},"typography_font_weight":"400","button_text_color":"#FFFFFF","background_color":"#D57B66","border_radius":{"unit":"px","top":"3","right":"3","bottom":"3","left":"3","isLinked":"1"},"align":"left","button_background_hover_color":"#CE5216","hover_color":"#FFFFFF","align_tablet":"center","link":{"url":"\/contact\/","is_external":"on","nofollow":""},"_animation":"fadeIn"},"elements":[],"isInner":false,"widgetType":"button","elType":"widget"}],"isInner":false,"elType":"column"},{"id":"7af1184f","settings":{"_column_size":50,"_inline_size":55,"space_between_widgets":0,"background_background":"gradient","background_image":{"url":"https:\/\/tenerife.wprentals.org\/wp-content\/uploads\/2022\/05\/city4.jpeg","id":38258,"alt":"","source":"library"},"background_repeat":"no-repeat","background_size":"cover","background_hover_background":"classic","background_overlay_background":"classic","padding":{"unit":"px","top":"","right":"","bottom":"","left":"","isLinked":false}},"elements":[{"id":"2ec8df4","settings":{"gap":"no","height_inner":"min-height","custom_height_inner":{"unit":"px","size":450,"sizes":[]},"custom_height_inner_tablet":{"unit":"vw","size":"","sizes":[]},"custom_height_inner_mobile":{"unit":"vw","size":"","sizes":[]},"background_background":"video","background_video_link":"https:\/\/tenerife.wprentals.org\/wp-content\/uploads\/2022\/11\/Untitled.mp4","background_video_fallback":{"url":"https:\/\/tenerife.wprentals.org\/wp-content\/uploads\/2015\/04\/Cancun-Beach-1.jpeg","id":36075,"alt":"","source":"library"},"padding":{"unit":"%","top":"","right":"","bottom":"","left":"","isLinked":true},"padding_tablet":{"unit":"%","top":"","right":"","bottom":"","left":"","isLinked":true},"padding_mobile":{"unit":"%","top":"","right":"","bottom":"","left":"","isLinked":true},"border_radius":{"unit":"px","top":"5","right":"5","bottom":"5","left":"5","isLinked":true},"animation":"fadeInRight","animation_duration":"slow","box_shadow_box_shadow_type":"yes","box_shadow_box_shadow":{"horizontal":0,"vertical":10,"blur":30,"spread":0,"color":"rgba(180.99999999999991, 127, 250, 0.1)"},"background_play_on_mobile":"yes"},"elements":[{"id":"7e018475","settings":{"_column_size":100,"_inline_size":null,"margin":{"unit":"%","top":"","right":"","bottom":"","left":"","isLinked":true},"margin_tablet":{"unit":"%","top":"","right":"","bottom":"","left":"","isLinked":true},"margin_mobile":{"unit":"%","top":"","right":"","bottom":"","left":"","isLinked":true},"padding":{"unit":"px","top":"0","right":"10","bottom":"0","left":"0","isLinked":false},"border_radius":{"unit":"px","top":"3","right":"3","bottom":"3","left":"3","isLinked":true}},"elements":[],"isInner":true,"elType":"column"}],"isInner":true,"elType":"section"}],"isInner":false,"elType":"column"}],"isInner":"","elType":"section"},{"id":"51ba0562","settings":{"gap":"no","stretch_section":"section-stretched","background_background":"classic","background_color":"#FCFBF8","margin":{"unit":"px","top":"100","right":0,"bottom":"0","left":0,"isLinked":false},"padding":{"unit":"px","top":"100","right":"0","bottom":"242","left":"0","isLinked":false},"padding_tablet":{"unit":"em","top":"","right":"","bottom":"","left":"","isLinked":true},"padding_mobile":{"unit":"px","top":"","right":"","bottom":"","left":"","isLinked":false},"background_overlay_background":"classic","background_overlay_image":{"url":"https:\/\/tenerife.wprentals.org\/wp-content\/uploads\/2022\/11\/palm-edit.svg","id":39202,"alt":"","source":"library"},"background_overlay_position":"top left","background_overlay_xpos":{"unit":"px","size":25,"sizes":[]},"background_overlay_ypos":{"unit":"px","size":74,"sizes":[]},"background_overlay_repeat":"no-repeat","background_overlay_size":"contain","background_overlay_bg_width":{"unit":"%","size":19,"sizes":[]},"background_overlay_opacity":{"unit":"px","size":0.05000000000000000277555756156289135105907917022705078125,"sizes":[]},"background_overlay_attachment":"scroll"},"elements":[{"id":"706b8118","settings":{"_column_size":100,"content_position":"center","padding":{"unit":"px","top":"0","right":"0","bottom":"0","left":"0","isLinked":""},"_inline_size_tablet":"100","padding_tablet":{"unit":"px","top":"0","right":"0","bottom":"0","left":"0","isLinked":""},"padding_mobile":{"unit":"px","top":"30","right":"30","bottom":"30","left":"30","isLinked":"1"},"_inline_size":null,"margin_tablet":{"unit":"px","top":"0","right":"0","bottom":"50","left":"0","isLinked":false},"_title":"properties list title","space_between_widgets":11,"background_background":"classic","margin":{"unit":"px","top":"0","right":"0","bottom":"0","left":"0","isLinked":false},"margin_mobile":{"unit":"px","top":"0","right":"0","bottom":"0","left":"0","isLinked":false}},"elements":[{"id":"3dc23d2","settings":{"title":"Featured Types of Homes","title_color":"#033537","typography_typography":"custom","typography_font_family":"Roboto","typography_font_size":{"unit":"px","size":30,"sizes":[]},"typography_font_weight":"400","typography_line_height":{"unit":"em","size":1.100000000000000088817841970012523233890533447265625,"sizes":[]},"typography_font_size_mobile":{"unit":"px","size":30,"sizes":[]},"motion_fx_blur_range":{"unit":"%","size":"","sizes":{"start":"20","end":"73"}},"align_tablet":"center","align_mobile":"center","align":"center","_animation":"fadeIn"},"elements":[],"isInner":false,"widgetType":"heading","elType":"widget"},{"id":"4b2dfe91","settings":{"title":"Exclusive rentals homes in Tenerife popular holiday areas","header_size":"p","title_color":"#7A7A7A","typography_typography":"custom","typography_font_family":"Roboto","typography_font_size":{"unit":"px","size":17,"sizes":[]},"typography_font_weight":"300","align":"center","typography_line_height":{"unit":"px","size":28,"sizes":[]},"_animation":"fadeIn"},"elements":[],"isInner":false,"widgetType":"heading","elType":"widget"}],"isInner":false,"elType":"column"}],"isInner":false,"elType":"section"},{"id":"62731130","settings":{"gap":"wider","stretch_section":"section-stretched","background_background":"classic","margin":{"unit":"px","top":"-210","right":0,"bottom":"0","left":0,"isLinked":false},"padding":{"unit":"px","top":"0","right":"0","bottom":"0","left":"0","isLinked":false},"padding_tablet":{"unit":"px","top":"","right":"","bottom":"","left":"","isLinked":false},"padding_mobile":{"unit":"px","top":"0","right":"30","bottom":"0","left":"30","isLinked":false},"margin_tablet":{"unit":"em","top":"","right":0,"bottom":"","left":0,"isLinked":true},"margin_mobile":{"unit":"em","top":"","right":"","bottom":"","left":"","isLinked":true}},"elements":[{"id":"4439c1f0","settings":{"_column_size":100,"content_position":"center","padding":{"unit":"px","top":"0","right":"0","bottom":"0","left":"0","isLinked":""},"_inline_size_tablet":"100","padding_tablet":{"unit":"px","top":"0","right":"30","bottom":"0","left":"30","isLinked":""},"padding_mobile":{"unit":"px","top":"0","right":"0","bottom":"0","left":"0","isLinked":"1"},"_inline_size":null,"margin_tablet":{"unit":"px","top":"-25","right":"0","bottom":"50","left":"0","isLinked":false},"_title":"categories","space_between_widgets":11,"background_background":"classic","margin":{"unit":"px","top":"0","right":"0","bottom":"0","left":"0","isLinked":false}},"elements":[{"id":"ebd6ee0","settings":{"place_list":["2","3","4","8"],"place_per_row":"3"},"elements":[],"isInner":false,"widgetType":"Wprentals_Categories_Slider","elType":"widget"}],"isInner":false,"elType":"column"}],"isInner":false,"elType":"section"},{"id":"d8ec021","settings":{"margin":{"unit":"px","top":"100","right":0,"bottom":"45","left":0,"isLinked":""},"_title":"testimonials title","margin_tablet":{"unit":"px","top":"50","right":0,"bottom":"0","left":0,"isLinked":""},"margin_mobile":{"unit":"px","top":"100","right":0,"bottom":"50","left":0,"isLinked":""},"padding_mobile":{"unit":"em","top":"","right":"","bottom":"","left":"","isLinked":""},"padding_tablet":{"unit":"px","top":"0","right":"0","bottom":"0","left":"0","isLinked":false},"stretch_section":"section-stretched"},"elements":[{"id":"7c093b00","settings":{"_column_size":100,"content_position":"center","padding":{"unit":"px","top":"0","right":"0","bottom":"0","left":"0","isLinked":""},"_inline_size_tablet":"100","padding_tablet":{"unit":"px","top":"0","right":"0","bottom":"0","left":"0","isLinked":""},"padding_mobile":{"unit":"px","top":"0","right":"0","bottom":"0","left":"0","isLinked":"1"},"_inline_size":null,"margin_tablet":{"unit":"px","top":"0","right":"0","bottom":"50","left":"0","isLinked":false},"_title":"properties list title","space_between_widgets":11,"background_background":"classic","margin":{"unit":"px","top":"0","right":"0","bottom":"0","left":"0","isLinked":false}},"elements":[{"id":"2e95c278","settings":{"title":"Hear from our Clients","title_color":"#033537","typography_typography":"custom","typography_font_family":"Roboto","typography_font_size":{"unit":"px","size":30,"sizes":[]},"typography_font_weight":"400","typography_line_height":{"unit":"em","size":1.100000000000000088817841970012523233890533447265625,"sizes":[]},"typography_font_size_mobile":{"unit":"px","size":30,"sizes":[]},"motion_fx_blur_range":{"unit":"%","size":"","sizes":{"start":"20","end":"73"}},"align_tablet":"center","align_mobile":"center","align":"center","_animation":"fadeIn","_padding_mobile":{"unit":"px","top":"30","right":"30","bottom":"0","left":"30","isLinked":false}},"elements":[],"isInner":false,"widgetType":"heading","elType":"widget"},{"id":"1547215","settings":{"title":"We have clients returning early to our beautiful homes","header_size":"p","title_color":"#7A7A7A","typography_typography":"custom","typography_font_family":"Roboto","typography_font_size":{"unit":"px","size":17,"sizes":[]},"typography_font_weight":"300","align":"center","typography_line_height":{"unit":"px","size":28,"sizes":[]},"_animation":"fadeIn","_padding_mobile":{"unit":"px","top":"0","right":"30","bottom":"30","left":"30","isLinked":false}},"elements":[],"isInner":false,"widgetType":"heading","elType":"widget"},{"id":"27e1a3a4","settings":{"list":[{"testimonial_title":"Amazing Facitlies","testimonial_text":"<p>Absolutely loved this place, wonderful villa, wonderful beach and pool area. The place is really impressive.\u00a0<\/p><p>Excellent experience. We appreciated the kindness of the owner. We will do it again very soon!<\/p>","testimonial_name":"Jim Nejy","testimonial_job":"from Portugal","testimonial_stars":"5","testimonial_image":{"url":"https:\/\/tenerife.wprentals.org\/wp-content\/uploads\/2022\/11\/man.jpeg","id":39117,"alt":"","source":"library"},"_id":"3763d6b"},{"testimonial_title":"Perfect Homes","testimonial_text":"<p>Absolutely loved this place, wonderful villa, wonderful beach and pool area. The place is really impressive.\u00a0<\/p><p>Excellent experience. We appreciated the kindness of the owner. We will do it again very soon!<\/p>","_id":"c771aee","testimonial_name":"Jay Simon","testimonial_job":"New York","testimonial_stars":"5","testimonial_image":{"url":"https:\/\/tenerife.wprentals.org\/wp-content\/uploads\/2022\/11\/woman2-e1667386052168.jpeg","id":39122,"alt":"","source":"library"}},{"testimonial_title":"Clean and cosy","testimonial_text":"<p>Absolutely loved this place, wonderful villa, wonderful beach and pool area. The place is really impressive.\u00a0<\/p><p>Excellent experience. We appreciated the kindness of the owner. We will do it again very soon!<\/p>","testimonial_name":"Eliza Roscoe","testimonial_job":"from Spain","testimonial_stars":"5","testimonial_image":{"url":"https:\/\/tenerife.wprentals.org\/wp-content\/uploads\/2022\/11\/woman.jpeg","id":39121,"alt":"","source":"library"},"_id":"209d7c7"}],"testimonial_content_typography":"custom","testimonial_content_font_family":"Roboto","testimonial_content_font_size":{"unit":"px","size":15,"sizes":[]},"testimonial_content_font_weight":"300","testimonial_postion_typography":"custom","testimonial_postion_font_family":"Roboto","testimonial_postion_font_size":{"unit":"px","size":15,"sizes":[]},"testimonial_postion_font_weight":"400","testimonial_postion_line_height":{"unit":"px","size":31,"sizes":[]},"unit_backgorund":"#FCFBF8","title_color":"#033537","content_color":"#7A7A7A","name_color":"#033537","item_testimonial_job":"#D5CBBA","arrow_border_radius":{"unit":"px","top":"100","right":"100","bottom":"100","left":"100","isLinked":true},"arrow_color":"#033537","arrow_bck_color":"#FCFBF8","arrow_color_hover":"#FFFFFF","arrow_bck_color_hover":"#D57B66","bullet_color":"#D57B6626","bullet_color_active":"#D57B66","box_shadow_box_shadow_type":"yes","box_shadow_box_shadow":{"horizontal":0,"vertical":2,"blur":11,"spread":0,"color":"rgba(180.99999999999991, 127, 250, 0.07)"},"_margin":{"unit":"px","top":"45","right":"0","bottom":"0","left":"0","isLinked":false},"_padding_tablet":{"unit":"px","top":"0","right":"30","bottom":"0","left":"30","isLinked":false},"_padding_mobile":{"unit":"px","top":"10","right":"10","bottom":"10","left":"10","isLinked":true}},"elements":[],"isInner":false,"widgetType":"WpRentals_Testimonial_Slider","elType":"widget"}],"isInner":false,"elType":"column"}],"isInner":"","elType":"section"},{"id":"544308bf","settings":{"gap":"no","stretch_section":"section-stretched","background_background":"classic","margin":{"unit":"px","top":"120","right":0,"bottom":"0","left":0,"isLinked":false},"padding":{"unit":"px","top":"0","right":"0","bottom":"0","left":"0","isLinked":false},"padding_tablet":{"unit":"em","top":"","right":"","bottom":"","left":"","isLinked":false},"padding_mobile":{"unit":"px","top":"0","right":"30","bottom":"0","left":"30","isLinked":false},"margin_tablet":{"unit":"px","top":"70","right":0,"bottom":"0","left":0,"isLinked":false}},"elements":[{"id":"48a9989a","settings":{"_column_size":100,"content_position":"center","padding":{"unit":"px","top":"0","right":"0","bottom":"0","left":"0","isLinked":""},"_inline_size_tablet":"100","padding_tablet":{"unit":"px","top":"0","right":"0","bottom":"0","left":"0","isLinked":""},"padding_mobile":{"unit":"px","top":"0","right":"0","bottom":"0","left":"0","isLinked":"1"},"_inline_size":null,"margin_tablet":{"unit":"px","top":"0","right":"0","bottom":"30","left":"0","isLinked":false},"_title":"properties list title","space_between_widgets":11,"background_background":"classic","margin":{"unit":"px","top":"0","right":"0","bottom":"0","left":"0","isLinked":false}},"elements":[{"id":"a95e4b6","settings":{"title":"Latest News from Tenerife","title_color":"#033537","typography_typography":"custom","typography_font_family":"Roboto","typography_font_size":{"unit":"px","size":30,"sizes":[]},"typography_font_weight":"400","typography_line_height":{"unit":"em","size":1.100000000000000088817841970012523233890533447265625,"sizes":[]},"typography_font_size_mobile":{"unit":"px","size":30,"sizes":[]},"motion_fx_blur_range":{"unit":"%","size":"","sizes":{"start":"20","end":"73"}},"align_tablet":"center","align_mobile":"center","align":"center","_animation":"fadeIn"},"elements":[],"isInner":false,"widgetType":"heading","elType":"widget"},{"id":"7760d88a","settings":{"title":"Find our where to go, what to do and when to visit the island","header_size":"p","title_color":"#7A7A7A","typography_typography":"custom","typography_font_family":"Roboto","typography_font_size":{"unit":"px","size":17,"sizes":[]},"typography_font_weight":"300","align":"center","typography_line_height":{"unit":"px","size":28,"sizes":[]},"_animation":"fadeIn","_margin_tablet":{"unit":"px","top":"0","right":"0","bottom":"0","left":"0","isLinked":false},"_padding_tablet":{"unit":"px","top":"0","right":"0","bottom":"0","left":"0","isLinked":false}},"elements":[],"isInner":false,"widgetType":"heading","elType":"widget"}],"isInner":false,"elType":"column"}],"isInner":false,"elType":"section"},{"id":"1b960706","settings":{"gap":"wider","stretch_section":"section-stretched","background_background":"classic","margin":{"unit":"px","top":"45","right":0,"bottom":"0","left":0,"isLinked":false},"padding":{"unit":"px","top":"0","right":"0","bottom":"0","left":"0","isLinked":false},"padding_tablet":{"unit":"px","top":"0","right":"30","bottom":"0","left":"30","isLinked":false},"padding_mobile":{"unit":"px","top":"0","right":"30","bottom":"0","left":"30","isLinked":false},"margin_tablet":{"unit":"px","top":"0","right":0,"bottom":"0","left":0,"isLinked":false}},"elements":[{"id":"23d0accc","settings":{"_column_size":100,"content_position":"center","padding":{"unit":"px","top":"0","right":"0","bottom":"0","left":"0","isLinked":""},"_inline_size_tablet":"100","padding_tablet":{"unit":"px","top":"0","right":"0","bottom":"0","left":"0","isLinked":""},"padding_mobile":{"unit":"px","top":"0","right":"0","bottom":"0","left":"0","isLinked":"1"},"_inline_size":null,"margin_tablet":{"unit":"px","top":"0","right":"0","bottom":"50","left":"0","isLinked":false},"_title":"categories","space_between_widgets":11,"background_background":"classic","margin":{"unit":"px","top":"0","right":"0","bottom":"0","left":"0","isLinked":false}},"elements":[{"id":"1fbd30b2","settings":{"full_row":"yes","type":"articles","number":"6","rownumber":3,"unit_border_width":{"unit":"px","top":"4","right":"4","bottom":"4","left":"4","isLinked":true},"field_border_radius":{"unit":"px","top":"3","right":"3","bottom":"3","left":"3","isLinked":true},"unit_border_color":"#FFFFFF"},"elements":[],"isInner":false,"widgetType":"Wprentals_Recent_Items","elType":"widget"}],"isInner":false,"elType":"column"}],"isInner":false,"elType":"section"},{"id":"c84870e","settings":{"height":"min-height","custom_height":{"unit":"px","size":"","sizes":[]},"background_background":"classic","margin":{"unit":"px","top":"100","right":0,"bottom":"0","left":0,"isLinked":""},"_title":"Contact form","motion_fx_motion_fx_scrolling":"yes","motion_fx_translateY_effect":"yes","motion_fx_translateY_direction":"negative","motion_fx_translateY_speed":{"unit":"px","size":"1","sizes":[]},"layout":"full_width","stretch_section":"section-stretched","custom_height_tablet":{"unit":"px","size":"600","sizes":[]},"custom_height_mobile":{"unit":"px","size":"420","sizes":[]},"column_position":"stretch","content_position":"middle","structure":"20","background_image":{"url":"","id":"","alt":"","source":"library"},"background_position":"center center","background_attachment":"fixed","background_repeat":"no-repeat","background_size":"cover","background_overlay_background":"classic","background_overlay_color":"#365140","background_overlay_opacity":{"unit":"px","size":0.270000000000000017763568394002504646778106689453125,"sizes":[]},"margin_tablet":{"unit":"px","top":"70","right":0,"bottom":"0","left":0,"isLinked":false}},"elements":[{"id":"17470312","settings":{"_column_size":50,"_inline_size":null,"background_background":"classic","background_image":{"url":"https:\/\/tenerife.wprentals.org\/wp-content\/uploads\/2022\/10\/hero-image4.jpeg","id":38672,"alt":"","source":"library"},"padding":{"unit":"px","top":"0","right":"0","bottom":"0","left":"0","isLinked":false},"padding_mobile":{"unit":"px","top":"50","right":"50","bottom":"50","left":"50","isLinked":true}},"elements":[{"id":"631f0dd","settings":{"space_mobile":{"unit":"px","size":390,"sizes":[]}},"elements":[],"isInner":false,"widgetType":"spacer","elType":"widget"}],"isInner":false,"elType":"column"},{"id":"9d50fd7","settings":{"_column_size":50,"background_background":"classic","margin":{"unit":"%","top":"0","right":"0","bottom":"0","left":"0","isLinked":false},"padding":{"unit":"px","top":"100","right":"0","bottom":"100","left":"0","isLinked":false},"box_shadow_box_shadow":{"horizontal":"0","vertical":"0","blur":"30","spread":"0","color":"rgba(0,0,0,0.2)"},"padding_mobile":{"unit":"em","top":"","right":"","bottom":"","left":"","isLinked":"1"},"background_color":"#FCFBF8","margin_mobile":{"unit":"px","top":"0","right":"0","bottom":"0","left":"0","isLinked":false},"_inline_size":null,"align":"flex-end","padding_tablet":{"unit":"px","top":"30","right":"30","bottom":"30","left":"30","isLinked":true}},"elements":[{"id":"3bc649e3","settings":{"content_width":{"unit":"px","size":450,"sizes":[]}},"elements":[{"id":"181c1758","settings":{"_column_size":100,"_inline_size":null},"elements":[{"id":"41c80818","settings":{"title":"Feel free to contact us for more information about anything","title_color":"#033537","typography_typography":"custom","typography_font_family":"Roboto","typography_font_size":{"unit":"px","size":30,"sizes":[]},"typography_font_weight":"400","typography_line_height":{"unit":"em","size":1.100000000000000088817841970012523233890533447265625,"sizes":[]},"typography_font_size_mobile":{"unit":"px","size":30,"sizes":[]},"align_mobile":"center","align":"left","align_tablet":"center","_animation":"fadeIn"},"elements":[],"isInner":false,"widgetType":"heading","elType":"widget"},{"id":"59e2b475","settings":{"form_fields":[{"_id":"name","field_type":"name","field_label":"Name","placeholder":"Name","width":"50"},{"_id":"email","field_type":"email","required":"true","field_label":"Email","placeholder":"Email","width":"50"},{"_id":"booking_from_date","field_type":"booking_from_date","required":"true","field_label":"Check-in","placeholder":"Check-in","width":"50"},{"field_type":"booking_to_date","required":"true","field_label":"Check-out","placeholder":"Check-out","width":"50","_id":"4e0c27c"},{"_id":"message","field_type":"message","field_label":"Message","placeholder":"Message"}],"gdpr_text":"I consent to the GDPR Terms","submit_button_text":"Send Email","email_subject":"New email from &quot;WpRentals booking theme demo&quot; ","submit_button_background_color":"#D57B66","submit_button_background_hover_color":"#CE5216","_animation":"fadeIn","_animation_delay":50,"wpersidence_form_row_gap_tablet":{"unit":"px","size":0,"sizes":[]},"wpresidence_field_typography_typography":"custom","wpresidence_field_typography_font_family":"Roboto","wpresidence_field_typography_font_size":{"unit":"px","size":13,"sizes":[]},"wpresidence_field_typography_font_weight":"300","form_field_show_labels":"","wpersidence_form_row_gap":{"unit":"px","size":0,"sizes":[]},"wpresidence_form_label_color":"#D5CBBA","wpresidence_form_label_typography_typography":"custom","wpresidence_form_label_typography_font_family":"Roboto","wpresidence_form_label_typography_font_weight":"400","wpresidence_field_text_color":"#033537","wpresidence_field_border_color":"#D7CDBA5E"},"elements":[],"isInner":false,"widgetType":"WpRentals_Contact_Form_Builder","elType":"widget"}],"isInner":true,"elType":"column"}],"isInner":true,"elType":"section"}],"isInner":"","elType":"column"}],"isInner":"","elType":"section"}],"page_settings":[],"version":"0.4","title":"Tenerife Home","type":"page"}