{"content":[{"id":"5724f916","settings":{"gap":"no","stretch_section":"section-stretched","_title":"hero","margin":{"unit":"px","top":"-45","right":0,"bottom":"0","left":0,"isLinked":false},"padding_tablet":{"unit":"px","top":"30","right":"30","bottom":"30","left":"30","isLinked":true},"padding_mobile":{"unit":"px","top":"","right":"","bottom":"","left":"","isLinked":false},"background_background":"classic","background_color":"#FCFBF8","padding":{"unit":"px","top":"0","right":"0","bottom":"0","left":"0","isLinked":false},"background_overlay_background":"classic","background_overlay_image":{"url":"https:\/\/tenerife.wprentals.org\/wp-content\/uploads\/2022\/11\/palms-edit.svg","id":39197,"alt":"","source":"library"},"background_overlay_position":"top right","background_overlay_xpos":{"unit":"vw","size":71,"sizes":[]},"background_overlay_xpos_tablet":{"unit":"vw","size":0,"sizes":[]},"background_overlay_xpos_mobile":{"unit":"vw","size":0,"sizes":[]},"background_overlay_ypos":{"unit":"px","size":50,"sizes":[]},"background_overlay_repeat":"no-repeat","background_overlay_opacity":{"unit":"px","size":0.05000000000000000277555756156289135105907917022705078125,"sizes":[]},"content_width":{"unit":"px","size":746,"sizes":[]},"height":"min-height","custom_height":{"unit":"px","size":432,"sizes":[]},"background_overlay_attachment":"fixed","shape_divider_bottom":"wave-brush","shape_divider_bottom_width":{"unit":"%","size":100,"sizes":[]},"shape_divider_bottom_height":{"unit":"px","size":60,"sizes":[]},"margin_tablet":{"unit":"px","top":"69","right":0,"bottom":"69","left":0,"isLinked":true},"margin_mobile":{"unit":"px","top":"0","right":0,"bottom":"0","left":0,"isLinked":false}},"elements":[{"id":"1beff178","settings":{"_column_size":100,"_inline_size":null,"margin":{"unit":"px","top":"0","right":"0","bottom":"0","left":"0","isLinked":false},"padding":{"unit":"px","top":"0","right":"0","bottom":"0","left":"0","isLinked":false},"margin_mobile":{"unit":"px","top":"0","right":"0","bottom":"0","left":"0","isLinked":false}},"elements":[{"id":"336999ae","settings":{"padding_mobile":{"unit":"px","top":"0","right":"0","bottom":"0","left":"0","isLinked":false}},"elements":[{"id":"35465513","settings":{"_column_size":100,"content_position":"center","padding":{"unit":"px","top":"0","right":"0","bottom":"0","left":"0","isLinked":""},"_inline_size_tablet":"100","padding_tablet":{"unit":"px","top":"0","right":"0","bottom":"0","left":"0","isLinked":""},"padding_mobile":{"unit":"px","top":"0","right":"0","bottom":"0","left":"0","isLinked":"1"},"_inline_size":null,"margin_tablet":{"unit":"px","top":"0","right":"0","bottom":"50","left":"0","isLinked":false},"_title":"properties list title","space_between_widgets":11,"background_background":"classic"},"elements":[{"id":"715f860d","settings":{"title":"Frequently Asked Questions","title_color":"#033537","typography_typography":"custom","typography_font_family":"Roboto","typography_font_size":{"unit":"px","size":50,"sizes":[]},"typography_font_weight":"400","typography_line_height":{"unit":"em","size":1.100000000000000088817841970012523233890533447265625,"sizes":[]},"typography_font_size_tablet":{"unit":"px","size":35,"sizes":[]},"typography_font_size_mobile":{"unit":"px","size":30,"sizes":[]},"motion_fx_blur_range":{"unit":"%","size":"","sizes":{"start":"20","end":"73"}},"align_tablet":"center","align_mobile":"center","align":"center","_animation":"fadeIn"},"elements":[],"isInner":false,"widgetType":"heading","elType":"widget"},{"id":"7518d860","settings":{"title":"How long does the booking process take? What methods of payment accepted? Can I use more than one payment method to pay for a reservation? And more.","header_size":"p","align":"center","title_color":"#7A7A7A","typography_typography":"custom","typography_font_family":"Roboto","typography_font_size":{"unit":"px","size":17,"sizes":[]},"typography_font_weight":"300","typography_line_height":{"unit":"px","size":28,"sizes":[]},"_animation":"fadeIn","_margin":{"unit":"px","top":"10","right":"0","bottom":"0","left":"0","isLinked":false}},"elements":[],"isInner":false,"widgetType":"heading","elType":"widget"}],"isInner":true,"elType":"column"}],"isInner":true,"elType":"section"}],"isInner":false,"elType":"column"}],"isInner":false,"elType":"section"},{"id":"4cc4b9e4","settings":{"structure":"20","margin":{"unit":"px","top":"150","right":0,"bottom":"150","left":0,"isLinked":""},"_title":"Intro","margin_tablet":{"unit":"px","top":"100","right":"0","bottom":"100","left":"0","isLinked":""},"padding_tablet":{"unit":"px","top":"0","right":"0","bottom":"0","left":"0","isLinked":""},"padding_mobile":{"unit":"px","top":"0","right":"0","bottom":"0","left":"0","isLinked":true}},"elements":[{"id":"d21e746","settings":{"_column_size":50,"content_position":"bottom","_inline_size_tablet":"100","_inline_size":null},"elements":[{"id":"57a98b14","settings":{"tabs":[{"tab_title":"Cand I do bookings instantly?","tab_content":"Lorem ipsum dolor sit amet, consectetur adipiscing elit. Ut elit tellus, luctus nec ullamcorper mattis, pulvinar dapibus leo.","_id":"b42db22"},{"tab_title":"What methods of payment accepted?","tab_content":"Lorem ipsum dolor sit amet, consectetur adipiscing elit. Ut elit tellus, luctus nec ullamcorper mattis, pulvinar dapibus leo.","_id":"606e5ea"},{"tab_title":"How do I edit or remove a payment method?","tab_content":"Lorem ipsum dolor sit amet, consectetur adipiscing elit. Ut elit tellus, luctus nec ullamcorper mattis, pulvinar dapibus leo.","_id":"c2a9785"},{"tab_title":"How long does the booking process take?","tab_content":"Lorem ipsum dolor sit amet, consectetur adipiscing elit. Ut elit tellus, luctus nec ullamcorper mattis, pulvinar dapibus leo.","_id":"c10b65c"},{"tab_title":"How do I cancel a booking?","tab_content":"Lorem ipsum dolor sit amet, consectetur adipiscing elit. Ut elit tellus, luctus nec ullamcorper mattis, pulvinar dapibus leo.","_id":"05d8717"},{"tab_title":"How can I contact you?","tab_content":"Lorem ipsum dolor sit amet, consectetur adipiscing elit. Ut elit tellus, luctus nec ullamcorper mattis, pulvinar dapibus leo.","_id":"1837b80"},{"tab_title":"Do you offer pick-up and drop-off?","tab_content":"Lorem ipsum dolor sit amet, consectetur adipiscing elit. Ut elit tellus, luctus nec ullamcorper mattis, pulvinar dapibus leo.","_id":"21e7b81"}],"selected_icon":{"value":"fas fa-caret-down","library":"fa-solid"},"selected_active_icon":{"value":"fas fa-caret-up","library":"fa-solid"},"border_width":{"unit":"px","size":1,"sizes":[]},"border_color":"#D7CDBA5E","title_color":"#033537","tab_active_color":"#D57B66","icon_active_color":"#D57B66","content_color":"#7A7A7A","content_typography_typography":"custom","content_typography_font_family":"Roboto","content_typography_font_weight":"300","content_typography_font_size":{"unit":"px","size":15,"sizes":[]}},"elements":[],"isInner":false,"widgetType":"accordion","elType":"widget"}],"isInner":"","elType":"column"},{"id":"64171e96","settings":{"_column_size":50,"content_position":"bottom","_inline_size_tablet":"100","_inline_size":null},"elements":[{"id":"d2b220d","settings":{"tabs":[{"tab_title":"Cand I do bookings instantly?","tab_content":"Lorem ipsum dolor sit amet, consectetur adipiscing elit. Ut elit tellus, luctus nec ullamcorper mattis, pulvinar dapibus leo.","_id":"b42db22"},{"tab_title":"What methods of payment accepted?","tab_content":"Lorem ipsum dolor sit amet, consectetur adipiscing elit. Ut elit tellus, luctus nec ullamcorper mattis, pulvinar dapibus leo.","_id":"606e5ea"},{"tab_title":"How do I edit or remove a payment method?","tab_content":"Lorem ipsum dolor sit amet, consectetur adipiscing elit. Ut elit tellus, luctus nec ullamcorper mattis, pulvinar dapibus leo.","_id":"c2a9785"},{"tab_title":"How long does the booking process take?","tab_content":"Lorem ipsum dolor sit amet, consectetur adipiscing elit. Ut elit tellus, luctus nec ullamcorper mattis, pulvinar dapibus leo.","_id":"c10b65c"},{"tab_title":"How do I cancel a booking?","tab_content":"Lorem ipsum dolor sit amet, consectetur adipiscing elit. Ut elit tellus, luctus nec ullamcorper mattis, pulvinar dapibus leo.","_id":"05d8717"},{"tab_title":"How can I contact you?","tab_content":"Lorem ipsum dolor sit amet, consectetur adipiscing elit. Ut elit tellus, luctus nec ullamcorper mattis, pulvinar dapibus leo.","_id":"1837b80"},{"tab_title":"Do you offer pick-up and drop-off?","tab_content":"Lorem ipsum dolor sit amet, consectetur adipiscing elit. Ut elit tellus, luctus nec ullamcorper mattis, pulvinar dapibus leo.","_id":"21e7b81"}],"selected_icon":{"value":"fas fa-caret-down","library":"fa-solid"},"selected_active_icon":{"value":"fas fa-caret-up","library":"fa-solid"},"border_width":{"unit":"px","size":1,"sizes":[]},"border_color":"#D7CDBA5E","title_color":"#033537","tab_active_color":"#D57B66","icon_active_color":"#D57B66","content_color":"#7A7A7A","content_typography_typography":"custom","content_typography_font_family":"Roboto","content_typography_font_weight":"300","content_typography_font_size":{"unit":"px","size":15,"sizes":[]}},"elements":[],"isInner":false,"widgetType":"accordion","elType":"widget"}],"isInner":false,"elType":"column"}],"isInner":"","elType":"section"},{"id":"5200f4c5","settings":{"content_width":{"unit":"px","size":1400,"sizes":[]},"height":"min-height","custom_height":{"unit":"px","size":"300","sizes":[]},"column_position":"stretch","margin":{"unit":"px","top":"0","right":0,"bottom":"100","left":0,"isLinked":""},"_title":"Newsletter","custom_height_mobile":{"unit":"px","size":"300","sizes":[]},"margin_tablet":{"unit":"px","top":"100","right":"0","bottom":"100","left":"0","isLinked":""},"padding_tablet":{"unit":"px","top":"0","right":"50","bottom":"0","left":"50","isLinked":""},"padding_mobile":{"unit":"px","top":"0","right":"20","bottom":"0","left":"20","isLinked":""},"motion_fx_motion_fx_scrolling":"yes","motion_fx_translateY_effect":"yes","motion_fx_translateY_direction":"negative","motion_fx_translateY_speed":{"unit":"px","size":"1.5","sizes":[]},"motion_fx_translateY_affectedRange":{"unit":"%","size":"","sizes":{"start":"0","end":"50"}},"gap":"no","stretch_section":"section-stretched","background_background":"classic","border_width":{"unit":"px","size":1,"sizes":[]},"border_color":"#D7CDBA5E"},"elements":[{"id":"3f3208a1","settings":{"_column_size":"100","content_position":"center","background_background":"classic","background_color":"#FCFBF8","box_shadow_box_shadow_type":"yes","box_shadow_box_shadow":{"horizontal":"0","vertical":10,"blur":"30","spread":"0","color":"rgba(180.99999999999991, 127, 250, 0.1)"},"padding":{"unit":"px","top":"0","right":"100","bottom":"0","left":"100","isLinked":""},"padding_tablet":{"unit":"px","top":"0","right":"50","bottom":"0","left":"50","isLinked":""},"padding_mobile":{"unit":"px","top":"0","right":"20","bottom":"0","left":"20","isLinked":""},"background_overlay_background":"classic","background_overlay_image":{"url":"https:\/\/tenerife.wprentals.org\/wp-content\/uploads\/2022\/11\/palm-edit.svg","id":39202,"alt":"","source":"library"},"background_overlay_position":"top right","background_overlay_repeat":"no-repeat","background_overlay_opacity":{"unit":"px","size":0.059999999999999997779553950749686919152736663818359375,"sizes":[]},"border_radius":{"unit":"px","top":"5","right":"5","bottom":"5","left":"5","isLinked":true}},"elements":[{"id":"665b5cae","settings":{"content_width":{"unit":"px","size":"1200","sizes":[]},"structure":"20","margin":{"unit":"px","top":"0","right":"0","bottom":"0","left":"0","isLinked":"1"}},"elements":[{"id":"4e36c483","settings":{"_column_size":"50","space_between_widgets":"5","_inline_size_tablet":"100","padding_tablet":{"unit":"px","top":"0","right":"0","bottom":"30","left":"0","isLinked":""}},"elements":[{"id":"3835fc28","settings":{"title":"Great service. Exceptional rentals. Beautiful Tenerife.","title_color":"#033537","typography_typography":"custom","typography_font_family":"Roboto","typography_font_size":{"unit":"px","size":48,"sizes":[]},"typography_font_weight":"400","typography_line_height":{"unit":"em","size":1.100000000000000088817841970012523233890533447265625,"sizes":[]},"align_tablet":"center","typography_font_size_tablet":{"unit":"px","size":35,"sizes":[]},"typography_font_size_mobile":{"unit":"px","size":30,"sizes":[]},"align":"left","align_mobile":"center","_animation":"fadeIn"},"elements":[],"isInner":false,"widgetType":"heading","elType":"widget"}],"isInner":"1","elType":"column"},{"id":"584c5638","settings":{"_column_size":"50","content_position":"center","_inline_size_tablet":"100"},"elements":[{"id":"59b6f0c2","settings":{"text":"Book a property today","size":"md","selected_icon":{"value":"fas fa-caret-right","library":"fa-solid"},"icon_align":"right","icon_indent":{"unit":"px","size":"10","sizes":[]},"typography_typography":"custom","typography_font_family":"Roboto","typography_font_size":{"unit":"px","size":17,"sizes":[]},"typography_font_weight":"400","button_text_color":"#FFFFFF","background_color":"#D57B66","border_radius":{"unit":"px","top":"3","right":"3","bottom":"3","left":"3","isLinked":"1"},"align":"right","button_background_hover_color":"#CE5216","hover_color":"#FFFFFF","align_tablet":"center","link":{"url":"\/properties-list-standard\/","is_external":"on","nofollow":""}},"elements":[],"isInner":false,"widgetType":"button","elType":"widget"}],"isInner":"1","elType":"column"}],"isInner":"1","elType":"section"}],"isInner":"","elType":"column"}],"isInner":"","elType":"section"}],"page_settings":[],"version":"0.4","title":"Tenerife FAQ","type":"page"}