{"content":[{"id":"24ee82ee","settings":{"gap":"no","stretch_section":"section-stretched","_title":"hero","margin":{"unit":"px","top":"0","right":0,"bottom":"0","left":0,"isLinked":false},"padding_tablet":{"unit":"px","top":"30","right":"30","bottom":"30","left":"30","isLinked":true},"padding_mobile":{"unit":"px","top":"0","right":"0","bottom":"0","left":"0","isLinked":false},"background_background":"classic","background_color":"#FCFBF8","padding":{"unit":"px","top":"0","right":"0","bottom":"0","left":"0","isLinked":false},"background_overlay_background":"classic","background_overlay_image":{"url":"https:\/\/tenerife.wprentals.org\/wp-content\/uploads\/2022\/11\/palms-edit.svg","id":39197,"alt":"","source":"library"},"background_overlay_position":"top right","background_overlay_xpos":{"unit":"vw","size":71,"sizes":[]},"background_overlay_xpos_tablet":{"unit":"vw","size":0,"sizes":[]},"background_overlay_xpos_mobile":{"unit":"vw","size":0,"sizes":[]},"background_overlay_ypos":{"unit":"px","size":50,"sizes":[]},"background_overlay_repeat":"no-repeat","background_overlay_opacity":{"unit":"px","size":0.05000000000000000277555756156289135105907917022705078125,"sizes":[]},"content_width":{"unit":"px","size":746,"sizes":[]},"height":"min-height","custom_height":{"unit":"px","size":432,"sizes":[]},"background_overlay_attachment":"fixed","shape_divider_bottom":"wave-brush","shape_divider_bottom_width":{"unit":"%","size":100,"sizes":[]},"shape_divider_bottom_height":{"unit":"px","size":60,"sizes":[]},"custom_height_tablet":{"unit":"px","size":327,"sizes":[]},"margin_tablet":{"unit":"px","top":"70","right":0,"bottom":"70","left":0,"isLinked":true},"margin_mobile":{"unit":"px","top":"0","right":0,"bottom":"060","left":0,"isLinked":false}},"elements":[{"id":"7ca7795f","settings":{"_column_size":100,"_inline_size":null,"margin":{"unit":"px","top":"0","right":"0","bottom":"0","left":"0","isLinked":false},"padding":{"unit":"px","top":"0","right":"0","bottom":"0","left":"0","isLinked":false},"margin_mobile":{"unit":"px","top":"0","right":"0","bottom":"0","left":"0","isLinked":false}},"elements":[{"id":"4f0478bc","settings":[],"elements":[{"id":"12b050de","settings":{"_column_size":100,"content_position":"center","padding":{"unit":"px","top":"0","right":"0","bottom":"0","left":"0","isLinked":""},"_inline_size_tablet":"100","padding_tablet":{"unit":"px","top":"0","right":"0","bottom":"0","left":"0","isLinked":""},"padding_mobile":{"unit":"px","top":"0","right":"0","bottom":"0","left":"0","isLinked":"1"},"_inline_size":null,"margin_tablet":{"unit":"px","top":"0","right":"0","bottom":"50","left":"0","isLinked":false},"_title":"properties list title","space_between_widgets":11,"background_background":"classic"},"elements":[{"id":"7fa9154a","settings":{"title":"About Tenerife Rentals","title_color":"#033537","typography_typography":"custom","typography_font_family":"Roboto","typography_font_size":{"unit":"px","size":50,"sizes":[]},"typography_font_weight":"400","typography_line_height":{"unit":"em","size":1.100000000000000088817841970012523233890533447265625,"sizes":[]},"typography_font_size_mobile":{"unit":"px","size":30,"sizes":[]},"motion_fx_blur_range":{"unit":"%","size":"","sizes":{"start":"20","end":"73"}},"align_tablet":"center","align_mobile":"center","align":"center","_animation":"fadeIn"},"elements":[],"isInner":false,"widgetType":"heading","elType":"widget"},{"id":"2529432b","settings":{"title":"Tenerife WpRentals is proud to offer assistance with everything you need to plan your next holiday to the Europe\u2019s most beautiful island destination.","header_size":"p","align":"center","title_color":"#7A7A7A","typography_typography":"custom","typography_font_family":"Roboto","typography_font_size":{"unit":"px","size":17,"sizes":[]},"typography_font_weight":"300","typography_line_height":{"unit":"px","size":28,"sizes":[]},"_animation":"fadeIn","_margin":{"unit":"px","top":"10","right":"0","bottom":"0","left":"0","isLinked":false}},"elements":[],"isInner":false,"widgetType":"heading","elType":"widget"}],"isInner":true,"elType":"column"}],"isInner":true,"elType":"section"}],"isInner":false,"elType":"column"}],"isInner":false,"elType":"section"},{"id":"18fe2dab","settings":{"margin":{"unit":"px","top":"100","right":0,"bottom":"0","left":0,"isLinked":""},"_title":"what is","margin_tablet":{"unit":"px","top":"0","right":"0","bottom":"100","left":"0","isLinked":""},"padding_tablet":{"unit":"%","top":"","right":"","bottom":"","left":"","isLinked":true},"padding_mobile":{"unit":"px","top":"10","right":"10","bottom":"10","left":"10","isLinked":true},"content_position":"middle","structure":"20","height":"min-height","custom_height":{"unit":"px","size":500,"sizes":[]},"column_position":"stretch","content_width":{"unit":"px","size":1400,"sizes":[]},"stretch_section":"section-stretched","reverse_order_tablet":"reverse-tablet"},"elements":[{"id":"5fd98755","settings":{"_column_size":50,"_inline_size":52.04299999999999926103555480949580669403076171875,"space_between_widgets":0,"background_background":"gradient","background_image":{"url":"https:\/\/tenerife.wprentals.org\/wp-content\/uploads\/2022\/05\/city4.jpeg","id":38258,"alt":"","source":"library"},"background_repeat":"no-repeat","background_size":"cover","background_hover_background":"classic","background_overlay_background":"classic","padding":{"unit":"%","top":"0","right":"0","bottom":"0","left":"0","isLinked":false},"padding_tablet":{"unit":"%","top":"","right":"","bottom":"","left":"","isLinked":true},"padding_mobile":{"unit":"%","top":"","right":"","bottom":"","left":"","isLinked":true},"border_radius":{"unit":"px","top":"5","right":"5","bottom":"5","left":"5","isLinked":true}},"elements":[{"id":"24b5dd1","settings":{"gap":"no","height_inner":"min-height","custom_height_inner":{"unit":"px","size":250,"sizes":[]},"custom_height_inner_tablet":{"unit":"vw","size":"","sizes":[]},"custom_height_inner_mobile":{"unit":"px","size":125,"sizes":[]},"background_background":"classic","background_image":{"url":"https:\/\/tenerife.wprentals.org\/wp-content\/uploads\/2022\/11\/blue3-1.png","id":39388,"alt":"","source":"library"},"background_position":"center center","background_repeat":"no-repeat","background_size":"cover","background_video_fallback":{"url":"","id":"","alt":"","source":"library"},"padding":{"unit":"%","top":"","right":"","bottom":"","left":"","isLinked":true},"padding_tablet":{"unit":"%","top":"","right":"","bottom":"","left":"","isLinked":true},"padding_mobile":{"unit":"%","top":"","right":"","bottom":"","left":"","isLinked":true},"border_radius":{"unit":"px","top":"5","right":"5","bottom":"5","left":"5","isLinked":true},"animation":"fadeInLeft","animation_duration":"slow","box_shadow_box_shadow_type":"yes","box_shadow_box_shadow":{"horizontal":0,"vertical":10,"blur":30,"spread":9,"color":"rgba(180.99999999999991, 127, 250, 0.1)"},"margin":{"unit":"px","top":"0","right":0,"bottom":"010","left":0,"isLinked":false},"margin_mobile":{"unit":"px","top":"0","right":0,"bottom":"0","left":0,"isLinked":false}},"elements":[{"id":"291f2ae8","settings":{"_column_size":100,"_inline_size":100,"margin":{"unit":"%","top":"","right":"","bottom":"","left":"","isLinked":true},"margin_tablet":{"unit":"%","top":"","right":"","bottom":"","left":"","isLinked":true},"margin_mobile":{"unit":"%","top":"5","right":"5","bottom":"5","left":"5","isLinked":true},"padding":{"unit":"em","top":"","right":"","bottom":"","left":"","isLinked":false},"padding_tablet":{"unit":"em","top":"","right":"","bottom":"","left":"","isLinked":true},"border_radius":{"unit":"px","top":"5","right":"5","bottom":"5","left":"5","isLinked":true}},"elements":[{"id":"1aa85891","settings":[],"elements":[],"isInner":false,"widgetType":"spacer","elType":"widget"}],"isInner":true,"elType":"column"}],"isInner":true,"elType":"section"},{"id":"4a824bb7","settings":{"gap":"no","height_inner":"min-height","custom_height_inner":{"unit":"px","size":250,"sizes":[]},"custom_height_inner_tablet":{"unit":"vw","size":"","sizes":[]},"custom_height_inner_mobile":{"unit":"vw","size":"","sizes":[]},"background_background":"classic","background_image":{"url":"","id":"","alt":"","source":"library"},"background_position":"center center","background_repeat":"no-repeat","background_size":"cover","background_video_fallback":{"url":"","id":"","alt":"","source":"library"},"padding":{"unit":"%","top":"","right":"","bottom":"","left":"","isLinked":true},"padding_tablet":{"unit":"%","top":"","right":"","bottom":"","left":"","isLinked":true},"border_radius":{"unit":"px","top":"0","right":"0","bottom":"0","left":"0","isLinked":true},"animation":"fadeInLeft","animation_duration":"slow","box_shadow_box_shadow":{"horizontal":0,"vertical":10,"blur":30,"spread":9,"color":"rgba(180.99999999999991, 127, 250, 0.1)"},"structure":"20"},"elements":[{"id":"64cbdf74","settings":{"_column_size":50,"_inline_size":null,"margin":{"unit":"px","top":"0","right":"5","bottom":"0","left":"0","isLinked":false},"padding":{"unit":"em","top":"","right":"","bottom":"","left":"","isLinked":false},"padding_tablet":{"unit":"em","top":"","right":"","bottom":"","left":"","isLinked":true},"padding_mobile":{"unit":"px","top":"0","right":"0","bottom":"0","left":"0","isLinked":true},"border_radius":{"unit":"px","top":"5","right":"5","bottom":"5","left":"5","isLinked":true},"background_background":"classic","background_image":{"url":"https:\/\/tenerife.wprentals.org\/wp-content\/uploads\/2022\/11\/cat5.jpeg","id":39115,"alt":"","source":"library"},"background_size":"cover","box_shadow_box_shadow_type":"yes","box_shadow_box_shadow":{"horizontal":0,"vertical":10,"blur":30,"spread":0,"color":"rgba(180.99999999999991, 127, 250, 0.1)"},"margin_mobile":{"unit":"px","top":"5","right":"0","bottom":"0","left":"00","isLinked":false}},"elements":[{"id":"5305218a","settings":[],"elements":[],"isInner":false,"widgetType":"spacer","elType":"widget"}],"isInner":true,"elType":"column"},{"id":"39cabf37","settings":{"_column_size":50,"_inline_size":null,"background_background":"classic","background_image":{"url":"https:\/\/tenerife.wprentals.org\/wp-content\/uploads\/2015\/04\/villa2.1.jpeg","id":38978,"alt":"","source":"library"},"background_size":"cover","border_radius":{"unit":"px","top":"5","right":"5","bottom":"5","left":"5","isLinked":true},"box_shadow_box_shadow_type":"yes","box_shadow_box_shadow":{"horizontal":0,"vertical":10,"blur":30,"spread":0,"color":"rgba(180.99999999999991, 127, 250, 0.1)"},"margin":{"unit":"px","top":"0","right":"0","bottom":"0","left":"5","isLinked":false},"padding":{"unit":"em","top":"","right":"","bottom":"","left":"","isLinked":false},"padding_tablet":{"unit":"em","top":"","right":"","bottom":"","left":"","isLinked":true},"padding_mobile":{"unit":"em","top":"","right":"","bottom":"","left":"","isLinked":true},"margin_mobile":{"unit":"px","top":"5","right":"0","bottom":"0","left":"0","isLinked":false}},"elements":[{"id":"76850d75","settings":[],"elements":[],"isInner":false,"widgetType":"spacer","elType":"widget"}],"isInner":true,"elType":"column"}],"isInner":true,"elType":"section"}],"isInner":false,"elType":"column"},{"id":"14992e6a","settings":{"_column_size":50,"padding":{"unit":"px","top":"0","right":"100","bottom":"0","left":"100","isLinked":false},"_inline_size":47.95700000000000073896444519050419330596923828125,"content_position":"center","align":"flex-end","space_between_widgets":25,"padding_tablet":{"unit":"px","top":"045","right":"045","bottom":"045","left":"045","isLinked":true},"padding_mobile":{"unit":"px","top":"45","right":"30","bottom":"0","left":"30","isLinked":false}},"elements":[{"id":"44bdbd1","settings":{"title":"What Is Tenerife Rentals, And Where Do All These Listings Come From?","title_color":"#033537","typography_typography":"custom","typography_font_family":"Roboto","typography_font_size":{"unit":"px","size":30,"sizes":[]},"typography_font_weight":"400","typography_line_height":{"unit":"em","size":1.1999999999999999555910790149937383830547332763671875,"sizes":[]},"motion_fx_blur_range":{"unit":"%","size":"","sizes":{"start":"20","end":"73"}},"align_tablet":"left","align_mobile":"center","align":"left","_animation":"fadeIn"},"elements":[],"isInner":false,"widgetType":"heading","elType":"widget"},{"id":"7236f1a5","settings":{"title":"You can choose from 10 listings managed by our company in Tenerife. Rentals in Tenerife is a property management and long term rental company based in the South of Tenerife. We have a lot of experience in both Long Term Rentals &amp; Property Management in Tenerife and in the UK. ","title_color":"#7A7A7A","typography_typography":"custom","typography_font_family":"Roboto","typography_font_size":{"unit":"px","size":16,"sizes":[]},"typography_font_weight":"300","typography_line_height":{"unit":"px","size":27,"sizes":[]},"_animation":"fadeIn","align_mobile":"center"},"elements":[],"isInner":false,"widgetType":"heading","elType":"widget"},{"id":"78c10431","settings":{"title":"We pride ourselves in providing a good, trustworthy service at a reasonable price, so you can relax and know you\u2019re in safe hands!!!","title_color":"#7A7A7A","typography_typography":"custom","typography_font_family":"Roboto","typography_font_size":{"unit":"px","size":16,"sizes":[]},"typography_font_weight":"300","typography_line_height":{"unit":"px","size":27,"sizes":[]},"_animation":"fadeIn","align_mobile":"center"},"elements":[],"isInner":false,"widgetType":"heading","elType":"widget"},{"id":"9b75de4","settings":{"text":"Search our listings","size":"md","selected_icon":{"value":"fas fa-caret-right","library":"fa-solid"},"icon_align":"right","icon_indent":{"unit":"px","size":"10","sizes":[]},"typography_typography":"custom","typography_font_family":"Roboto","typography_font_size":{"unit":"px","size":17,"sizes":[]},"typography_font_weight":"400","button_text_color":"#FFFFFF","background_color":"#D57B66","border_radius":{"unit":"px","top":"3","right":"3","bottom":"3","left":"3","isLinked":"1"},"align":"left","button_background_hover_color":"#CE5216","hover_color":"#FFFFFF","align_tablet":"left","link":{"url":"\/properties-list-standard\/","is_external":"on","nofollow":""},"_animation":"fadeIn","align_mobile":"center"},"elements":[],"isInner":false,"widgetType":"button","elType":"widget"}],"isInner":"","elType":"column"}],"isInner":"","elType":"section"},{"id":"11310d30","settings":{"structure":"50","margin":{"unit":"px","top":"100","right":0,"bottom":"0","left":0,"isLinked":false},"_title":"counter","margin_mobile":{"unit":"px","top":"0","right":0,"bottom":"0","left":0,"isLinked":false}},"elements":[{"id":"14b2216d","settings":{"_column_size":20,"_inline_size":null},"elements":[{"id":"4924d0f7","settings":{"ending_number":10,"suffix":"K","title":"Bookings","number_color":"#D57B66","typography_number_typography":"custom","typography_number_font_family":"Roboto","typography_number_font_weight":"500","typography_number_font_size":{"unit":"px","size":55,"sizes":[]},"typography_title_typography":"custom","typography_title_font_family":"Roboto","typography_title_font_size":{"unit":"px","size":14,"sizes":[]},"typography_title_font_weight":"500","typography_title_line_height":{"unit":"px","size":45,"sizes":[]},"typography_title_letter_spacing":{"unit":"px","size":3,"sizes":[]},"title_color":"#033537"},"elements":[],"isInner":false,"widgetType":"counter","elType":"widget"}],"isInner":false,"elType":"column"},{"id":"2cd98d01","settings":{"_column_size":20,"_inline_size":null},"elements":[{"id":"6fe24190","settings":{"ending_number":9,"title":"Team Members","number_color":"#D57B66","typography_number_typography":"custom","typography_number_font_family":"Roboto","typography_number_font_weight":"500","suffix":"+","typography_number_font_size":{"unit":"px","size":55,"sizes":[]},"typography_title_typography":"custom","typography_title_font_family":"Roboto","typography_title_font_size":{"unit":"px","size":14,"sizes":[]},"typography_title_font_weight":"500","typography_title_line_height":{"unit":"px","size":45,"sizes":[]},"typography_title_letter_spacing":{"unit":"px","size":3,"sizes":[]},"title_color":"#033537"},"elements":[],"isInner":false,"widgetType":"counter","elType":"widget"}],"isInner":false,"elType":"column"},{"id":"40e2bf0c","settings":{"_column_size":20,"_inline_size":null},"elements":[{"id":"30597e5d","settings":{"title":"Customers","number_color":"#D57B66","typography_number_typography":"custom","typography_number_font_family":"Roboto","typography_number_font_weight":"500","ending_number":5,"suffix":"k","typography_number_font_size":{"unit":"px","size":55,"sizes":[]},"typography_title_typography":"custom","typography_title_font_family":"Roboto","typography_title_font_size":{"unit":"px","size":14,"sizes":[]},"typography_title_font_weight":"500","typography_title_line_height":{"unit":"px","size":45,"sizes":[]},"typography_title_letter_spacing":{"unit":"px","size":3,"sizes":[]},"title_color":"#033537"},"elements":[],"isInner":false,"widgetType":"counter","elType":"widget"}],"isInner":false,"elType":"column"},{"id":"7e491e31","settings":{"_column_size":20,"_inline_size":null},"elements":[{"id":"4760c6f5","settings":{"title":"Rental Offices","number_color":"#D57B66","typography_number_typography":"custom","typography_number_font_family":"Roboto","typography_number_font_weight":"500","ending_number":4,"typography_number_font_size":{"unit":"px","size":55,"sizes":[]},"typography_title_typography":"custom","typography_title_font_family":"Roboto","typography_title_font_size":{"unit":"px","size":14,"sizes":[]},"typography_title_font_weight":"500","typography_title_line_height":{"unit":"px","size":45,"sizes":[]},"typography_title_letter_spacing":{"unit":"px","size":3,"sizes":[]},"title_color":"#033537"},"elements":[],"isInner":false,"widgetType":"counter","elType":"widget"}],"isInner":false,"elType":"column"},{"id":"72c97922","settings":{"_column_size":20,"_inline_size":null},"elements":[{"id":"14e8e4a6","settings":{"title":"Business Years","number_color":"#D57B66","typography_number_typography":"custom","typography_number_font_family":"Roboto","typography_number_font_weight":"500","ending_number":10,"suffix":"+","typography_number_font_size":{"unit":"px","size":55,"sizes":[]},"typography_title_typography":"custom","typography_title_font_family":"Roboto","typography_title_font_size":{"unit":"px","size":14,"sizes":[]},"typography_title_font_weight":"500","typography_title_line_height":{"unit":"px","size":45,"sizes":[]},"typography_title_letter_spacing":{"unit":"px","size":3,"sizes":[]},"title_color":"#033537"},"elements":[],"isInner":false,"widgetType":"counter","elType":"widget"}],"isInner":false,"elType":"column"}],"isInner":false,"elType":"section"},{"id":"24a6784d","settings":{"margin":{"unit":"px","top":"100","right":0,"bottom":"0","left":0,"isLinked":""},"_title":"how we help","margin_tablet":{"unit":"em","top":"","right":0,"bottom":"","left":0,"isLinked":""},"padding_tablet":{"unit":"%","top":"","right":"","bottom":"","left":"","isLinked":true},"padding_mobile":{"unit":"%","top":"","right":"","bottom":"","left":"","isLinked":true},"content_position":"middle","structure":"20","height":"min-height","custom_height":{"unit":"px","size":500,"sizes":[]},"column_position":"stretch","content_width":{"unit":"px","size":1400,"sizes":[]},"stretch_section":"section-stretched","gap":"no","margin_mobile":{"unit":"em","top":"","right":"","bottom":"","left":"","isLinked":true}},"elements":[{"id":"63298aff","settings":{"_column_size":50,"_inline_size":48.0450000000000017053025658242404460906982421875,"space_between_widgets":25,"padding":{"unit":"px","top":"0","right":"100","bottom":"0","left":"100","isLinked":false},"content_position":"center","align":"flex-end","padding_tablet":{"unit":"px","top":"45","right":"45","bottom":"45","left":"45","isLinked":true}},"elements":[{"id":"4ef31b7d","settings":{"title":"How we help you rent a vacation rental in Tenerife on our site","align":"left","align_mobile":"center","title_color":"#033537","typography_typography":"custom","typography_font_family":"Roboto","typography_font_size":{"unit":"px","size":30,"sizes":[]},"typography_font_weight":"400","typography_line_height":{"unit":"em","size":1.1999999999999999555910790149937383830547332763671875,"sizes":[]},"_animation":"fadeIn","align_tablet":"left","typography_font_size_mobile":{"unit":"px","size":30,"sizes":[]}},"elements":[],"isInner":false,"widgetType":"heading","elType":"widget"},{"id":"e4a6aa9","settings":{"selected_icon":{"value":"","library":""},"title_text":"Find the perfect home","description_text":"Choose from the largest fleet in Iceland and look through the listings added to our site.","text_align":"left","title_bottom_space":{"unit":"px","size":15,"sizes":[]},"title_color":"#033537","title_typography_typography":"custom","title_typography_font_family":"Roboto","title_typography_font_size":{"unit":"px","size":18,"sizes":[]},"title_typography_font_weight":"500","title_typography_line_height":{"unit":"em","size":"1.5","sizes":[]},"description_color":"#7A7A7A","description_typography_typography":"custom","description_typography_font_family":"Roboto","description_typography_font_size":{"unit":"px","size":16,"sizes":[]},"description_typography_font_weight":"300","title_typography_font_size_mobile":{"unit":"px","size":"20","sizes":[]},"text_align_mobile":"center","_animation":"fadeIn"},"elements":[],"isInner":false,"widgetType":"icon-box","elType":"widget"},{"id":"439dafaa","settings":{"selected_icon":{"value":"","library":""},"title_text":"Personal contact","description_text":"Use Contact Owner button to arrange a viewing of the motorhome and even go for a test drive.","text_align":"left","title_bottom_space":{"unit":"px","size":15,"sizes":[]},"title_color":"#033537","title_typography_typography":"custom","title_typography_font_family":"Roboto","title_typography_font_size":{"unit":"px","size":18,"sizes":[]},"title_typography_font_weight":"500","title_typography_line_height":{"unit":"em","size":"1.5","sizes":[]},"description_color":"#7A7A7A","description_typography_typography":"custom","description_typography_font_family":"Roboto","description_typography_font_size":{"unit":"px","size":16,"sizes":[]},"description_typography_font_weight":"300","title_typography_font_size_mobile":{"unit":"px","size":"20","sizes":[]},"text_align_mobile":"center","_animation":"fadeIn"},"elements":[],"isInner":false,"widgetType":"icon-box","elType":"widget"},{"id":"22028e39","settings":{"selected_icon":{"value":"","library":""},"title_text":"Book your home","description_text":"Send a booking request and owner will approve it. If a deposit is needed, you can pay it through secure merchants to admin.","text_align":"left","title_bottom_space":{"unit":"px","size":15,"sizes":[]},"title_color":"#033537","title_typography_typography":"custom","title_typography_font_family":"Roboto","title_typography_font_size":{"unit":"px","size":18,"sizes":[]},"title_typography_font_weight":"500","title_typography_line_height":{"unit":"em","size":"1.5","sizes":[]},"description_color":"#7A7A7A","description_typography_typography":"custom","description_typography_font_family":"Roboto","description_typography_font_size":{"unit":"px","size":16,"sizes":[]},"description_typography_font_weight":"300","title_typography_font_size_mobile":{"unit":"px","size":"20","sizes":[]},"text_align_mobile":"center","_animation":"fadeIn"},"elements":[],"isInner":false,"widgetType":"icon-box","elType":"widget"}],"isInner":false,"elType":"column"},{"id":"173a0859","settings":{"_column_size":50,"_inline_size":51.9549999999999982946974341757595539093017578125,"space_between_widgets":0,"background_background":"gradient","background_image":{"url":"https:\/\/tenerife.wprentals.org\/wp-content\/uploads\/2022\/05\/city4.jpeg","id":38258,"alt":"","source":"library"},"background_repeat":"no-repeat","background_size":"cover","background_hover_background":"classic","background_overlay_background":"classic","padding":{"unit":"px","top":"","right":"","bottom":"","left":"","isLinked":false}},"elements":[{"id":"7ecafb5b","settings":{"gap":"no","height_inner":"min-height","custom_height_inner":{"unit":"px","size":500,"sizes":[]},"custom_height_inner_tablet":{"unit":"vw","size":"","sizes":[]},"custom_height_inner_mobile":{"unit":"px","size":250,"sizes":[]},"background_background":"classic","background_video_link":"https:\/\/tenerife.wprentals.org\/wp-content\/uploads\/2022\/11\/Untitled.mp4","background_video_fallback":{"url":"https:\/\/tenerife.wprentals.org\/wp-content\/uploads\/2015\/04\/Cancun-Beach-1.jpeg","id":36075,"alt":"","source":"library"},"padding":{"unit":"%","top":"","right":"","bottom":"","left":"","isLinked":true},"padding_tablet":{"unit":"%","top":"","right":"","bottom":"","left":"","isLinked":true},"padding_mobile":{"unit":"%","top":"","right":"","bottom":"","left":"","isLinked":true},"border_radius":{"unit":"px","top":"5","right":"5","bottom":"5","left":"5","isLinked":true},"animation":"fadeInRight","animation_duration":"slow","box_shadow_box_shadow_type":"yes","box_shadow_box_shadow":{"horizontal":0,"vertical":10,"blur":30,"spread":0,"color":"rgba(180.99999999999991, 127, 250, 0.1)"},"background_image":{"url":"https:\/\/tenerife.wprentals.org\/wp-content\/uploads\/2022\/11\/villa2.jpeg","id":39187,"alt":"","source":"library"},"background_size":"cover"},"elements":[{"id":"776d155f","settings":{"_column_size":100,"_inline_size":100,"margin":{"unit":"%","top":"","right":"","bottom":"","left":"","isLinked":true},"margin_tablet":{"unit":"%","top":"","right":"","bottom":"","left":"","isLinked":true},"margin_mobile":{"unit":"%","top":"","right":"","bottom":"","left":"","isLinked":true},"padding":{"unit":"px","top":"0","right":"10","bottom":"0","left":"0","isLinked":false},"border_radius":{"unit":"px","top":"3","right":"3","bottom":"3","left":"3","isLinked":true}},"elements":[],"isInner":true,"elType":"column"}],"isInner":true,"elType":"section"}],"isInner":false,"elType":"column"}],"isInner":"","elType":"section"},{"id":"4ab71b82","settings":{"gap":"no","stretch_section":"section-stretched","background_background":"classic","margin":{"unit":"px","top":"120","right":0,"bottom":"0","left":0,"isLinked":false},"padding":{"unit":"px","top":"0","right":"0","bottom":"0","left":"0","isLinked":false},"padding_tablet":{"unit":"px","top":"","right":"","bottom":"","left":"","isLinked":false},"padding_mobile":{"unit":"px","top":"0","right":"30","bottom":"0","left":"30","isLinked":false},"_title":"why title","margin_tablet":{"unit":"px","top":"70","right":0,"bottom":"0","left":0,"isLinked":false}},"elements":[{"id":"1af7a2ec","settings":{"_column_size":100,"content_position":"center","padding":{"unit":"px","top":"0","right":"0","bottom":"0","left":"0","isLinked":""},"_inline_size_tablet":"100","padding_tablet":{"unit":"px","top":"0","right":"0","bottom":"0","left":"0","isLinked":""},"padding_mobile":{"unit":"px","top":"0","right":"0","bottom":"0","left":"0","isLinked":"1"},"_inline_size":null,"margin_tablet":{"unit":"px","top":"0","right":"0","bottom":"50","left":"0","isLinked":false},"_title":"title","space_between_widgets":11,"background_background":"classic","margin":{"unit":"px","top":"0","right":"0","bottom":"0","left":"0","isLinked":false}},"elements":[{"id":"46e01008","settings":{"title":"Why choose our platform<br> and book our holiday homes","title_color":"#033537","typography_typography":"custom","typography_font_family":"Roboto","typography_font_size":{"unit":"px","size":30,"sizes":[]},"typography_font_weight":"400","typography_line_height":{"unit":"em","size":1.100000000000000088817841970012523233890533447265625,"sizes":[]},"typography_font_size_mobile":{"unit":"px","size":30,"sizes":[]},"motion_fx_blur_range":{"unit":"%","size":"","sizes":{"start":"20","end":"73"}},"align_tablet":"center","align_mobile":"center","align":"center","_animation":"fadeIn"},"elements":[],"isInner":false,"widgetType":"heading","elType":"widget"},{"id":"3ce95d8e","settings":{"title":"Find our why we offer you the most affordable options","header_size":"p","title_color":"#7A7A7A","typography_typography":"custom","typography_font_family":"Roboto","typography_font_size":{"unit":"px","size":17,"sizes":[]},"typography_font_weight":"300","align":"center","typography_line_height":{"unit":"px","size":28,"sizes":[]},"_animation":"fadeIn"},"elements":[],"isInner":false,"widgetType":"heading","elType":"widget"}],"isInner":false,"elType":"column"}],"isInner":false,"elType":"section"},{"id":"22a95853","settings":{"_title":"why 1st row","padding_tablet":{"unit":"em","top":"0","right":"0","bottom":"0","left":"0","isLinked":false},"padding_mobile":{"unit":"em","top":"","right":"","bottom":"","left":"","isLinked":true}},"elements":[{"id":"7c1198c7","settings":{"_column_size":100,"_inline_size":null,"margin_tablet":{"unit":"px","top":"0","right":"0","bottom":"0","left":"0","isLinked":false},"padding_tablet":{"unit":"px","top":"0","right":"0","bottom":"0","left":"0","isLinked":false}},"elements":[{"id":"7aad4e24","settings":{"gap":"no","structure":"30","margin":{"unit":"px","top":"30","right":0,"bottom":"0","left":0,"isLinked":false},"padding_tablet":{"unit":"px","top":"0","right":"0","bottom":"0","left":"0","isLinked":false},"padding_mobile":{"unit":"px","top":"0","right":"0","bottom":"0","left":"0","isLinked":false}},"elements":[{"id":"9cf2133","settings":{"_column_size":33,"_inline_size":null,"background_background":"classic","background_color":"#FCFBF8","border_radius":{"unit":"px","top":"5","right":"5","bottom":"5","left":"5","isLinked":true},"box_shadow_box_shadow_type":"yes","box_shadow_box_shadow":{"horizontal":0,"vertical":10,"blur":30,"spread":0,"color":"rgba(180.99999999999991, 127, 250, 0.1)"},"margin":{"unit":"px","top":"0","right":"15","bottom":"0","left":"15","isLinked":false},"padding":{"unit":"px","top":"50","right":"50","bottom":"50","left":"50","isLinked":true},"margin_mobile":{"unit":"px","top":"0","right":"0","bottom":"15","left":"0","isLinked":false}},"elements":[{"id":"3ade4cb7","settings":{"selected_icon":{"value":{"url":"https:\/\/tenerife.wprentals.org\/wp-content\/uploads\/2022\/11\/suitable_for_events_icon-1-1.svg","id":39332},"library":"svg"},"title_text":"Register for free and book a home","description_text":"Add your listing on our platform and publish it without paying any fee to us. ","text_align":"left","title_color":"#033537","title_typography_typography":"custom","title_typography_font_family":"Roboto","title_typography_font_size":{"unit":"px","size":18,"sizes":[]},"title_typography_font_weight":"500","description_color":"#7A7A7A","description_typography_typography":"custom","description_typography_font_family":"Roboto","description_typography_font_size":{"unit":"px","size":16,"sizes":[]},"description_typography_font_weight":"300","text_align_mobile":"center","primary_color":"#D57B66","icon_size":{"unit":"px","size":45,"sizes":[]},"position":"top"},"elements":[],"isInner":false,"widgetType":"icon-box","elType":"widget"}],"isInner":true,"elType":"column"},{"id":"6159ec3f","settings":{"_column_size":33,"_inline_size":null,"background_background":"classic","background_color":"#FCFBF8","border_radius":{"unit":"px","top":"5","right":"5","bottom":"5","left":"5","isLinked":true},"box_shadow_box_shadow_type":"yes","box_shadow_box_shadow":{"horizontal":0,"vertical":10,"blur":30,"spread":0,"color":"rgba(180.99999999999991, 127, 250, 0.1)"},"margin":{"unit":"px","top":"0","right":"15","bottom":"0","left":"15","isLinked":false},"padding":{"unit":"px","top":"50","right":"50","bottom":"50","left":"50","isLinked":true},"margin_mobile":{"unit":"px","top":"0","right":"0","bottom":"15","left":"0","isLinked":false}},"elements":[{"id":"48196165","settings":{"selected_icon":{"value":{"url":"https:\/\/tenerife.wprentals.org\/wp-content\/uploads\/2022\/11\/safe_icon.svg","id":39333},"library":"svg"},"title_text":"Safe rental process guaranteed","description_text":"Tenerife Rentals makes it easy and quick to rent properties in your favorite holiday place. ","text_align":"left","title_color":"#033537","title_typography_typography":"custom","title_typography_font_family":"Roboto","title_typography_font_size":{"unit":"px","size":18,"sizes":[]},"title_typography_font_weight":"500","description_color":"#7A7A7A","description_typography_typography":"custom","description_typography_font_family":"Roboto","description_typography_font_size":{"unit":"px","size":16,"sizes":[]},"description_typography_font_weight":"300","text_align_mobile":"center","primary_color":"#D57B66","icon_size":{"unit":"px","size":45,"sizes":[]},"position":"top"},"elements":[],"isInner":false,"widgetType":"icon-box","elType":"widget"}],"isInner":true,"elType":"column"},{"id":"3ff3db43","settings":{"_column_size":33,"_inline_size":null,"background_background":"classic","background_color":"#FCFBF8","border_radius":{"unit":"px","top":"5","right":"5","bottom":"5","left":"5","isLinked":true},"box_shadow_box_shadow_type":"yes","box_shadow_box_shadow":{"horizontal":0,"vertical":10,"blur":30,"spread":0,"color":"rgba(180.99999999999991, 127, 250, 0.1)"},"margin":{"unit":"px","top":"0","right":"15","bottom":"0","left":"15","isLinked":false},"padding":{"unit":"px","top":"50","right":"50","bottom":"50","left":"50","isLinked":true},"margin_mobile":{"unit":"px","top":"0","right":"0","bottom":"15","left":"0","isLinked":false}},"elements":[{"id":"52c09c4a","settings":{"selected_icon":{"value":{"url":"https:\/\/tenerife.wprentals.org\/wp-content\/uploads\/2022\/11\/pam-tree-1.svg","id":39334},"library":"svg"},"title_text":"Rent by price per night or price per guest","description_text":"Rent places by paying a fee for each night booked, or for each guest who checks-in.","text_align":"left","title_color":"#033537","title_typography_typography":"custom","title_typography_font_family":"Roboto","title_typography_font_size":{"unit":"px","size":18,"sizes":[]},"title_typography_font_weight":"500","description_color":"#7A7A7A","description_typography_typography":"custom","description_typography_font_family":"Roboto","description_typography_font_size":{"unit":"px","size":16,"sizes":[]},"description_typography_font_weight":"300","text_align_mobile":"center","primary_color":"#D57B66","icon_size":{"unit":"px","size":45,"sizes":[]},"position":"top"},"elements":[],"isInner":false,"widgetType":"icon-box","elType":"widget"}],"isInner":true,"elType":"column"}],"isInner":true,"elType":"section"}],"isInner":false,"elType":"column"}],"isInner":false,"elType":"section"},{"id":"5f5b0965","settings":{"margin":{"unit":"px","top":"15","right":0,"bottom":"0","left":0,"isLinked":false},"_title":"why 2nd row","padding_tablet":{"unit":"px","top":"0","right":"0","bottom":"0","left":"0","isLinked":false}},"elements":[{"id":"2c8219a","settings":{"_column_size":100,"_inline_size":null,"padding_tablet":{"unit":"px","top":"0","right":"0","bottom":"0","left":"0","isLinked":false}},"elements":[{"id":"2abebaf4","settings":{"gap":"no","structure":"30","margin_mobile":{"unit":"px","top":"0","right":0,"bottom":"0","left":0,"isLinked":false},"padding_tablet":{"unit":"px","top":"0","right":"0","bottom":"0","left":"0","isLinked":false},"padding_mobile":{"unit":"px","top":"0","right":"0","bottom":"0","left":"0","isLinked":false}},"elements":[{"id":"436335fe","settings":{"_column_size":33,"_inline_size":null,"background_background":"classic","background_color":"#FCFBF8","border_radius":{"unit":"px","top":"5","right":"5","bottom":"5","left":"5","isLinked":true},"box_shadow_box_shadow_type":"yes","box_shadow_box_shadow":{"horizontal":0,"vertical":10,"blur":30,"spread":0,"color":"rgba(180.99999999999991, 127, 250, 0.1)"},"margin":{"unit":"px","top":"0","right":"15","bottom":"0","left":"15","isLinked":false},"padding":{"unit":"px","top":"50","right":"50","bottom":"50","left":"50","isLinked":true},"margin_mobile":{"unit":"px","top":"0","right":"0","bottom":"15","left":"0","isLinked":false}},"elements":[{"id":"3685b729","settings":{"selected_icon":{"value":{"url":"https:\/\/tenerife.wprentals.org\/wp-content\/uploads\/2022\/11\/phone_icon-1.svg","id":39329},"library":"svg"},"title_text":"24\/7 Support hours for customers","description_text":"We offer you 24\/7 support to manage your listing or your holiday planning.","text_align":"left","title_color":"#033537","title_typography_typography":"custom","title_typography_font_family":"Roboto","title_typography_font_size":{"unit":"px","size":18,"sizes":[]},"title_typography_font_weight":"500","description_color":"#7A7A7A","description_typography_typography":"custom","description_typography_font_family":"Roboto","description_typography_font_size":{"unit":"px","size":16,"sizes":[]},"description_typography_font_weight":"300","text_align_mobile":"center","primary_color":"#D57B66","icon_size":{"unit":"px","size":45,"sizes":[]},"position":"top"},"elements":[],"isInner":false,"widgetType":"icon-box","elType":"widget"}],"isInner":true,"elType":"column"},{"id":"41b85be5","settings":{"_column_size":33,"_inline_size":null,"background_background":"classic","background_color":"#FCFBF8","border_radius":{"unit":"px","top":"5","right":"5","bottom":"5","left":"5","isLinked":true},"box_shadow_box_shadow_type":"yes","box_shadow_box_shadow":{"horizontal":0,"vertical":10,"blur":30,"spread":0,"color":"rgba(180.99999999999991, 127, 250, 0.1)"},"margin":{"unit":"px","top":"0","right":"15","bottom":"0","left":"15","isLinked":false},"padding":{"unit":"px","top":"50","right":"50","bottom":"50","left":"50","isLinked":true},"margin_mobile":{"unit":"px","top":"0","right":"0","bottom":"15","left":"0","isLinked":false}},"elements":[{"id":"fdb627c","settings":{"selected_icon":{"value":{"url":"https:\/\/tenerife.wprentals.org\/wp-content\/uploads\/2022\/11\/currency-1.svg","id":39330},"library":"svg"},"title_text":"The most affordable rentals platform","description_text":"You will find the most affordable rentals prices for houses in Tenerife on our platform.","text_align":"left","title_color":"#033537","title_typography_typography":"custom","title_typography_font_family":"Roboto","title_typography_font_size":{"unit":"px","size":18,"sizes":[]},"title_typography_font_weight":"500","description_color":"#7A7A7A","description_typography_typography":"custom","description_typography_font_family":"Roboto","description_typography_font_size":{"unit":"px","size":16,"sizes":[]},"description_typography_font_weight":"300","text_align_mobile":"center","primary_color":"#D57B66","icon_size":{"unit":"px","size":45,"sizes":[]},"position":"top"},"elements":[],"isInner":false,"widgetType":"icon-box","elType":"widget"}],"isInner":true,"elType":"column"},{"id":"12331f6c","settings":{"_column_size":33,"_inline_size":null,"background_background":"classic","background_color":"#FCFBF8","border_radius":{"unit":"px","top":"5","right":"5","bottom":"5","left":"5","isLinked":true},"box_shadow_box_shadow_type":"yes","box_shadow_box_shadow":{"horizontal":0,"vertical":10,"blur":30,"spread":0,"color":"rgba(180.99999999999991, 127, 250, 0.1)"},"margin":{"unit":"px","top":"0","right":"15","bottom":"0","left":"15","isLinked":false},"padding":{"unit":"px","top":"50","right":"50","bottom":"50","left":"50","isLinked":true},"margin_mobile":{"unit":"px","top":"0","right":"0","bottom":"15","left":"0","isLinked":false}},"elements":[{"id":"1fb5baee","settings":{"selected_icon":{"value":{"id":39331,"url":"https:\/\/tenerife.wprentals.org\/wp-content\/uploads\/2022\/11\/beachfront.svg"},"library":"svg"},"title_text":"Book extra options with your house rental","description_text":"You can book crib, pick-up, drop-off, or any other extra service we can offer with each listing. ","text_align":"left","title_color":"#033537","title_typography_typography":"custom","title_typography_font_family":"Roboto","title_typography_font_size":{"unit":"px","size":18,"sizes":[]},"title_typography_font_weight":"500","description_color":"#7A7A7A","description_typography_typography":"custom","description_typography_font_family":"Roboto","description_typography_font_size":{"unit":"px","size":16,"sizes":[]},"description_typography_font_weight":"300","text_align_mobile":"center","primary_color":"#D57B66","icon_size":{"unit":"px","size":45,"sizes":[]},"position":"top"},"elements":[],"isInner":false,"widgetType":"icon-box","elType":"widget"}],"isInner":true,"elType":"column"}],"isInner":true,"elType":"section"}],"isInner":false,"elType":"column"}],"isInner":false,"elType":"section"},{"id":"76e0bb7a","settings":{"height":"min-height","custom_height":{"unit":"px","size":500,"sizes":[]},"stretch_section":"section-stretched","background_background":"classic","background_color":"#FCFBF8","background_overlay_background":"classic","background_overlay_image":{"url":"https:\/\/tenerife.wprentals.org\/wp-content\/uploads\/2022\/11\/palms-edit.svg","id":39197,"alt":"","source":"library"},"background_overlay_position":"top right","background_overlay_repeat":"no-repeat","background_overlay_opacity":{"unit":"px","size":0.05000000000000000277555756156289135105907917022705078125,"sizes":[]},"margin":{"unit":"px","top":"100","right":0,"bottom":"0","left":0,"isLinked":false},"column_position":"top","content_width":{"unit":"px","size":746,"sizes":[]},"gap":"no","background_overlay_xpos":{"unit":"vw","size":71,"sizes":[]},"background_overlay_xpos_tablet":{"unit":"vw","size":0,"sizes":[]},"background_overlay_xpos_mobile":{"unit":"vw","size":0,"sizes":[]},"background_overlay_ypos":{"unit":"px","size":50,"sizes":[]},"background_overlay_attachment":"scroll","shape_divider_bottom":"wave-brush","shape_divider_bottom_width":{"unit":"%","size":100,"sizes":[]},"shape_divider_bottom_height":{"unit":"px","size":153,"sizes":[]},"padding":{"unit":"px","top":"100","right":"0","bottom":"0","left":"0","isLinked":false},"padding_tablet":{"unit":"em","top":"","right":"","bottom":"","left":"","isLinked":false},"padding_mobile":{"unit":"em","top":"","right":"","bottom":"","left":"","isLinked":false},"_title":"bg testimonials"},"elements":[{"id":"43464cbc","settings":{"_column_size":100,"_inline_size":null},"elements":[{"id":"bb13457","settings":{"title":"","header_size":"p","align":"center","align_mobile":"center","title_color":"#83A9C5","typography_typography":"custom","typography_font_family":"Roboto","typography_font_size":{"unit":"px","size":14,"sizes":[]},"typography_font_weight":"700","typography_text_transform":"capitalize","typography_line_height":{"unit":"px","size":24,"sizes":[]},"typography_letter_spacing":{"unit":"px","size":5,"sizes":[]},"_padding":{"unit":"px","top":"0","right":"0","bottom":"0","left":"0","isLinked":false},"_animation":"fadeIn"},"elements":[],"isInner":false,"widgetType":"heading","elType":"widget"},{"id":"30beda8e","settings":{"title":"Read About Peoples Experiences<br> On Iceland Rentals Website","title_color":"#033537","typography_typography":"custom","typography_font_family":"Roboto","typography_font_size":{"unit":"px","size":30,"sizes":[]},"typography_font_weight":"400","typography_line_height":{"unit":"em","size":1.1999999999999999555910790149937383830547332763671875,"sizes":[]},"motion_fx_blur_range":{"unit":"%","size":"","sizes":{"start":"20","end":"73"}},"align_mobile":"center","align":"center","_animation":"fadeIn","align_tablet":"center","typography_font_size_tablet":{"unit":"px","size":35,"sizes":[]},"typography_font_size_mobile":{"unit":"px","size":30,"sizes":[]}},"elements":[],"isInner":false,"widgetType":"heading","elType":"widget"}],"isInner":false,"elType":"column"}],"isInner":false,"elType":"section"},{"id":"4d80b928","settings":{"structure":"30","margin":{"unit":"px","top":"-395","right":0,"bottom":"100","left":0,"isLinked":""},"_title":"Testimonials","margin_tablet":{"unit":"em","top":"","right":0,"bottom":"","left":0,"isLinked":""},"margin_mobile":{"unit":"em","top":"-20","right":0,"bottom":"0","left":0,"isLinked":""},"padding_tablet":{"unit":"px","top":"0","right":"30","bottom":"0","left":"30","isLinked":""},"gap":"extended","gap_columns_custom":{"unit":"px","size":15,"sizes":[]},"background_background":"classic","padding":{"unit":"px","top":"0","right":"0","bottom":"0","left":"0","isLinked":true},"padding_mobile":{"unit":"em","top":"0","right":"0","bottom":"0","left":"0","isLinked":true}},"elements":[{"id":"5947c883","settings":{"_column_size":33,"_inline_size":null,"padding":{"unit":"em","top":"","right":"","bottom":"","left":"","isLinked":""},"content_position":"top","_inline_size_tablet":"100","padding_tablet":{"unit":"px","top":"50","right":"0","bottom":"0","left":"0","isLinked":""},"space_between_widgets":30,"padding_mobile":{"unit":"px","top":"0","right":"0","bottom":"0","left":"0","isLinked":true}},"elements":[{"id":"60a87331","settings":{"client_name":" Jay Simon","title_client":"from New York","testimonial_text":"Absolutely loved this place, wonderful villa, wonderful beach and pool area. The place is really impressive.","testimonial_type":"2","stars_client":"5","imagelinks":{"id":39335,"url":"https:\/\/tenerife.wprentals.org\/wp-content\/uploads\/2022\/11\/person2.jpg"}},"elements":[],"isInner":false,"widgetType":"WpRentals_Testimonial","elType":"widget"},{"id":"1dc22ccb","settings":{"client_name":" Gina Roscoe","title_client":"from Florida ","testimonial_text":"Excellent experience. We appreciated the kindness of the owner. We will do it again very soon!","testimonial_type":"2","stars_client":"5","imagelinks":{"id":39338,"url":"https:\/\/tenerife.wprentals.org\/wp-content\/uploads\/2022\/11\/woman3.jpg","alt":"","source":"library"}},"elements":[],"isInner":false,"widgetType":"WpRentals_Testimonial","elType":"widget"}],"isInner":"","elType":"column"},{"id":"3d6c56a5","settings":{"_column_size":33,"_inline_size":null,"padding":{"unit":"em","top":"","right":"","bottom":"","left":"","isLinked":""},"content_position":"top","_inline_size_tablet":"100","padding_tablet":{"unit":"px","top":"50","right":"0","bottom":"0","left":"0","isLinked":""},"space_between_widgets":30,"padding_mobile":{"unit":"px","top":"30","right":"0","bottom":"0","left":"0","isLinked":false}},"elements":[{"id":"2139a1f7","settings":{"client_name":" Gina Roscoe","title_client":"from Florida ","testimonial_text":"Excellent experience. We appreciated the kindness of the owner. We will do it again very soon!","testimonial_type":"2","stars_client":"5","imagelinks":{"id":39336,"url":"https:\/\/tenerife.wprentals.org\/wp-content\/uploads\/2022\/11\/profile2.jpg"}},"elements":[],"isInner":false,"widgetType":"WpRentals_Testimonial","elType":"widget"},{"id":"13e114d","settings":{"client_name":" Anna Simons","title_client":"from Portugal","testimonial_text":"The place is really impressive. I am in love with it, it is wonderful villa, wonderful beach and pool area.","testimonial_type":"2","stars_client":"5","imagelinks":{"id":39337,"url":"https:\/\/tenerife.wprentals.org\/wp-content\/uploads\/2022\/11\/agent3_f8f8f8.png"}},"elements":[],"isInner":false,"widgetType":"WpRentals_Testimonial","elType":"widget"}],"isInner":false,"elType":"column"},{"id":"45aa5a02","settings":{"_column_size":33,"_inline_size":null,"_inline_size_tablet":"100","content_position":"top","padding":{"unit":"em","top":"","right":"","bottom":"","left":"","isLinked":""},"padding_tablet":{"unit":"px","top":"50","right":"0","bottom":"0","left":"0","isLinked":""},"space_between_widgets":30,"padding_mobile":{"unit":"px","top":"30","right":"0","bottom":"0","left":"0","isLinked":false}},"elements":[{"id":"311f2643","settings":{"client_name":" Gina Roscoe","title_client":"from Florida ","testimonial_text":"Excellent experience. We appreciated the kindness of the owner. We will do it again very soon!","testimonial_type":"2","stars_client":"5","imagelinks":{"id":39338,"url":"https:\/\/tenerife.wprentals.org\/wp-content\/uploads\/2022\/11\/woman3.jpg"}},"elements":[],"isInner":false,"widgetType":"WpRentals_Testimonial","elType":"widget"},{"id":"3f6361f6","settings":{"client_name":" Gina Roscoe","title_client":"from Florida ","testimonial_text":"Excellent experience. We appreciated the kindness of the owner. We will do it again very soon for sure!","testimonial_type":"2","stars_client":"5","imagelinks":{"id":39339,"url":"https:\/\/tenerife.wprentals.org\/wp-content\/uploads\/2022\/11\/person4.jpg"},"_margin":{"unit":"px","top":"0","right":"0","bottom":"-20","left":"0","isLinked":false}},"elements":[],"isInner":false,"widgetType":"WpRentals_Testimonial","elType":"widget"}],"isInner":false,"elType":"column"}],"isInner":"","elType":"section"},{"id":"21493bf1","settings":{"gap":"no","stretch_section":"section-stretched","background_background":"classic","margin":{"unit":"px","top":"120","right":0,"bottom":"0","left":0,"isLinked":false},"padding":{"unit":"px","top":"0","right":"0","bottom":"0","left":"0","isLinked":false},"padding_tablet":{"unit":"em","top":"","right":"","bottom":"","left":"","isLinked":false},"padding_mobile":{"unit":"px","top":"0","right":"30","bottom":"0","left":"30","isLinked":false},"_title":"map title"},"elements":[{"id":"55990892","settings":{"_column_size":100,"content_position":"center","padding":{"unit":"px","top":"0","right":"0","bottom":"0","left":"0","isLinked":""},"_inline_size_tablet":"100","padding_tablet":{"unit":"px","top":"0","right":"0","bottom":"0","left":"0","isLinked":""},"padding_mobile":{"unit":"px","top":"0","right":"0","bottom":"0","left":"0","isLinked":"1"},"_inline_size":null,"margin_tablet":{"unit":"px","top":"0","right":"0","bottom":"50","left":"0","isLinked":false},"_title":"title","space_between_widgets":11,"background_background":"classic","margin":{"unit":"px","top":"0","right":"0","bottom":"0","left":"0","isLinked":false}},"elements":[{"id":"7017efb3","settings":{"title":"Our Listings Location in Tenerife ","title_color":"#033537","typography_typography":"custom","typography_font_family":"Roboto","typography_font_size":{"unit":"px","size":30,"sizes":[]},"typography_font_weight":"400","typography_line_height":{"unit":"em","size":1.100000000000000088817841970012523233890533447265625,"sizes":[]},"typography_font_size_tablet":{"unit":"px","size":35,"sizes":[]},"typography_font_size_mobile":{"unit":"px","size":30,"sizes":[]},"motion_fx_blur_range":{"unit":"%","size":"","sizes":{"start":"20","end":"73"}},"align_tablet":"center","align_mobile":"center","align":"center","_animation":"fadeIn"},"elements":[],"isInner":false,"widgetType":"heading","elType":"widget"},{"id":"2db94c96","settings":{"title":"Find our why we offer you the most affordable options","header_size":"p","title_color":"#7A7A7A","typography_typography":"custom","typography_font_family":"Roboto","typography_font_size":{"unit":"px","size":17,"sizes":[]},"typography_font_weight":"300","align":"center","typography_line_height":{"unit":"px","size":28,"sizes":[]},"_animation":"fadeIn"},"elements":[],"isInner":false,"widgetType":"heading","elType":"widget"}],"isInner":false,"elType":"column"}],"isInner":false,"elType":"section"},{"id":"28247ccb","settings":{"gap":"no","box_shadow_box_shadow":{"horizontal":0,"vertical":10,"blur":30,"spread":0,"color":"rgba(180.99999999999991, 127, 250, 0.1)"},"margin":{"unit":"px","top":"30","right":0,"bottom":"0","left":0,"isLinked":false},"_title":"map"},"elements":[{"id":"17fda438","settings":{"_column_size":100,"_inline_size":null,"border_radius":{"unit":"px","top":"5","right":"5","bottom":"5","left":"5","isLinked":true},"box_shadow_box_shadow_type":"yes","box_shadow_box_shadow":{"horizontal":0,"vertical":10,"blur":30,"spread":0,"color":"rgba(180.99999999999991, 127, 250, 0.1)"}},"elements":[{"id":"a046dfa","settings":{"map_height":"500"},"elements":[],"isInner":false,"widgetType":"Wprentals_Full_Map","elType":"widget"}],"isInner":false,"elType":"column"}],"isInner":false,"elType":"section"},{"id":"2beb7642","settings":{"margin":{"unit":"px","top":"100","right":0,"bottom":"70","left":0,"isLinked":""},"_title":"contact","margin_tablet":{"unit":"em","top":"","right":0,"bottom":"","left":0,"isLinked":""},"padding_tablet":{"unit":"%","top":"","right":"","bottom":"","left":"","isLinked":true},"padding_mobile":{"unit":"%","top":"","right":"","bottom":"","left":"","isLinked":true},"content_position":"middle","structure":"20","height":"min-height","custom_height":{"unit":"px","size":"","sizes":[]},"column_position":"stretch","margin_mobile":{"unit":"em","top":"","right":"","bottom":"","left":"","isLinked":true}},"elements":[{"id":"3e43a0cf","settings":{"_column_size":50,"_inline_size":null,"space_between_widgets":20,"background_background":"gradient","background_image":{"url":"https:\/\/tenerife.wprentals.org\/wp-content\/uploads\/2022\/05\/city4.jpeg","id":38258,"alt":"","source":"library"},"background_repeat":"no-repeat","background_size":"cover","background_hover_background":"classic","background_overlay_background":"classic","padding":{"unit":"px","top":"0","right":"70","bottom":"0","left":"0","isLinked":false},"border_radius":{"unit":"px","top":"5","right":"5","bottom":"5","left":"5","isLinked":true},"padding_mobile":{"unit":"px","top":"0","right":"0","bottom":"0","left":"0","isLinked":false}},"elements":[{"id":"2cad14a","settings":{"title":"Contact Us","header_size":"p","align_mobile":"center","title_color":"#033537","typography_typography":"custom","typography_font_family":"Roboto","typography_font_size":{"unit":"px","size":30,"sizes":[]},"typography_font_weight":"400","typography_line_height":{"unit":"em","size":1.1999999999999999555910790149937383830547332763671875,"sizes":[]},"_animation":"fadeIn","align":"left","align_tablet":"left","typography_font_size_mobile":{"unit":"px","size":30,"sizes":[]}},"elements":[],"isInner":false,"widgetType":"heading","elType":"widget"},{"id":"2d86beb9","settings":{"title":"Lorem ipsum dolor sit amet, consetetur sadipscing elitritempo invidunt ut labo reet dolore amet, consetetur sadipscing.","title_color":"#7A7A7A","typography_typography":"custom","typography_font_family":"Roboto","typography_font_size":{"unit":"px","size":16,"sizes":[]},"typography_font_weight":"300","typography_line_height":{"unit":"px","size":27,"sizes":[]},"_animation":"fadeIn","align_mobile":"center"},"elements":[],"isInner":false,"widgetType":"heading","elType":"widget"},{"id":"6f4a9a0f","settings":{"icon_list":[{"text":"Adress: 21 Sunset Blwd, California","selected_icon":{"value":"fas fa-house-damage","library":"fa-solid"},"_id":"451aa5d"},{"text":"Phone reservations: +31 555 777 83","selected_icon":{"value":"fas fa-phone-square-alt","library":"fa-solid"},"_id":"e8ce682"},{"text":"App: WhatsApp +31 555 777 83","selected_icon":{"value":"fab fa-whatsapp","library":"fa-brands"},"_id":"8c51cc4"},{"text":"Email: office@teneriferentalts.org","selected_icon":{"value":"fas fa-envelope","library":"fa-solid"},"_id":"3c3d648"}],"space_between":{"unit":"px","size":10,"sizes":[]},"icon_color":"#D57B66","text_color":"#7A7A7A","icon_typography_typography":"custom","icon_typography_font_family":"Roboto","icon_typography_font_size":{"unit":"px","size":16,"sizes":[]},"icon_typography_font_weight":"300","icon_align_mobile":"center"},"elements":[],"isInner":false,"widgetType":"icon-list","elType":"widget"}],"isInner":false,"elType":"column"},{"id":"41137271","settings":{"_column_size":50,"_inline_size":null,"box_shadow_box_shadow":{"horizontal":0,"vertical":2,"blur":11,"spread":0,"color":"rgba(180.99999999999991, 127, 250, 0.1)"},"z_index":999,"border_radius_mobile":{"unit":"px","top":"0","right":"0","bottom":"0","left":"0","isLinked":true},"background_background":"classic","background_image":{"url":"","id":"","alt":"","source":"library"},"background_position":"bottom right","background_repeat":"no-repeat","background_overlay_background":"classic","background_overlay_image":{"url":"","id":"","alt":"","source":"library"},"background_overlay_position":"bottom center","background_overlay_repeat":"no-repeat","background_overlay_opacity":{"unit":"px","size":0.340000000000000024424906541753443889319896697998046875,"sizes":[]},"margin":{"unit":"px","top":"0","right":"0","bottom":"0","left":"0","isLinked":false},"padding":{"unit":"px","top":"0","right":"0","bottom":"0","left":"0","isLinked":true},"border_radius":{"unit":"px","top":"3","right":"3","bottom":"3","left":"3","isLinked":true},"margin_tablet":{"unit":"px","top":"0","right":"0","bottom":"0","left":"0","isLinked":false},"padding_tablet":{"unit":"%","top":"","right":"","bottom":"","left":"","isLinked":true},"padding_mobile":{"unit":"px","top":"45","right":"0","bottom":"0","left":"0","isLinked":false}},"elements":[{"id":"4bee86ca","settings":[],"elements":[{"id":"1d4072c3","settings":{"_column_size":100,"_inline_size":null},"elements":[{"id":"720767b2","settings":{"form_fields":[{"_id":"name","field_type":"name","field_label":"Name","placeholder":"Name","width":"50"},{"field_type":"address","field_label":"Address","placeholder":"Address","width":"50","_id":"f4205cc"},{"field_type":"phone","field_label":"Phone Number","placeholder":"Phone Number","width":"50","required":"true","_id":"3cc94ea"},{"_id":"email","field_type":"email","required":"true","field_label":"Email","placeholder":"Email","width":"50"},{"_id":"booking_from_date","field_type":"booking_from_date","required":"true","field_label":"Check-in","placeholder":"Check-in","width":"50"},{"field_type":"booking_to_date","required":"true","field_label":"Check-out","placeholder":"Check-out","width":"50","_id":"4e0c27c"},{"_id":"message","field_type":"message","field_label":"Message","placeholder":"Message"}],"gdpr_text":"I consent to the GDPR Terms","submit_button_text":"Send Email","email_subject":"New email from &quot;WpRentals booking theme demo&quot; ","submit_button_background_color":"#D57B66","submit_button_background_hover_color":"#CE5216","_animation_delay":50,"wpersidence_form_row_gap_tablet":{"unit":"px","size":0,"sizes":[]},"wpersidence_form_row_gap":{"unit":"px","size":0,"sizes":[]},"wpresidence_form_label_typography_typography":"custom","wpresidence_form_label_typography_font_family":"Roboto","wpresidence_form_label_typography_font_size":{"unit":"px","size":14,"sizes":[]},"wpresidence_form_label_typography_font_weight":"400","wpresidence_field_text_color":"#7A7A7A","wpresidence_field_typography_typography":"custom","wpresidence_field_typography_font_family":"Roboto","wpresidence_field_typography_font_size":{"unit":"px","size":14,"sizes":[]},"wpresidence_field_typography_font_weight":"300","form_field_show_labels":"","wpresidence_field_background_color":"#FCFBF8","wpresidence_field_border_color":"#D7CDBA5E","field_border_radius":{"unit":"px","top":"3","right":"3","bottom":"3","left":"3","isLinked":true},"submit_ button_border_radius":{"unit":"px","top":"3","right":"3","bottom":"3","left":"3","isLinked":true},"has_gdpr_agreement":"yes","wpersidence_form_column_gap":{"unit":"px","size":15,"sizes":[]}},"elements":[],"isInner":false,"widgetType":"WpRentals_Contact_Form_Builder","elType":"widget"}],"isInner":true,"elType":"column"}],"isInner":true,"elType":"section"}],"isInner":false,"elType":"column"}],"isInner":"","elType":"section"}],"page_settings":[],"version":"0.4","title":"Tenerife About","type":"page"}