{"content":[{"id":"5b9025f7","settings":{"layout":"full_width","stretch_section":"section-stretched","background_background":"classic","background_color":"#FFFFFF","padding":{"unit":"px","top":"0","right":"0","bottom":"0","left":"0","isLinked":false},"gap":"no","margin":{"unit":"px","top":"0","right":0,"bottom":"0","left":0,"isLinked":false},"padding_tablet":{"unit":"%","top":"0","right":"0","bottom":"0","left":"0","isLinked":false},"border_radius_mobile":{"unit":"px","top":"0","right":"0","bottom":"0","left":"0","isLinked":true},"padding_mobile":{"unit":"px","top":"0","right":"0","bottom":"0","left":"0","isLinked":false},"z_index_mobile":99,"content_position":"middle","structure":"20"},"elements":[{"id":"1a7ad84b","settings":{"_column_size":50,"_inline_size":40,"padding":{"unit":"px","top":"0","right":"130","bottom":"0","left":"130","isLinked":false},"background_background":"classic","background_image":{"url":"","id":"","alt":"","source":"library"},"background_position":"bottom left","background_repeat":"no-repeat","background_overlay_background":"classic","background_overlay_image":{"url":"https:\/\/tuscany.wprentals.org\/wp-content\/uploads\/2022\/01\/olive-1-e1641553940868.png","id":37354,"alt":"","source":"library"},"background_overlay_position":"bottom left","background_overlay_xpos":{"unit":"px","size":58,"sizes":[]},"background_overlay_repeat":"no-repeat","background_overlay_opacity":{"unit":"px","size":0.179999999999999993338661852249060757458209991455078125,"sizes":[]},"_inline_size_tablet":45,"padding_tablet":{"unit":"px","top":"0","right":"15","bottom":"0","left":"030","isLinked":false},"padding_mobile":{"unit":"px","top":"60","right":"30","bottom":"60","left":"30","isLinked":false}},"elements":[{"id":"7be6591c","settings":{"title":"Experience Tuscany","title_color":"#222222","typography_typography":"custom","typography_font_family":"Roboto","typography_font_size":{"unit":"px","size":47,"sizes":[]},"typography_font_weight":"500","_margin":{"unit":"px","top":"0","right":"0","bottom":"30","left":"0","isLinked":false},"align_mobile":"center","typography_font_size_mobile":{"unit":"px","size":40,"sizes":[]},"typography_word_spacing":{"unit":"px","size":-0.5,"sizes":[]}},"elements":[],"isInner":false,"widgetType":"heading","elType":"widget"},{"id":"73f5e466","settings":{"gap":"no"},"elements":[{"id":"321f11c6","settings":{"_column_size":100,"_inline_size":null,"margin":{"unit":"px","top":"0","right":"0","bottom":"0","left":"-10","isLinked":false},"margin_mobile":{"unit":"px","top":"0","right":"0","bottom":"0","left":"0","isLinked":true}},"elements":[{"id":"18c6b655","settings":{"form_fields":[{"_id":"name","field_type":"Location","field_label":"Location","placeholder":"Where are you going?","icon":{"value":"fas fa-map-marker-alt","library":"fa-solid"},"width":"100"},{"_id":"message","field_type":"check_in","field_label":"Check In","placeholder":"Check In","width":"50","icon":{"value":"far fa-calendar-alt","library":"fa-regular"}},{"_id":"0db3c4e","field_type":"check_out","field_label":"Check Out","placeholder":"Check Out","icon":{"value":"far fa-calendar-alt","library":"fa-regular"},"width":"50"},{"_id":"097341d","field_type":"guest_no","field_how":"greater","field_label":"Guests","placeholder":"Add Guests","icon":{"value":"far fa-user","library":"fa-regular"},"width":"100"}],"form_field_show_exra_details":"","form_field_show_section_title":"","form_field_section_title_text":"Advanced Search","submit_button_text":"Search now","search_icon_button":{"value":{"url":"https:\/\/hawaii.wprentals.org\/wp-content\/uploads\/2021\/11\/search.svg","id":37117},"library":"svg"},"wpersidence_form_column_gap":{"unit":"px","size":19,"sizes":[]},"wprentals_form_label_spacing":{"unit":"px","size":"","sizes":[]},"wprentals_form_label_color":"#232222","wprentals_form_label_typography_typography":"custom","wprentals_form_label_typography_font_family":"Roboto","wprentals_form_label_typography_font_size":{"unit":"px","size":13,"sizes":[]},"wprentals_form_label_typography_font_weight":"600","form_wrapper-content_padding":{"unit":"px","top":"0","right":"0","bottom":"0","left":"0","isLinked":true},"form_border_radius":{"unit":"px","top":"5","right":"5","bottom":"5","left":"5","isLinked":true},"box_shadow_form_box_shadow":{"horizontal":9,"vertical":0,"blur":10,"spread":0,"color":"rgba(0,0,0,0.5)"},"wprentals_field_text_color":"#635E5E","wprentals_field_typography_typography":"custom","wprentals_field_typography_font_family":"Roboto","wprentals_field_typography_font_size":{"unit":"px","size":14,"sizes":[]},"wprentals_field_typography_font_weight":"400","tab-wprentals_field_padding-color":{"unit":"px","top":"10","right":"10","bottom":"10","left":"35","isLinked":false},"field_border_width":{"unit":"px","top":"1","right":"1","bottom":"1","left":"1","isLinked":true},"submit_button_background_color":"#7B8562","submit_ button_border_radius":{"unit":"px","top":"5","right":"5","bottom":"5","left":"5","isLinked":true},"size":{"unit":"px","size":12,"sizes":[]},"search_icon_padding":{"unit":"px","top":"018","right":"10","bottom":"18","left":"0","isLinked":false},"wprentals_form_label_spacing_postion":{"unit":"px","top":"2","right":"0","bottom":"0","left":"18","isLinked":false},"wpersidence_form_row_gap":{"unit":"px","size":15,"sizes":[]},"submit_button_text_color":"#FFFFFF","icon_primary_color":"#FFFFFF","submit_button_text_padding":{"unit":"px","top":"0","right":"0","bottom":"0","left":"0","isLinked":false},"_margin":{"unit":"px","top":"0","right":"0","bottom":"0","left":"0","isLinked":false},"wprentals_field_background_color":"#FFFFFF00","submit_button_background_hover_color":"#626A4E","submit_button_width_mobile":"1","wpersidence_form_row_gap_mobile":{"unit":"px","size":15,"sizes":[]},"form_wrapper-content_padding_mobile":{"unit":"px","top":"20","right":"10","bottom":"10","left":"10","isLinked":false},"form_border_radius_mobile":{"unit":"px","top":"10","right":"10","bottom":"10","left":"10","isLinked":true},"submit_ button_border_radius_mobile":{"unit":"px","top":"100","right":"100","bottom":"100","left":"100","isLinked":true},"_z_index":99,"form_field_show_labels":"","wprentals_field_background_icon_color":"#7B8562","wprentals_field_text_color1":"#7A7A7A","wprentals_form_back_color":"#FFFFFF","submit_button_hover_color":"#FFFFFF","hover_icon_color":"#FFFFFF"},"elements":[],"isInner":false,"widgetType":"Wprentals_Search_Form_Builder","elType":"widget"}],"isInner":true,"elType":"column"}],"isInner":true,"elType":"section"}],"isInner":false,"elType":"column"},{"id":"54fee2b6","settings":{"_column_size":50,"_inline_size":60,"border_radius_mobile":{"unit":"px","top":"0","right":"0","bottom":"0","left":"0","isLinked":true},"_inline_size_tablet":55},"elements":[{"id":"178af7fb","settings":{"height_inner":"min-height","custom_height_inner":{"unit":"px","size":646,"sizes":[]},"background_background":"classic","background_color":"#DDDDDD","background_image":{"url":"https:\/\/tuscany.wprentals.org\/wp-content\/uploads\/2022\/01\/header_1150.jpeg","id":37765,"alt":"","source":"library"},"background_position":"bottom center","background_xpos":{"unit":"px","size":50,"sizes":[]},"background_repeat":"no-repeat","background_size":"cover","background_overlay_background":"gradient","background_overlay_color":"#FFFFFFFC","background_overlay_opacity":{"unit":"px","size":0.770000000000000017763568394002504646778106689453125,"sizes":[]},"border_radius":{"unit":"px","top":"0","right":"0","bottom":"0","left":"10","isLinked":false},"padding":{"unit":"px","top":"0","right":"0","bottom":"0","left":"0","isLinked":true},"background_overlay_color_b":"#0C0D094D","overflow":"hidden","background_video_link":"https:\/\/cancun.wprentals.org\/wp-content\/uploads\/2021\/09\/opt-pexels-nancy-dimaguila-6592373-1.mp4","box_shadow_box_shadow_type":"yes","box_shadow_box_shadow":{"horizontal":0,"vertical":27,"blur":30,"spread":-9,"color":"rgba(0, 0, 0, 0.07)"},"background_video_fallback":{"url":"https:\/\/cancun.wprentals.org\/wp-content\/uploads\/2021\/09\/image_for_header_video_opt.jpeg","id":36333,"alt":"","source":"library"},"border_radius_mobile":{"unit":"px","top":"0","right":"0","bottom":"0","left":"0","isLinked":true},"padding_mobile":{"unit":"%","top":"0","right":"0","bottom":"0","left":"0","isLinked":false},"_title":"Inner Section","content_width":{"unit":"px","size":995,"sizes":[]},"background_overlay_color_stop":{"unit":"%","size":18,"sizes":[]},"background_overlay_color_b_stop":{"unit":"%","size":64,"sizes":[]},"custom_height_inner_mobile":{"unit":"px","size":450,"sizes":[]}},"elements":[{"id":"2c5e8fe","settings":{"_column_size":100,"_inline_size":null,"content_position":"bottom","align":"flex-end","background_background":"classic","background_image":{"url":"","id":"","alt":"","source":"library"},"padding_mobile":{"unit":"px","top":"200","right":"25","bottom":"220","left":"10","isLinked":false},"z_index_mobile":99999},"elements":[{"id":"5480ebf5","settings":{"title":"LUXURY","align":"right","title_color":"#FFFFFFB5","typography_typography":"custom","typography_font_family":"Poppins","typography_font_size":{"unit":"px","size":40,"sizes":[]},"typography_font_weight":"400","typography_letter_spacing":{"unit":"px","size":1,"sizes":[]},"_element_width":"auto","_position":"absolute","_offset_orientation_h":"end","_offset_x_end":{"size":60,"unit":"px"},"_offset_orientation_v":"end","_offset_y_end":{"size":120,"unit":"px"},"_animation":"none"},"elements":[],"isInner":false,"widgetType":"heading","elType":"widget"},{"id":"1bc011c2","settings":{"title":"TRAVEL","align":"right","title_color":"#FFFFFFB5","typography_typography":"custom","typography_font_family":"Poppins","typography_font_size":{"unit":"px","size":70,"sizes":[]},"typography_font_weight":"600","typography_letter_spacing":{"unit":"px","size":1,"sizes":[]},"_element_width":"auto","_position":"absolute","_offset_orientation_h":"end","_offset_x_end":{"size":60,"unit":"px"},"_offset_orientation_v":"end","_offset_y_end":{"size":44,"unit":"px"}},"elements":[],"isInner":false,"widgetType":"heading","elType":"widget"}],"isInner":true,"elType":"column"}],"isInner":true,"elType":"section"}],"isInner":false,"elType":"column"}],"isInner":false,"elType":"section"},{"id":"3abf53a8","settings":[],"elements":[{"id":"63aafe7","settings":{"_column_size":100,"_inline_size":null},"elements":[{"id":"6bc180ce","settings":{"content_width":{"unit":"px","size":610,"sizes":[]},"margin":{"unit":"px","top":"0","right":0,"bottom":"0","left":0,"isLinked":false},"padding":{"unit":"px","top":"120","right":"0","bottom":"30","left":"0","isLinked":false}},"elements":[{"id":"18e59006","settings":{"_column_size":100,"_inline_size":null,"space_between_widgets":10},"elements":[{"id":"bc9e9bb","settings":{"title":"Visit our locations","align":"center","title_color":"#222222","typography_typography":"custom","typography_font_family":"Roboto","typography_font_size":{"unit":"px","size":40,"sizes":[]},"typography_font_weight":"600","_margin":{"unit":"px","top":"0","right":"0","bottom":"12","left":"0","isLinked":false},"_animation":"fadeIn","_animation_delay":50},"elements":[],"isInner":false,"widgetType":"heading","elType":"widget"},{"id":"31a31f86","settings":{"title":"The best places to visit for your holiday with great restaurants, beautiful homes and villas, pristine beaches and family friendly playgrounds ","header_size":"p","align":"center","title_color":"#5D6475","typography_typography":"custom","typography_font_family":"Roboto","typography_font_size":{"unit":"px","size":17,"sizes":[]},"typography_font_weight":"400","_padding":{"unit":"px","top":"0","right":"15","bottom":"0","left":"15","isLinked":false},"typography_line_height":{"unit":"em","size":1.5,"sizes":[]},"_animation":"fadeIn","_animation_delay":50},"elements":[],"isInner":false,"widgetType":"heading","elType":"widget"}],"isInner":true,"elType":"column"}],"isInner":true,"elType":"section"}],"isInner":false,"elType":"column"}],"isInner":false,"elType":"section"},{"id":"5f6f02c0","settings":{"stretch_section":"section-stretched","background_background":"classic","background_color":"#FFFFFF","padding_tablet":{"unit":"px","top":"0","right":"30","bottom":"0","left":"30","isLinked":false}},"elements":[{"id":"3f9311bc","settings":{"_column_size":100,"_inline_size":null,"padding":{"unit":"px","top":"0","right":"0","bottom":"0","left":"0","isLinked":false}},"elements":[{"id":"37aa3ef8","settings":{"items_no":"6","wprentals_grid_type":"3","wprentals_design_type":"3","hide_empty_taxonomy":"0","item_height":{"unit":"px","size":390,"sizes":[]},"item_border_radius":{"unit":"px","top":"3","right":"3","bottom":"3","left":"3","isLinked":true},"grid_taxonomy":"property_city","wpersidence_item_column_gap":{"unit":"px","size":20,"sizes":[]},"wpersidence_item_row_gap":{"unit":"px","size":20,"sizes":[]},"tax_title_typography":"custom","tax_tagline_typography":"custom","tax_tagline_font_weight":"400","tax_listings_typography":"custom","tax_listings_font_weight":"400","discover_listings_typography":"custom","discover_listings_font_weight":"400","property_area":["livorno"],"property_city":["antignano","ardenza","calafuria","florence","livorno","piombino"],"_animation":"fadeIn","_animation_delay":50},"elements":[],"isInner":false,"widgetType":"Wprentals_Grids","elType":"widget"}],"isInner":false,"elType":"column"}],"isInner":false,"elType":"section"},{"id":"65f6156","settings":{"layout":"full_width","custom_height":{"unit":"px","size":372,"sizes":[]},"stretch_section":"section-stretched","background_background":"gradient","background_color":"#F8F8F8","margin":{"unit":"px","top":"120","right":0,"bottom":"0","left":0,"isLinked":false},"padding":{"unit":"px","top":"0","right":"0","bottom":"0","left":"0","isLinked":false},"background_color_b":"#FBF8F8","background_gradient_angle":{"unit":"deg","size":190,"sizes":[]},"background_color_stop":{"unit":"%","size":19,"sizes":[]},"background_overlay_background":"classic","background_overlay_image":{"url":"https:\/\/tuscany.wprentals.org\/wp-content\/uploads\/2022\/01\/olive-e1641560308713.png","id":37347,"alt":"","source":"library"},"background_overlay_opacity":{"unit":"px","size":0.1000000000000000055511151231257827021181583404541015625,"sizes":[]},"background_overlay_position":"top right","background_overlay_repeat":"no-repeat","shape_divider_bottom":"waves","shape_divider_bottom_width":{"unit":"%","size":155,"sizes":[]},"shape_divider_bottom_height":{"unit":"px","size":165,"sizes":[]},"shape_divider_bottom_flip":"yes"},"elements":[{"id":"7521e360","settings":{"_column_size":100,"_inline_size":null},"elements":[{"id":"7d468f23","settings":{"content_width":{"unit":"px","size":610,"sizes":[]},"margin":{"unit":"px","top":"0","right":0,"bottom":"0","left":0,"isLinked":false},"padding":{"unit":"px","top":"120","right":"0","bottom":"450","left":"0","isLinked":false}},"elements":[{"id":"17510c4d","settings":{"_column_size":100,"_inline_size":null,"space_between_widgets":10},"elements":[{"id":"673cdfd1","settings":{"title":"Homes for all budgets","align":"center","title_color":"#222222","typography_typography":"custom","typography_font_family":"Roboto","typography_font_size":{"unit":"px","size":40,"sizes":[]},"typography_font_weight":"600","_margin":{"unit":"px","top":"0","right":"0","bottom":"12","left":"0","isLinked":false},"_animation":"fadeIn","_animation_delay":50},"elements":[],"isInner":false,"widgetType":"heading","elType":"widget"},{"id":"6f4bca27","settings":{"title":"These are the most recent villas & holiday houses added on our website, and the best of them are highlighted with the featured status first.","header_size":"p","align":"center","title_color":"#5D6475","typography_typography":"custom","typography_font_family":"Roboto","typography_font_size":{"unit":"px","size":17,"sizes":[]},"typography_font_weight":"400","_padding":{"unit":"px","top":"0","right":"15","bottom":"0","left":"15","isLinked":false},"typography_line_height":{"unit":"em","size":1.5,"sizes":[]},"_animation":"fadeIn","_animation_delay":50},"elements":[],"isInner":false,"widgetType":"heading","elType":"widget"}],"isInner":true,"elType":"column"}],"isInner":true,"elType":"section"}],"isInner":false,"elType":"column"}],"isInner":false,"elType":"section"},{"id":"2a003145","settings":{"margin":{"unit":"px","top":"-415","right":0,"bottom":"0","left":0,"isLinked":false},"padding_tablet":{"unit":"px","top":"0","right":"0","bottom":"0","left":"0","isLinked":false},"padding_mobile":{"unit":"px","top":"0","right":"0","bottom":"0","left":"0","isLinked":false}},"elements":[{"id":"86912bf","settings":{"_column_size":100,"_inline_size":null,"margin_tablet":{"unit":"px","top":"0","right":"0","bottom":"0","left":"0","isLinked":false},"padding_mobile":{"unit":"px","top":"0","right":"0","bottom":"0","left":"0","isLinked":false}},"elements":[{"id":"4eb21890","settings":{"number":"6","rownumber":3,"property_title_typography":"custom","property_title_font_family":"Roboto","property_title_font_weight":"600","property_category_typography":"custom","property_category_font_family":"Roboto","property_category_font_weight":"400","property_price_typography":"custom","property_price_font_family":"Roboto","property_price_font_weight":"600","box_shadow_box_shadow":{"horizontal":0,"vertical":10,"blur":10,"spread":0,"color":"rgba(180.99999999999991, 127, 250, 0.09019607843137255)"},"title_color":"#39364E","_animation_delay":50,"_animation":"fadeIn"},"elements":[],"isInner":false,"widgetType":"Wprentals_Recent_Items_v1","elType":"widget"}],"isInner":false,"elType":"column"}],"isInner":false,"elType":"section"},{"id":"4f5c9c85","settings":{"margin":{"unit":"px","top":"90","right":0,"bottom":"25","left":0,"isLinked":false},"padding_tablet":{"unit":"px","top":"0","right":"0","bottom":"0","left":"0","isLinked":false},"padding_mobile":{"unit":"px","top":"0","right":"0","bottom":"0","left":"0","isLinked":true},"gap":"no","structure":"30"},"elements":[{"id":"5f47bfc6","settings":{"_column_size":33,"_inline_size":null,"margin_tablet":{"unit":"px","top":"0","right":"0","bottom":"0","left":"0","isLinked":false},"padding_mobile":{"unit":"px","top":"0","right":"0","bottom":"0","left":"0","isLinked":false},"_inline_size_tablet":50},"elements":[{"id":"6bfc1b85","settings":{"title":"Find properties by the most <br> popular features and  amenities","title_color":"#222222","typography_typography":"custom","typography_font_family":"Roboto","typography_font_size":{"unit":"px","size":20,"sizes":[]},"typography_font_weight":"600","_margin":{"unit":"px","top":"0","right":"0","bottom":"12","left":"0","isLinked":false},"_animation":"fadeIn","_animation_delay":50,"align":"left","typography_line_height":{"unit":"em","size":1.3000000000000000444089209850062616169452667236328125,"sizes":[]},"align_mobile":"center"},"elements":[],"isInner":false,"widgetType":"heading","elType":"widget"}],"isInner":false,"elType":"column"},{"id":"34f3f685","settings":{"_column_size":33,"_inline_size":null,"margin_mobile":{"unit":"px","top":"0","right":"20","bottom":"20","left":"-15","isLinked":false},"padding_mobile":{"unit":"px","top":"0","right":"0","bottom":"0","left":"0","isLinked":false}},"elements":[],"isInner":false,"elType":"column"},{"id":"14d5437f","settings":{"_column_size":33,"_inline_size":null,"margin_mobile":{"unit":"px","top":"20","right":"20","bottom":"20","left":"-15","isLinked":false},"padding_mobile":{"unit":"px","top":"0","right":"0","bottom":"0","left":"0","isLinked":false}},"elements":[],"isInner":false,"elType":"column"}],"isInner":false,"elType":"section"},{"id":"21820b37","settings":{"gap":"no"},"elements":[{"id":"392ac52e","settings":{"_column_size":100,"_inline_size":null},"elements":[{"id":"4e20175c","settings":{"gap_columns_custom":{"unit":"px","size":30,"sizes":[]},"structure":"60"},"elements":[{"id":"6aef7b0e","settings":{"_column_size":16,"_inline_size":null,"_inline_size_tablet":50,"content_position":"center","space_between_widgets":5,"border_border":"solid","border_width":{"unit":"px","top":"1","right":"1","bottom":"1","left":"1","isLinked":true},"border_color":"#39364E05","border_radius":{"unit":"px","top":"5","right":"5","bottom":"5","left":"5","isLinked":true},"box_shadow_box_shadow_type":"yes","box_shadow_box_shadow":{"horizontal":0,"vertical":6,"blur":16,"spread":0,"color":"rgba(180.99999999999991, 127, 250, 0.09019607843137255)"},"margin":{"unit":"px","top":"0","right":"10","bottom":"0","left":"0","isLinked":false},"padding":{"unit":"px","top":"30","right":"30","bottom":"30","left":"30","isLinked":false},"padding_tablet":{"unit":"px","top":"15","right":"15","bottom":"15","left":"15","isLinked":true},"border_hover_border":"solid","border_hover_width":{"unit":"px","top":"1","right":"1","bottom":"1","left":"1","isLinked":true},"border_hover_color":"#39364E05","box_shadow_hover_box_shadow_type":"yes","box_shadow_hover_box_shadow":{"horizontal":0,"vertical":15,"blur":35,"spread":0,"color":"rgba(180.99999999999991, 127, 250, 0.09019607843137255)"},"animation":"fadeIn","animation_delay":50,"margin_mobile":{"unit":"px","top":"0","right":"0","bottom":"10","left":"0","isLinked":false},"padding_mobile":{"unit":"px","top":"30","right":"30","bottom":"30","left":"30","isLinked":true}},"elements":[{"id":"5a6c1a1a","settings":{"selected_icon":{"value":{"url":"https:\/\/tuscany.wprentals.org\/wp-content\/uploads\/2021\/11\/beachfront.svg","id":36624},"library":"svg"},"link":{"url":"\/features\/pool\/","is_external":"on","nofollow":"","custom_attributes":""},"align":"left","primary_color":"#222222","hover_primary_color":"#626A4E","size":{"unit":"px","size":35,"sizes":[]},"align_mobile":"center"},"elements":[],"isInner":false,"widgetType":"icon","elType":"widget"},{"id":"7fc05b46","settings":{"title":"Pool","link":{"url":"\/features\/pool\/","is_external":"","nofollow":"","custom_attributes":""},"title_color":"#222222","typography_typography":"custom","typography_font_family":"Roboto","typography_font_size":{"unit":"px","size":17,"sizes":[]},"typography_font_weight":"600","align_mobile":"center"},"elements":[],"isInner":false,"widgetType":"heading","elType":"widget"}],"isInner":true,"elType":"column"},{"id":"23c349a7","settings":{"_column_size":16,"_inline_size":null,"_inline_size_tablet":50,"content_position":"center","space_between_widgets":5,"border_border":"solid","border_width":{"unit":"px","top":"1","right":"1","bottom":"1","left":"1","isLinked":true},"border_color":"#39364E05","border_radius":{"unit":"px","top":"5","right":"5","bottom":"5","left":"5","isLinked":true},"box_shadow_box_shadow_type":"yes","box_shadow_box_shadow":{"horizontal":0,"vertical":6,"blur":16,"spread":0,"color":"rgba(180.99999999999991, 127, 250, 0.09019607843137255)"},"margin":{"unit":"px","top":"0","right":"10","bottom":"0","left":"0","isLinked":false},"padding":{"unit":"px","top":"30","right":"30","bottom":"30","left":"30","isLinked":false},"padding_tablet":{"unit":"px","top":"15","right":"15","bottom":"15","left":"15","isLinked":true},"border_hover_border":"solid","border_hover_width":{"unit":"px","top":"1","right":"1","bottom":"1","left":"1","isLinked":true},"border_hover_color":"#39364E05","box_shadow_hover_box_shadow_type":"yes","box_shadow_hover_box_shadow":{"horizontal":0,"vertical":15,"blur":35,"spread":0,"color":"rgba(180.99999999999991, 127, 250, 0.09019607843137255)"},"animation":"fadeIn","animation_delay":50,"margin_mobile":{"unit":"px","top":"0","right":"0","bottom":"10","left":"0","isLinked":false},"padding_mobile":{"unit":"px","top":"30","right":"30","bottom":"30","left":"30","isLinked":true}},"elements":[{"id":"56bbbf42","settings":{"selected_icon":{"value":{"url":"https:\/\/tuscany.wprentals.org\/wp-content\/uploads\/2022\/01\/kitchen.svg","id":37786},"library":"svg"},"link":{"url":"\/features\/kitchen\/","is_external":"on","nofollow":"","custom_attributes":""},"align":"left","primary_color":"#222222","hover_primary_color":"#626A4E","size":{"unit":"px","size":35,"sizes":[]},"align_mobile":"center"},"elements":[],"isInner":false,"widgetType":"icon","elType":"widget"},{"id":"55b1f062","settings":{"title":"Kitchen","link":{"url":"\/features\/kitchen\/","is_external":"on","nofollow":"","custom_attributes":""},"title_color":"#222222","typography_typography":"custom","typography_font_family":"Roboto","typography_font_size":{"unit":"px","size":17,"sizes":[]},"typography_font_weight":"600","align_mobile":"center"},"elements":[],"isInner":false,"widgetType":"heading","elType":"widget"}],"isInner":true,"elType":"column"},{"id":"147a4338","settings":{"_column_size":16,"_inline_size":null,"_inline_size_tablet":50,"content_position":"center","space_between_widgets":5,"border_border":"solid","border_width":{"unit":"px","top":"1","right":"1","bottom":"1","left":"1","isLinked":true},"border_color":"#39364E05","border_radius":{"unit":"px","top":"5","right":"5","bottom":"5","left":"5","isLinked":true},"box_shadow_box_shadow_type":"yes","box_shadow_box_shadow":{"horizontal":0,"vertical":6,"blur":16,"spread":0,"color":"rgba(180.99999999999991, 127, 250, 0.09019607843137255)"},"margin":{"unit":"px","top":"0","right":"10","bottom":"0","left":"0","isLinked":false},"padding":{"unit":"px","top":"30","right":"30","bottom":"30","left":"30","isLinked":false},"padding_tablet":{"unit":"px","top":"15","right":"15","bottom":"15","left":"15","isLinked":true},"border_hover_border":"solid","border_hover_width":{"unit":"px","top":"1","right":"1","bottom":"1","left":"1","isLinked":true},"border_hover_color":"#39364E05","box_shadow_hover_box_shadow_type":"yes","box_shadow_hover_box_shadow":{"horizontal":0,"vertical":15,"blur":35,"spread":0,"color":"rgba(180.99999999999991, 127, 250, 0.09019607843137255)"},"animation":"fadeIn","animation_delay":50,"margin_mobile":{"unit":"px","top":"0","right":"0","bottom":"10","left":"0","isLinked":false},"padding_mobile":{"unit":"px","top":"30","right":"30","bottom":"30","left":"30","isLinked":true}},"elements":[{"id":"6f9fb127","settings":{"selected_icon":{"value":{"url":"https:\/\/tuscany.wprentals.org\/wp-content\/uploads\/2021\/09\/garden-1.svg","id":36541},"library":"svg"},"link":{"url":"\/features\/kitchen\/","is_external":"on","nofollow":"","custom_attributes":""},"align":"left","primary_color":"#222222","hover_primary_color":"#626A4E","size":{"unit":"px","size":35,"sizes":[]},"align_mobile":"center"},"elements":[],"isInner":false,"widgetType":"icon","elType":"widget"},{"id":"4513da1d","settings":{"title":"Garden","link":{"url":"\/features\/kitchen\/","is_external":"on","nofollow":"","custom_attributes":""},"title_color":"#222222","typography_typography":"custom","typography_font_family":"Roboto","typography_font_size":{"unit":"px","size":17,"sizes":[]},"typography_font_weight":"600","align_mobile":"center"},"elements":[],"isInner":false,"widgetType":"heading","elType":"widget"}],"isInner":true,"elType":"column"},{"id":"25833959","settings":{"_column_size":16,"_inline_size_tablet":50,"content_position":"center","space_between_widgets":5,"border_border":"solid","border_width":{"unit":"px","top":"1","right":"1","bottom":"1","left":"1","isLinked":true},"border_color":"#39364E05","border_radius":{"unit":"px","top":"5","right":"5","bottom":"5","left":"5","isLinked":true},"box_shadow_box_shadow_type":"yes","box_shadow_box_shadow":{"horizontal":0,"vertical":6,"blur":16,"spread":0,"color":"rgba(180.99999999999991, 127, 250, 0.09019607843137255)"},"margin":{"unit":"px","top":"0","right":"10","bottom":"0","left":"0","isLinked":false},"padding":{"unit":"px","top":"30","right":"30","bottom":"30","left":"30","isLinked":false},"padding_tablet":{"unit":"px","top":"15","right":"15","bottom":"15","left":"15","isLinked":true},"border_hover_border":"solid","border_hover_width":{"unit":"px","top":"1","right":"1","bottom":"1","left":"1","isLinked":true},"border_hover_color":"#39364E05","box_shadow_hover_box_shadow_type":"yes","box_shadow_hover_box_shadow":{"horizontal":0,"vertical":15,"blur":35,"spread":0,"color":"rgba(180.99999999999991, 127, 250, 0.09019607843137255)"},"animation":"fadeIn","animation_delay":50,"margin_mobile":{"unit":"px","top":"0","right":"0","bottom":"10","left":"0","isLinked":false},"padding_mobile":{"unit":"px","top":"30","right":"30","bottom":"30","left":"30","isLinked":true},"_inline_size":null},"elements":[{"id":"5add80c2","settings":{"selected_icon":{"value":{"url":"https:\/\/tuscany.wprentals.org\/wp-content\/uploads\/2021\/11\/diving.svg","id":36636},"library":"svg"},"link":{"url":"\/features\/air-conditioner\/","is_external":"on","nofollow":"","custom_attributes":""},"align":"left","primary_color":"#222222","hover_primary_color":"#626A4E","size":{"unit":"px","size":35,"sizes":[]},"align_mobile":"center"},"elements":[],"isInner":false,"widgetType":"icon","elType":"widget"},{"id":"5c573f81","settings":{"title":"Beach access","link":{"url":"\/features\/air-conditioner\/","is_external":"on","nofollow":"","custom_attributes":""},"title_color":"#222222","typography_typography":"custom","typography_font_family":"Roboto","typography_font_size":{"unit":"px","size":17,"sizes":[]},"typography_font_weight":"600","align_mobile":"center"},"elements":[],"isInner":false,"widgetType":"heading","elType":"widget"}],"isInner":true,"elType":"column"},{"id":"5c8ef14e","settings":{"_column_size":16,"_inline_size":null,"_inline_size_tablet":50,"content_position":"center","space_between_widgets":5,"border_border":"solid","border_width":{"unit":"px","top":"1","right":"1","bottom":"1","left":"1","isLinked":true},"border_color":"#39364E05","border_radius":{"unit":"px","top":"5","right":"5","bottom":"5","left":"5","isLinked":true},"box_shadow_box_shadow_type":"yes","box_shadow_box_shadow":{"horizontal":0,"vertical":6,"blur":16,"spread":0,"color":"rgba(180.99999999999991, 127, 250, 0.09019607843137255)"},"margin":{"unit":"px","top":"0","right":"10","bottom":"0","left":"0","isLinked":false},"padding":{"unit":"px","top":"30","right":"30","bottom":"30","left":"30","isLinked":false},"padding_tablet":{"unit":"px","top":"15","right":"15","bottom":"15","left":"15","isLinked":true},"border_hover_border":"solid","border_hover_width":{"unit":"px","top":"1","right":"1","bottom":"1","left":"1","isLinked":true},"border_hover_color":"#39364E05","box_shadow_hover_box_shadow_type":"yes","box_shadow_hover_box_shadow":{"horizontal":0,"vertical":15,"blur":35,"spread":0,"color":"rgba(180.99999999999991, 127, 250, 0.09019607843137255)"},"animation":"fadeIn","animation_delay":50,"margin_mobile":{"unit":"px","top":"0","right":"0","bottom":"10","left":"0","isLinked":false},"padding_mobile":{"unit":"px","top":"30","right":"30","bottom":"30","left":"30","isLinked":true}},"elements":[{"id":"41e4095d","settings":{"selected_icon":{"value":{"url":"https:\/\/tuscany.wprentals.org\/wp-content\/uploads\/2021\/09\/car3.svg","id":36156},"library":"svg"},"link":{"url":"\/features\/free-parking-on-premises\/","is_external":"on","nofollow":"","custom_attributes":""},"align":"left","primary_color":"#222222","hover_primary_color":"#626A4E","size":{"unit":"px","size":35,"sizes":[]},"align_mobile":"center"},"elements":[],"isInner":false,"widgetType":"icon","elType":"widget"},{"id":"52318229","settings":{"title":"Free parking","link":{"url":"\/features\/free-parking-on-premises\/","is_external":"on","nofollow":"","custom_attributes":""},"title_color":"#222222","typography_typography":"custom","typography_font_family":"Roboto","typography_font_size":{"unit":"px","size":17,"sizes":[]},"typography_font_weight":"600","align_mobile":"center"},"elements":[],"isInner":false,"widgetType":"heading","elType":"widget"}],"isInner":true,"elType":"column"},{"id":"24c94b35","settings":{"_column_size":16,"_inline_size":null,"_inline_size_tablet":50,"content_position":"center","space_between_widgets":5,"border_border":"solid","border_width":{"unit":"px","top":"1","right":"1","bottom":"1","left":"1","isLinked":true},"border_color":"#39364E05","border_radius":{"unit":"px","top":"5","right":"5","bottom":"5","left":"5","isLinked":true},"box_shadow_box_shadow_type":"yes","box_shadow_box_shadow":{"horizontal":0,"vertical":6,"blur":16,"spread":0,"color":"rgba(180.99999999999991, 127, 250, 0.09019607843137255)"},"margin":{"unit":"px","top":"0","right":"10","bottom":"0","left":"0","isLinked":false},"padding":{"unit":"px","top":"30","right":"30","bottom":"30","left":"30","isLinked":false},"padding_tablet":{"unit":"px","top":"15","right":"15","bottom":"15","left":"15","isLinked":true},"border_hover_border":"solid","border_hover_width":{"unit":"px","top":"1","right":"1","bottom":"1","left":"1","isLinked":true},"border_hover_color":"#39364E05","box_shadow_hover_box_shadow_type":"yes","box_shadow_hover_box_shadow":{"horizontal":0,"vertical":15,"blur":35,"spread":0,"color":"rgba(180.99999999999991, 127, 250, 0.09019607843137255)"},"animation":"fadeIn","animation_delay":50,"margin_mobile":{"unit":"px","top":"0","right":"0","bottom":"10","left":"0","isLinked":false},"padding_mobile":{"unit":"px","top":"30","right":"30","bottom":"30","left":"30","isLinked":true}},"elements":[{"id":"32b7b344","settings":{"selected_icon":{"value":{"url":"https:\/\/tuscany.wprentals.org\/wp-content\/uploads\/2022\/01\/wireless_icon.svg","id":37793},"library":"svg"},"link":{"url":"\/features\/wireless-internet\/","is_external":"on","nofollow":"","custom_attributes":""},"align":"left","primary_color":"#222222","hover_primary_color":"#626A4E","size":{"unit":"px","size":35,"sizes":[]},"align_mobile":"center"},"elements":[],"isInner":false,"widgetType":"icon","elType":"widget"},{"id":"6a488a39","settings":{"title":"Wifi","link":{"url":"\/features\/wireless-internet\/","is_external":"on","nofollow":"","custom_attributes":""},"title_color":"#222222","typography_typography":"custom","typography_font_family":"Roboto","typography_font_size":{"unit":"px","size":17,"sizes":[]},"typography_font_weight":"600","align_mobile":"center"},"elements":[],"isInner":false,"widgetType":"heading","elType":"widget"}],"isInner":true,"elType":"column"}],"isInner":true,"elType":"section"}],"isInner":false,"elType":"column"}],"isInner":false,"elType":"section"},{"id":"27af6bf7","settings":{"layout":"full_width","custom_height":{"unit":"px","size":372,"sizes":[]},"stretch_section":"section-stretched","background_background":"gradient","background_color":"#F8F8F8","margin":{"unit":"px","top":"120","right":0,"bottom":"0","left":0,"isLinked":false},"padding":{"unit":"px","top":"0","right":"0","bottom":"0","left":"0","isLinked":false},"background_color_b":"#FBF8F8","background_gradient_angle":{"unit":"deg","size":190,"sizes":[]},"background_color_stop":{"unit":"%","size":19,"sizes":[]},"background_overlay_background":"classic","background_overlay_image":{"url":"https:\/\/tuscany.wprentals.org\/wp-content\/uploads\/2022\/01\/olive-351-flipped.png","id":37652,"alt":"","source":"library"},"background_overlay_opacity":{"unit":"px","size":0.1000000000000000055511151231257827021181583404541015625,"sizes":[]},"background_overlay_position":"top left","background_overlay_repeat":"no-repeat","shape_divider_bottom":"waves","shape_divider_bottom_width":{"unit":"%","size":186,"sizes":[]},"shape_divider_bottom_height":{"unit":"px","size":212,"sizes":[]}},"elements":[{"id":"6fcc2bb5","settings":{"_column_size":100,"_inline_size":null},"elements":[{"id":"3991a3ce","settings":{"content_width":{"unit":"px","size":610,"sizes":[]},"margin":{"unit":"px","top":"0","right":0,"bottom":"0","left":0,"isLinked":false},"padding":{"unit":"px","top":"120","right":"0","bottom":"450","left":"0","isLinked":false}},"elements":[{"id":"19a1dd04","settings":{"_column_size":100,"_inline_size":null,"space_between_widgets":10},"elements":[{"id":"318083e6","settings":{"title":"Book with Tuscany Rentals","align":"center","title_color":"#222222","typography_typography":"custom","typography_font_family":"Roboto","typography_font_size":{"unit":"px","size":40,"sizes":[]},"typography_font_weight":"600","_margin":{"unit":"px","top":"0","right":"0","bottom":"12","left":"0","isLinked":false},"_animation":"fadeIn","_animation_delay":50},"elements":[],"isInner":false,"widgetType":"heading","elType":"widget"},{"id":"67f079a3","settings":{"title":"We have a superb selection of exotic, unusual properties that are hard to categorize but which are undoubtedly distinct.","header_size":"p","align":"center","title_color":"#5D6475","typography_typography":"custom","typography_font_family":"Roboto","typography_font_size":{"unit":"px","size":17,"sizes":[]},"typography_font_weight":"400","_padding":{"unit":"px","top":"0","right":"15","bottom":"0","left":"15","isLinked":false},"typography_line_height":{"unit":"em","size":1.5,"sizes":[]},"_animation":"fadeIn","_animation_delay":50},"elements":[],"isInner":false,"widgetType":"heading","elType":"widget"}],"isInner":true,"elType":"column"}],"isInner":true,"elType":"section"}],"isInner":false,"elType":"column"}],"isInner":false,"elType":"section"},{"id":"34acfbd0","settings":{"gap":"no","stretch_section":"section-stretched","background_background":"classic","background_overlay_background":"classic","background_overlay_attachment":"fixed","background_overlay_repeat":"no-repeat","background_overlay_size":"cover","background_overlay_opacity":{"unit":"px","size":0.0200000000000000004163336342344337026588618755340576171875,"sizes":[]},"margin":{"unit":"px","top":"-410","right":0,"bottom":"0","left":0,"isLinked":false}},"elements":[{"id":"63340a0b","settings":{"_column_size":100,"_inline_size":null,"box_shadow_box_shadow_type":"yes","box_shadow_box_shadow":{"horizontal":0,"vertical":11,"blur":100,"spread":0,"color":"rgba(0, 0, 0, 0.07)"},"z_index":999,"border_radius":{"unit":"px","top":"10","right":"10","bottom":"10","left":"10","isLinked":true},"border_radius_mobile":{"unit":"px","top":"0","right":"0","bottom":"0","left":"0","isLinked":true}},"elements":[{"id":"38cd97ea","settings":{"gap":"no","structure":"20","margin":{"unit":"px","top":"0","right":0,"bottom":"0","left":0,"isLinked":false}},"elements":[{"id":"6e89ec9e","settings":{"_column_size":50,"_inline_size":null,"background_background":"classic","background_image":{"url":"","id":"","alt":"","source":"library"},"background_overlay_background":"classic","background_overlay_opacity":{"unit":"px","size":0.89000000000000001332267629550187848508358001708984375,"sizes":[]},"padding":{"unit":"px","top":"90","right":"70","bottom":"90","left":"70","isLinked":false},"space_between_widgets":30,"background_color":"#FFFFFF","border_radius":{"unit":"px","top":"10","right":"0","bottom":"0","left":"10","isLinked":false},"border_radius_mobile":{"unit":"px","top":"0","right":"0","bottom":"0","left":"0","isLinked":true},"padding_tablet":{"unit":"px","top":"70","right":"45","bottom":"70","left":"45","isLinked":false}},"elements":[{"id":"1cf8c478","settings":{"title":"How it works to rent a house","align":"left","title_color":"#222222","typography_typography":"custom","typography_font_family":"Roboto","typography_font_size":{"unit":"px","size":25,"sizes":[]},"typography_font_weight":"600","_margin":{"unit":"px","top":"0","right":"0","bottom":"12","left":"0","isLinked":false},"_animation":"fadeIn","_animation_delay":50,"align_mobile":"center"},"elements":[],"isInner":false,"widgetType":"heading","elType":"widget"},{"id":"290e236a","settings":{"title":"Tuscany  rentals makes it easy and quick to rent properties in your favorite holiday area. ","header_size":"p","align":"left","title_color":"#5D6475","typography_typography":"custom","typography_font_family":"Roboto","typography_font_size":{"unit":"px","size":17,"sizes":[]},"typography_font_weight":"400","_padding":{"unit":"px","top":"0","right":"0","bottom":"0","left":"0","isLinked":false},"typography_line_height":{"unit":"em","size":1.5,"sizes":[]},"align_mobile":"center","_animation":"fadeIn","_animation_delay":60},"elements":[],"isInner":false,"widgetType":"heading","elType":"widget"},{"id":"6d5f407e","settings":{"selected_icon":{"value":{"url":"https:\/\/tuscany.wprentals.org\/wp-content\/uploads\/2022\/01\/checked-person.svg","id":37750},"library":"svg"},"title_text":"Find a property","description_text":"Search for the right property by choosing the check-in and check-out dates and how many guests are coming with you. ","position":"left","primary_color":"#7B8562","icon_space":{"unit":"px","size":32,"sizes":[]},"title_color":"#222222","title_typography_typography":"custom","title_typography_font_family":"Roboto","title_typography_font_size":{"unit":"px","size":18,"sizes":[]},"title_typography_font_weight":"600","description_color":"#5D6475","description_typography_typography":"custom","description_typography_font_family":"Roboto","description_typography_font_size":{"unit":"px","size":17,"sizes":[]},"description_typography_font_weight":"400","_animation":"fadeIn","_animation_delay":70},"elements":[],"isInner":false,"widgetType":"icon-box","elType":"widget"},{"id":"2c283d2a","settings":{"selected_icon":{"value":{"url":"https:\/\/tuscany.wprentals.org\/wp-content\/uploads\/2022\/01\/checked.svg","id":37748},"library":"svg"},"title_text":"Book your dates","description_text":"Send a booking request and wait to confirm your booking.  Some properties can be booked instantly too.","position":"left","primary_color":"#7B8562","icon_space":{"unit":"px","size":32,"sizes":[]},"title_color":"#222222","title_typography_typography":"custom","title_typography_font_family":"Roboto","title_typography_font_size":{"unit":"px","size":18,"sizes":[]},"title_typography_font_weight":"600","description_color":"#5D6475","description_typography_typography":"custom","description_typography_font_family":"Roboto","description_typography_font_size":{"unit":"px","size":17,"sizes":[]},"description_typography_font_weight":"400","_animation":"fadeIn","_animation_delay":80},"elements":[],"isInner":false,"widgetType":"icon-box","elType":"widget"}],"isInner":true,"elType":"column"},{"id":"462197d5","settings":{"_column_size":50,"_inline_size":null,"background_background":"classic","background_color":"#FFFFFF","background_image":{"id":37740,"url":"https:\/\/tuscany.wprentals.org\/wp-content\/uploads\/2022\/01\/video.jpeg","alt":"","source":"library"},"background_position":"center center","background_repeat":"no-repeat","background_size":"cover","border_radius":{"unit":"px","top":"0","right":"10","bottom":"10","left":"0","isLinked":false},"content_position":"center","align":"center","padding_mobile":{"unit":"px","top":"100","right":"0","bottom":"100","left":"0","isLinked":false}},"elements":[{"id":"b9d05c1","settings":{"icon":{"value":{"url":"https:\/\/tuscany.wprentals.org\/wp-content\/uploads\/2022\/01\/play.svg","id":37566},"library":"svg"},"video_type":"youtube","video_id":"rKCepcmT_Bg","width":{"unit":"px","size":29,"sizes":[]},"icon_padding":{"unit":"px","top":"30","right":"30","bottom":"30","left":"30","isLinked":true},"unit_color":"#FFFFFFD9","unit_color_icon":"#7B8562","unit_color_hover":"#7B8562E0","unit_color_icon_hover":"#FFFFFF","button_border_width":{"unit":"px","top":"0","right":"0","bottom":"0","left":"0","isLinked":true},"button_border_radius":{"unit":"px","top":"100","right":"100","bottom":"100","left":"100","isLinked":true},"border_color_icon":"#FFFFFFD9","border_color_icon_hover":"#FFFFFF","_element_width":"auto"},"elements":[],"isInner":false,"widgetType":"WpRentals_Video_Player","elType":"widget"}],"isInner":true,"elType":"column"}],"isInner":true,"elType":"section"}],"isInner":false,"elType":"column"}],"isInner":false,"elType":"section"},{"id":"758c98ea","settings":[],"elements":[{"id":"eafd86b","settings":{"_column_size":100,"_inline_size":null},"elements":[{"id":"5f938cec","settings":{"content_width":{"unit":"px","size":610,"sizes":[]},"margin":{"unit":"px","top":"0","right":0,"bottom":"0","left":0,"isLinked":false},"padding":{"unit":"px","top":"120","right":"0","bottom":"30","left":"0","isLinked":false}},"elements":[{"id":"4d358f9e","settings":{"_column_size":100,"_inline_size":null,"space_between_widgets":10},"elements":[{"id":"6c0e258","settings":{"title":"Favorite places to rent","align":"center","title_color":"#222222","typography_typography":"custom","typography_font_family":"Roboto","typography_font_size":{"unit":"px","size":40,"sizes":[]},"typography_font_weight":"600","_margin":{"unit":"px","top":"0","right":"0","bottom":"12","left":"0","isLinked":false},"_animation":"fadeIn","_animation_delay":50},"elements":[],"isInner":false,"widgetType":"heading","elType":"widget"},{"id":"7c8d8de7","settings":{"title":"Check out the the most interesting properties from the most popular categories you can find for rent with our rentals website","header_size":"p","align":"center","title_color":"#5D6475","typography_typography":"custom","typography_font_family":"Roboto","typography_font_size":{"unit":"px","size":17,"sizes":[]},"typography_font_weight":"400","_padding":{"unit":"px","top":"0","right":"15","bottom":"0","left":"15","isLinked":false},"typography_line_height":{"unit":"em","size":1.5,"sizes":[]},"_animation":"fadeIn","_animation_delay":50},"elements":[],"isInner":false,"widgetType":"heading","elType":"widget"}],"isInner":true,"elType":"column"}],"isInner":true,"elType":"section"}],"isInner":false,"elType":"column"}],"isInner":false,"elType":"section"},{"id":"6554a500","settings":[],"elements":[{"id":"3bc4c7e5","settings":{"_column_size":100,"_inline_size":null},"elements":[{"id":"eea326f","settings":{"place_list":["2","3","4","10","11"],"place_per_row":"4","_animation":"fadeIn","_animation_delay":50},"elements":[],"isInner":false,"widgetType":"Wprentals_Categories_Slider","elType":"widget"}],"isInner":false,"elType":"column"}],"isInner":false,"elType":"section"},{"id":"694f0047","settings":{"layout":"full_width","custom_height":{"unit":"px","size":372,"sizes":[]},"stretch_section":"section-stretched","background_background":"gradient","background_color":"#F8F8F8","margin":{"unit":"px","top":"120","right":0,"bottom":"0","left":0,"isLinked":false},"padding":{"unit":"px","top":"0","right":"0","bottom":"0","left":"0","isLinked":false},"background_color_b":"#FBF8F8","background_gradient_angle":{"unit":"deg","size":190,"sizes":[]},"background_color_stop":{"unit":"%","size":19,"sizes":[]},"background_overlay_background":"classic","background_overlay_image":{"url":"https:\/\/tuscany.wprentals.org\/wp-content\/uploads\/2022\/01\/olive-e1641560308713.png","id":37347,"alt":"","source":"library"},"background_overlay_opacity":{"unit":"px","size":0.1000000000000000055511151231257827021181583404541015625,"sizes":[]},"background_overlay_position":"top right","background_overlay_repeat":"no-repeat","shape_divider_bottom":"waves","shape_divider_bottom_width":{"unit":"%","size":120,"sizes":[]},"shape_divider_bottom_height":{"unit":"px","size":100,"sizes":[]}},"elements":[{"id":"12a99a26","settings":{"_column_size":100,"_inline_size":null},"elements":[{"id":"2dabe415","settings":{"content_width":{"unit":"px","size":610,"sizes":[]},"margin":{"unit":"px","top":"0","right":0,"bottom":"0","left":0,"isLinked":false},"padding":{"unit":"px","top":"120","right":"0","bottom":"450","left":"0","isLinked":false}},"elements":[{"id":"360d4122","settings":{"_column_size":100,"_inline_size":null,"space_between_widgets":10},"elements":[{"id":"6b4f1bf3","settings":{"title":"Contact us today","align":"center","title_color":"#222222","typography_typography":"custom","typography_font_family":"Roboto","typography_font_size":{"unit":"px","size":40,"sizes":[]},"typography_font_weight":"600","_margin":{"unit":"px","top":"0","right":"0","bottom":"12","left":"0","isLinked":false},"_animation":"fadeIn","_animation_delay":50},"elements":[],"isInner":false,"widgetType":"heading","elType":"widget"},{"id":"2a5090c4","settings":{"title":"Tuscany Rentals is proud to offer assistance with everything you need to plan your next holiday to Italy hassle free","header_size":"p","align":"center","title_color":"#5D6475","typography_typography":"custom","typography_font_family":"Roboto","typography_font_size":{"unit":"px","size":17,"sizes":[]},"typography_font_weight":"400","_padding":{"unit":"px","top":"0","right":"15","bottom":"0","left":"15","isLinked":false},"typography_line_height":{"unit":"em","size":1.5,"sizes":[]},"_animation":"fadeIn","_animation_delay":50},"elements":[],"isInner":false,"widgetType":"heading","elType":"widget"}],"isInner":true,"elType":"column"}],"isInner":true,"elType":"section"}],"isInner":false,"elType":"column"}],"isInner":false,"elType":"section"},{"id":"151c67e2","settings":{"gap":"no","stretch_section":"section-stretched","background_background":"classic","background_overlay_background":"classic","background_overlay_attachment":"fixed","background_overlay_repeat":"no-repeat","background_overlay_size":"cover","background_overlay_opacity":{"unit":"px","size":0.0200000000000000004163336342344337026588618755340576171875,"sizes":[]},"margin":{"unit":"px","top":"-410","right":0,"bottom":"0","left":0,"isLinked":false}},"elements":[{"id":"4906a8e3","settings":{"_column_size":100,"_inline_size":null,"box_shadow_box_shadow_type":"yes","box_shadow_box_shadow":{"horizontal":0,"vertical":11,"blur":100,"spread":0,"color":"rgba(0, 0, 0, 0.07)"},"z_index":999,"border_radius":{"unit":"px","top":"10","right":"10","bottom":"10","left":"10","isLinked":true},"border_radius_mobile":{"unit":"px","top":"0","right":"0","bottom":"0","left":"0","isLinked":true}},"elements":[{"id":"612ed4b6","settings":{"gap":"no","structure":"20","margin":{"unit":"px","top":"0","right":0,"bottom":"0","left":0,"isLinked":false}},"elements":[{"id":"52227650","settings":{"_column_size":50,"_inline_size":null,"background_background":"classic","background_image":{"url":"","id":"","alt":"","source":"library"},"background_overlay_background":"classic","background_overlay_opacity":{"unit":"px","size":0.89000000000000001332267629550187848508358001708984375,"sizes":[]},"padding":{"unit":"px","top":"90","right":"70","bottom":"90","left":"70","isLinked":false},"space_between_widgets":30,"background_color":"#FFFFFF","border_radius":{"unit":"px","top":"10","right":"0","bottom":"0","left":"10","isLinked":false},"border_radius_mobile":{"unit":"px","top":"0","right":"0","bottom":"0","left":"0","isLinked":true},"padding_tablet":{"unit":"px","top":"70","right":"45","bottom":"70","left":"45","isLinked":false}},"elements":[{"id":"42d42374","settings":{"title":"Plan the best holiday with us","align":"left","title_color":"#222222","typography_typography":"custom","typography_font_family":"Roboto","typography_font_size":{"unit":"px","size":25,"sizes":[]},"typography_font_weight":"600","_margin":{"unit":"px","top":"0","right":"0","bottom":"0","left":"0","isLinked":false},"_animation":"fadeIn","_animation_delay":50,"align_mobile":"center"},"elements":[],"isInner":false,"widgetType":"heading","elType":"widget"},{"id":"4c062cb9","settings":{"title":"Get in touch with us to plan your next holiday to Tuscany. We answer prompty to all messages.","header_size":"p","align":"left","title_color":"#5D6475","typography_typography":"custom","typography_font_family":"Roboto","typography_font_size":{"unit":"px","size":17,"sizes":[]},"typography_font_weight":"400","_padding":{"unit":"px","top":"0","right":"0","bottom":"0","left":"0","isLinked":false},"typography_line_height":{"unit":"em","size":1.5,"sizes":[]},"align_mobile":"center","_animation":"fadeIn","_animation_delay":50},"elements":[],"isInner":false,"widgetType":"heading","elType":"widget"},{"id":"4f0906ed","settings":{"form_fields":[{"_id":"name","field_type":"name","field_label":"Name","placeholder":"Name","width":"50"},{"_id":"email","field_type":"email","required":"true","field_label":"Email","placeholder":"Email","width":"50"},{"_id":"booking_from_date","field_type":"booking_from_date","required":"true","field_label":"Check-in","placeholder":"Check-in","width":"50"},{"field_type":"booking_to_date","required":"true","field_label":"Check-out","placeholder":"Check-out","width":"50","_id":"4e0c27c"},{"_id":"message","field_type":"message","field_label":"Message","placeholder":"Message"}],"gdpr_text":"I consent to the GDPR Terms","submit_button_text":"Send Email","email_subject":"New email from &quot;WpRentals booking theme demo&quot; ","submit_button_background_color":"#7B8562","submit_button_background_hover_color":"#595F4C","_animation":"fadeIn","_animation_delay":50,"wpersidence_form_row_gap_tablet":{"unit":"px","size":0,"sizes":[]},"wpersidence_form_row_gap":{"unit":"px","size":5,"sizes":[]},"wpresidence_form_label_typography_typography":"custom","wpresidence_form_label_typography_font_family":"Roboto","wpresidence_form_label_typography_font_size":{"unit":"px","size":14,"sizes":[]},"wpresidence_form_label_typography_font_weight":"400","wpresidence_field_text_color":"#5D6475","wpresidence_field_typography_typography":"custom","wpresidence_field_typography_font_family":"Roboto","wpresidence_field_typography_font_size":{"unit":"px","size":14,"sizes":[]},"wpresidence_field_typography_font_weight":"400"},"elements":[],"isInner":false,"widgetType":"WpRentals_Contact_Form_Builder","elType":"widget"}],"isInner":true,"elType":"column"},{"id":"20b0e337","settings":{"_column_size":50,"_inline_size":null,"background_background":"classic","background_color":"#FFFFFF","background_image":{"id":37603,"url":"https:\/\/tuscany.wprentals.org\/wp-content\/uploads\/2022\/01\/italy_house_outdoor.jpeg","alt":"","source":"library"},"background_position":"center center","background_repeat":"no-repeat","background_size":"cover","border_radius":{"unit":"px","top":"0","right":"10","bottom":"10","left":"0","isLinked":false},"content_position":"center","align":"center","padding_mobile":{"unit":"px","top":"200","right":"0","bottom":"200","left":"0","isLinked":false}},"elements":[{"id":"328c543a","settings":{"title":""},"elements":[],"isInner":false,"widgetType":"heading","elType":"widget"}],"isInner":true,"elType":"column"}],"isInner":true,"elType":"section"}],"isInner":false,"elType":"column"}],"isInner":false,"elType":"section"},{"id":"600aebff","settings":[],"elements":[{"id":"410829a2","settings":{"_column_size":100,"_inline_size":null},"elements":[{"id":"2176c17a","settings":{"content_width":{"unit":"px","size":610,"sizes":[]},"margin":{"unit":"px","top":"0","right":0,"bottom":"0","left":0,"isLinked":false},"padding":{"unit":"px","top":"120","right":"0","bottom":"0","left":"0","isLinked":false}},"elements":[{"id":"47c30a6f","settings":{"_column_size":100,"_inline_size":null,"space_between_widgets":10},"elements":[{"id":"69e16d30","settings":{"title":"Testimonials","align":"center","title_color":"#222222","typography_typography":"custom","typography_font_family":"Roboto","typography_font_size":{"unit":"px","size":40,"sizes":[]},"typography_font_weight":"600","_margin":{"unit":"px","top":"0","right":"0","bottom":"12","left":"0","isLinked":false},"_animation":"fadeIn","_animation_delay":50},"elements":[],"isInner":false,"widgetType":"heading","elType":"widget"},{"id":"60d18511","settings":{"title":"We are committed to making our clients happy with our services. Clients reviews stand as proof for the quality of service we offer daily.","header_size":"p","align":"center","title_color":"#5D6475","typography_typography":"custom","typography_font_family":"Roboto","typography_font_size":{"unit":"px","size":17,"sizes":[]},"typography_font_weight":"400","_padding":{"unit":"px","top":"0","right":"15","bottom":"0","left":"15","isLinked":false},"typography_line_height":{"unit":"em","size":1.5,"sizes":[]},"_animation":"fadeIn","_animation_delay":50},"elements":[],"isInner":false,"widgetType":"heading","elType":"widget"}],"isInner":true,"elType":"column"}],"isInner":true,"elType":"section"}],"isInner":false,"elType":"column"}],"isInner":false,"elType":"section"},{"id":"22633378","settings":{"stretch_section":"section-stretched","background_background":"classic","background_color":"#CFB7B700","shape_divider_top_width":{"unit":"%","size":100,"sizes":[]},"shape_divider_top_height":{"unit":"px","size":238,"sizes":[]},"shape_divider_bottom_width":{"unit":"%","size":100,"sizes":[]},"padding":{"unit":"px","top":"0","right":"0","bottom":"0","left":"0","isLinked":false},"padding_tablet":{"unit":"px","top":"0","right":"20","bottom":"0","left":"20","isLinked":false},"background_image":{"url":"","id":"","alt":"","source":"library"},"background_overlay_background":"classic","background_overlay_image":{"url":"","id":"","alt":"","source":"library"},"margin":{"unit":"px","top":"45","right":0,"bottom":"0","left":0,"isLinked":false},"background_overlay_position":"bottom left","background_overlay_repeat":"no-repeat","background_overlay_opacity":{"unit":"px","size":0.200000000000000011102230246251565404236316680908203125,"sizes":[]}},"elements":[{"id":"37cc6bc1","settings":{"_column_size":100,"_inline_size":null,"animation":"fadeIn","animation_delay":100},"elements":[{"id":"13ebc8d","settings":{"list":[{"testimonial_title":"A perfect home!","testimonial_text":"<p>The place is really impressive. I am in love with it, it is wonderful villa, wonderful beach and pool area.<\/p>","_id":"fb547f3","testimonial_job":"from Portugal","testimonial_stars":"5","testimonial_name":"Anna Simmons","testimonial_image":{"url":"https:\/\/tuscany.wprentals.org\/wp-content\/uploads\/2022\/01\/slide1.jpeg","id":37596,"alt":"","source":"library"}},{"testimonial_title":"Hassle free holiday!","testimonial_text":"<p>Excellent experience. We appreciated the kindness of the owner. We will do it again very soon for sure!<\/p>","testimonial_job":"from Spain","testimonial_stars":"5","testimonial_name":"Donna Gilmore","testimonial_image":{"url":"https:\/\/tuscany.wprentals.org\/wp-content\/uploads\/2022\/01\/testimonial_slider2-e1641906256343.jpeg","id":37754,"alt":"","source":"library"},"_id":"5bbd4ce"},{"testimonial_title":"Lovely house!","testimonial_text":"<p>Absolutely loved this place, wonderful villa, wonderful beach and pool area. The place is really impressive.\u00a0<\/p>","testimonial_job":"from Portugal","testimonial_stars":"5","testimonial_name":"Jane Simon","testimonial_image":{"url":"https:\/\/tuscany.wprentals.org\/wp-content\/uploads\/2022\/01\/woman-e1641906455622.jpeg","id":37760,"alt":"","source":"library"},"_id":"a4c88d7"}],"testimonial_content_typography":"custom","testimonial_content_font_family":"Roboto","testimonial_content_font_size":{"unit":"px","size":17,"sizes":[]},"testimonial_content_font_weight":"400","testimonial_postion_typography":"custom","testimonial_postion_font_family":"Roboto","testimonial_postion_font_size":{"unit":"px","size":15,"sizes":[]},"testimonial_postion_font_weight":"400","testimonial_postion_line_height":{"unit":"em","size":1.899999999999999911182158029987476766109466552734375,"sizes":[]},"content_color":"#5D6475","name_color":"#7B8562","item_testimonial_job":"#CACEC0","arrow_color":"#FFFFFF","arrow_bck_color":"#7B8562","arrow_color_hover":"#7B8562","arrow_bck_color_hover":"#FFFFFF","bullet_color":"#CACEC0","bullet_color_active":"#7B8562","_animation":"fadeIn","_animation_delay":50,"arrow_border_radius":{"unit":"px","top":"100","right":"100","bottom":"100","left":"100","isLinked":true}},"elements":[],"isInner":false,"widgetType":"WpRentals_Testimonial_Slider","elType":"widget"}],"isInner":false,"elType":"column"}],"isInner":false,"elType":"section"},{"id":"2d4991c9","settings":{"layout":"full_width","custom_height":{"unit":"px","size":104,"sizes":[]},"stretch_section":"section-stretched","background_background":"gradient","background_color":"#F8F8F8","margin":{"unit":"px","top":"120","right":0,"bottom":"0","left":0,"isLinked":false},"padding":{"unit":"px","top":"0","right":"0","bottom":"0","left":"0","isLinked":false},"background_color_b":"#FBF8F8","background_gradient_angle":{"unit":"deg","size":190,"sizes":[]},"background_color_stop":{"unit":"%","size":19,"sizes":[]},"background_overlay_background":"classic","background_overlay_image":{"url":"","id":"","alt":"","source":"library"},"background_overlay_opacity":{"unit":"px","size":0.0200000000000000004163336342344337026588618755340576171875,"sizes":[]},"background_overlay_position":"bottom left","background_overlay_repeat":"no-repeat","shape_divider_bottom_width":{"unit":"%","size":200,"sizes":[]},"height":"min-height","shape_divider_top":"waves","shape_divider_top_width":{"unit":"%","size":120,"sizes":[]},"shape_divider_top_height":{"unit":"px","size":100,"sizes":[]},"shape_divider_bottom_height":{"unit":"px","size":130,"sizes":[]}},"elements":[{"id":"5e65834a","settings":{"_column_size":100,"_inline_size":null},"elements":[],"isInner":false,"elType":"column"}],"isInner":false,"elType":"section"}],"page_settings":[],"version":"0.4","title":"Tuscany Homepage","type":"page"}